capture,window,baseline,can_id,bit,transitions,inside,outside,motion_hits,hit_labels
左前物理按钮,左前,False,0x545,B1.b1,108,88,20,3,手动下降/自动上升/自动下降
左前物理按钮,左前,False,0x545,B1.b2,134,100,34,4,手动上升/手动下降/自动上升/自动下降
左前物理按钮,左前,False,0x545,B2.b6,0,0,0,0,
左前物理按钮,左前,False,0x545,B2.b7,0,0,0,0,
左前物理按钮,左前,False,0x2C2,B1.b2,86,68,18,4,手动上升/手动下降/自动上升/自动下降
左前物理按钮,左前,False,0x2C2,B2.b2,46,40,6,3,手动下降/自动上升/自动下降
左前物理按钮,左前,False,0x2C2,B2.b4,100,76,24,4,手动上升/手动下降/自动上升/自动下降
左前物理按钮,左前,False,0x2C3,B1.b2,0,0,0,0,
左前物理按钮,左前,False,0x2C3,B2.b2,0,0,0,0,
左前物理按钮,左前,False,0x2C3,B2.b4,0,0,0,0,
左前物理按钮,左前,False,0x2C3,B4.b2,0,0,0,0,
左前物理按钮,左前,False,0x2C3,B5.b2,0,0,0,0,
左前物理按钮,左前,False,0x2C3,B5.b3,0,0,0,0,
左前物理按钮,左前,False,0x2C3,B5.b4,0,0,0,0,
左前物理按钮,左前,False,0x2C3,B5.b5,0,0,0,0,
左前物理按钮,左前,False,0x2C3,B5.b6,0,0,0,0,
左前物理按钮,左前,False,0x2C3,B6.b0,0,0,0,0,
左前物理按钮,左前,False,0x2C3,B6.b3,0,0,0,0,
左前物理按钮,左前,False,0x2C3,B7.b0,0,0,0,0,
左前物理按钮,左前,False,0x1FA,B0.b5,2,0,2,0,
右前物理按钮,右前,False,0x545,B1.b1,0,0,0,0,
右前物理按钮,右前,False,0x545,B1.b2,0,0,0,0,
右前物理按钮,右前,False,0x545,B2.b6,84,84,0,4,手动上升/手动下降/自动上升/自动下降
右前物理按钮,右前,False,0x545,B2.b7,90,90,0,4,手动上升/手动下降/自动上升/自动下降
右前物理按钮,右前,False,0x2C2,B1.b2,0,0,0,0,
右前物理按钮,右前,False,0x2C2,B2.b2,0,0,0,0,
右前物理按钮,右前,False,0x2C2,B2.b4,0,0,0,0,
右前物理按钮,右前,False,0x2C3,B1.b2,78,78,0,4,手动上升/手动下降/自动上升/自动下降
右前物理按钮,右前,False,0x2C3,B2.b2,40,40,0,3,手动下降/自动上升/自动下降
右前物理按钮,右前,False,0x2C3,B2.b4,72,72,0,4,手动上升/手动下降/自动上升/自动下降
右前物理按钮,右前,False,0x2C3,B4.b2,0,0,0,0,
右前物理按钮,右前,False,0x2C3,B5.b2,0,0,0,0,
右前物理按钮,右前,False,0x2C3,B5.b3,0,0,0,0,
右前物理按钮,右前,False,0x2C3,B5.b4,0,0,0,0,
右前物理按钮,右前,False,0x2C3,B5.b5,0,0,0,0,
右前物理按钮,右前,False,0x2C3,B5.b6,0,0,0,0,
右前物理按钮,右前,False,0x2C3,B6.b0,0,0,0,0,
右前物理按钮,右前,False,0x2C3,B6.b3,182,82,100,2,自动上升/自动下降
右前物理按钮,右前,False,0x2C3,B7.b0,0,0,0,0,
右前物理按钮,右前,False,0x1FA,B0.b5,4,4,0,4,手动上升/手动下降/自动上升/自动下降
右后物理按钮,右后,False,0x545,B1.b1,0,0,0,0,
右后物理按钮,右后,False,0x545,B1.b2,0,0,0,0,
右后物理按钮,右后,False,0x545,B2.b6,48,48,0,4,手动上升/手动下降/自动上升/自动下降
右后物理按钮,右后,False,0x545,B2.b7,52,52,0,3,手动上升/自动上升/自动下降
右后物理按钮,右后,False,0x2C2,B1.b2,0,0,0,0,
右后物理按钮,右后,False,0x2C2,B2.b2,0,0,0,0,
右后物理按钮,右后,False,0x2C2,B2.b4,0,0,0,0,
右后物理按钮,右后,False,0x2C3,B1.b2,0,0,0,0,
右后物理按钮,右后,False,0x2C3,B2.b2,202,120,82,3,手动上升/自动上升/自动下降
右后物理按钮,右后,False,0x2C3,B2.b4,46,28,18,1,自动上升
右后物理按钮,右后,False,0x2C3,B4.b2,56,56,0,4,手动上升/手动下降/自动上升/自动下降
右后物理按钮,右后,False,0x2C3,B5.b2,42,42,0,4,手动上升/手动下降/自动上升/自动下降
右后物理按钮,右后,False,0x2C3,B5.b3,22,22,0,4,手动上升/手动下降/自动上升/自动下降
右后物理按钮,右后,False,0x2C3,B5.b4,42,42,0,4,手动上升/手动下降/自动上升/自动下降
右后物理按钮,右后,False,0x2C3,B5.b5,30,30,0,4,手动上升/手动下降/自动上升/自动下降
右后物理按钮,右后,False,0x2C3,B5.b6,66,66,0,4,手动上升/手动下降/自动上升/自动下降
右后物理按钮,右后,False,0x2C3,B6.b0,32,32,0,4,手动上升/手动下降/自动上升/自动下降
右后物理按钮,右后,False,0x2C3,B6.b3,54,54,0,4,手动上升/手动下降/自动上升/自动下降
右后物理按钮,右后,False,0x2C3,B7.b0,20,20,0,4,手动上升/手动下降/自动上升/自动下降
右后物理按钮,右后,False,0x1FA,B0.b5,4,4,0,4,手动上升/手动下降/自动上升/自动下降
左后物理按钮,左后,False,0x545,B1.b1,56,56,0,3,手动上升/自动上升/自动下降
左后物理按钮,左后,False,0x545,B1.b2,86,86,0,4,手动上升/手动下降/自动上升/自动下降
左后物理按钮,左后,False,0x545,B2.b6,0,0,0,0,
左后物理按钮,左后,False,0x545,B2.b7,0,0,0,0,
左后物理按钮,左后,False,0x2C2,B1.b2,0,0,0,0,
左后物理按钮,左后,False,0x2C2,B2.b2,198,112,86,3,手动上升/自动上升/自动下降
左后物理按钮,左后,False,0x2C2,B2.b4,44,24,20,1,自动上升
左后物理按钮,左后,False,0x2C3,B1.b2,0,0,0,0,
左后物理按钮,左后,False,0x2C3,B2.b2,0,0,0,0,
左后物理按钮,左后,False,0x2C3,B2.b4,0,0,0,0,
左后物理按钮,左后,False,0x2C3,B4.b2,0,0,0,0,
左后物理按钮,左后,False,0x2C3,B5.b2,0,0,0,0,
左后物理按钮,左后,False,0x2C3,B5.b3,0,0,0,0,
左后物理按钮,左后,False,0x2C3,B5.b4,0,0,0,0,
左后物理按钮,左后,False,0x2C3,B5.b5,0,0,0,0,
左后物理按钮,左后,False,0x2C3,B5.b6,0,0,0,0,
左后物理按钮,左后,False,0x2C3,B6.b0,0,0,0,0,
左后物理按钮,左后,False,0x2C3,B6.b3,0,0,0,0,
左后物理按钮,左后,False,0x2C3,B7.b0,0,0,0,0,
左后物理按钮,左后,False,0x1FA,B0.b5,4,4,0,4,手动上升/手动下降/自动上升/自动下降
整车无操作基线,无,True,0x545,B1.b1,0,0,0,0,
整车无操作基线,无,True,0x545,B1.b2,0,0,0,0,
整车无操作基线,无,True,0x545,B2.b6,0,0,0,0,
整车无操作基线,无,True,0x545,B2.b7,0,0,0,0,
整车无操作基线,无,True,0x2C2,B1.b2,0,0,0,0,
整车无操作基线,无,True,0x2C2,B2.b2,0,0,0,0,
整车无操作基线,无,True,0x2C2,B2.b4,0,0,0,0,
整车无操作基线,无,True,0x2C3,B1.b2,0,0,0,0,
整车无操作基线,无,True,0x2C3,B2.b2,0,0,0,0,
整车无操作基线,无,True,0x2C3,B2.b4,0,0,0,0,
整车无操作基线,无,True,0x2C3,B4.b2,0,0,0,0,
整车无操作基线,无,True,0x2C3,B5.b2,0,0,0,0,
整车无操作基线,无,True,0x2C3,B5.b3,0,0,0,0,
整车无操作基线,无,True,0x2C3,B5.b4,0,0,0,0,
整车无操作基线,无,True,0x2C3,B5.b5,0,0,0,0,
整车无操作基线,无,True,0x2C3,B5.b6,0,0,0,0,
整车无操作基线,无,True,0x2C3,B6.b0,0,0,0,0,
整车无操作基线,无,True,0x2C3,B6.b3,0,0,0,0,
整车无操作基线,无,True,0x2C3,B7.b0,0,0,0,0,
整车无操作基线,无,True,0x1FA,B0.b5,0,0,0,0,
