rank,score,can_id,message,signal,unit,step_time_s,step,matched,change_time_s,offset_s,before,after
1,13.921,0x401,BMS_brickVoltages,BMS_brick5,V,20.000,打开驾驶门,yes,19.441200,-0.558800,3.2845,3.2844
1,13.921,0x401,BMS_brickVoltages,BMS_brick5,V,30.000,坐入驾驶位并关闭驾驶门,yes,30.441200,+0.441200,3.2844,3.2843
1,13.921,0x401,BMS_brickVoltages,BMS_brick5,V,40.000,踩下制动踏板5秒,yes,40.441900,+0.441900,3.2843,3.284
1,13.921,0x401,BMS_brickVoltages,BMS_brick5,V,45.000,松开制动踏板,yes,45.442200,+0.442200,3.284,3.2841
2,13.917,0x401,BMS_brickVoltages,BMS_brick102,V,20.000,打开驾驶门,yes,20.101000,+0.101000,3.285,3.2851
2,13.917,0x401,BMS_brickVoltages,BMS_brick102,V,30.000,坐入驾驶位并关闭驾驶门,yes,30.101200,+0.101200,3.285,3.2849
2,13.917,0x401,BMS_brickVoltages,BMS_brick102,V,40.000,踩下制动踏板5秒,yes,40.101500,+0.101500,3.285,3.2849
2,13.917,0x401,BMS_brickVoltages,BMS_brick102,V,45.000,松开制动踏板,yes,44.101500,-0.898500,3.2847,3.2846
3,13.909,0x75D,CP_sensorData,CP_doorI,A,20.000,打开驾驶门,yes,20.087000,+0.087000,2.35,1.07
3,13.909,0x75D,CP_sensorData,CP_doorI,A,30.000,坐入驾驶位并关闭驾驶门,yes,29.887700,-0.112300,4.27,1.07
3,13.909,0x75D,CP_sensorData,CP_doorI,A,40.000,踩下制动踏板5秒,yes,41.092200,+1.092200,6.83,1.07
3,13.909,0x75D,CP_sensorData,CP_doorI,A,45.000,松开制动踏板,yes,45.289600,+0.289600,2.99,9.39
4,13.864,0x401,BMS_brickVoltages,BMS_brick81,V,20.000,打开驾驶门,yes,20.961800,+0.961800,3.284,3.2839
4,13.864,0x401,BMS_brickVoltages,BMS_brick81,V,30.000,坐入驾驶位并关闭驾驶门,yes,29.962100,-0.037900,3.2839,3.284
4,13.864,0x401,BMS_brickVoltages,BMS_brick81,V,40.000,踩下制动踏板5秒,yes,40.962400,+0.962400,3.2839,3.2835
4,13.864,0x401,BMS_brickVoltages,BMS_brick81,V,45.000,松开制动踏板,yes,44.962500,-0.037500,3.2837,3.2836
5,13.822,0x2F1,VCFRONT_eFuseDebugStatus,VCFRONT_headlampLeftCurrent,A,20.000,打开驾驶门,yes,20.345100,+0.345100,0,0.6
5,13.822,0x2F1,VCFRONT_eFuseDebugStatus,VCFRONT_headlampLeftCurrent,A,30.000,坐入驾驶位并关闭驾驶门,yes,29.845700,-0.154300,0.8,0.6
5,13.822,0x2F1,VCFRONT_eFuseDebugStatus,VCFRONT_headlampLeftCurrent,A,40.000,踩下制动踏板5秒,yes,39.346300,-0.653700,0.7,0.6
5,13.822,0x2F1,VCFRONT_eFuseDebugStatus,VCFRONT_headlampLeftCurrent,A,45.000,松开制动踏板,yes,45.047100,+0.047100,12,11.9
6,13.784,0x401,BMS_brickVoltages,BMS_brick37,V,20.000,打开驾驶门,yes,19.661500,-0.338500,3.2841,3.284
6,13.784,0x401,BMS_brickVoltages,BMS_brick37,V,30.000,坐入驾驶位并关闭驾驶门,yes,30.662100,+0.662100,3.2839,3.284
6,13.784,0x401,BMS_brickVoltages,BMS_brick37,V,40.000,踩下制动踏板5秒,yes,39.662300,-0.337700,3.2839,3.284
6,13.784,0x401,BMS_brickVoltages,BMS_brick37,V,45.000,松开制动踏板,yes,44.662000,-0.338000,3.2835,3.2836
7,13.777,0x38D,TAS_warningMatrix3,TAS_w140_shortCircuitRR,,20.000,打开驾驶门,yes,20.292600,+0.292600,0,1
7,13.777,0x38D,TAS_warningMatrix3,TAS_w140_shortCircuitRR,,30.000,坐入驾驶位并关闭驾驶门,yes,30.293000,+0.293000,1,0
7,13.777,0x38D,TAS_warningMatrix3,TAS_w140_shortCircuitRR,,40.000,踩下制动踏板5秒,yes,41.293300,+1.293300,1,0
7,13.777,0x38D,TAS_warningMatrix3,TAS_w140_shortCircuitRR,,45.000,松开制动踏板,yes,45.293700,+0.293700,1,0
8,13.721,0x75D,CP_sensorData,CP_doorLastRequestMaxI,A,20.000,打开驾驶门,yes,18.686900,-1.313100,2.5775,5.1375
8,13.721,0x75D,CP_sensorData,CP_doorLastRequestMaxI,A,30.000,坐入驾驶位并关闭驾驶门,yes,29.887700,-0.112300,0.0175,7.6975
8,13.721,0x75D,CP_sensorData,CP_doorLastRequestMaxI,A,40.000,踩下制动踏板5秒,yes,39.690800,-0.309200,0.015,2.575
8,13.721,0x75D,CP_sensorData,CP_doorLastRequestMaxI,A,45.000,松开制动踏板,yes,45.289600,+0.289600,0.015,7.695
9,13.669,0x75D,CP_sensorData,CP_doorPot,%,20.000,打开驾驶门,yes,21.487100,+1.487100,82.525,74.125
9,13.669,0x75D,CP_sensorData,CP_doorPot,%,30.000,坐入驾驶位并关闭驾驶门,yes,29.887700,-0.112300,81.325,73.725
9,13.669,0x75D,CP_sensorData,CP_doorPot,%,40.000,踩下制动踏板5秒,yes,39.690800,-0.309200,70.925,82.525
9,13.669,0x75D,CP_sensorData,CP_doorPot,%,45.000,松开制动踏板,yes,45.289600,+0.289600,82.525,74.525
10,13.573,0x2F1,VCFRONT_eFuseDebugStatus,VCFRONT_headlampRightCurrent,A,20.000,打开驾驶门,yes,20.345100,+0.345100,0,0.6
10,13.573,0x2F1,VCFRONT_eFuseDebugStatus,VCFRONT_headlampRightCurrent,A,30.000,坐入驾驶位并关闭驾驶门,yes,29.845700,-0.154300,0.9,0.8
10,13.573,0x2F1,VCFRONT_eFuseDebugStatus,VCFRONT_headlampRightCurrent,A,40.000,踩下制动踏板5秒,yes,39.346300,-0.653700,0.6,0.7
10,13.573,0x2F1,VCFRONT_eFuseDebugStatus,VCFRONT_headlampRightCurrent,A,45.000,松开制动踏板,yes,45.047100,+0.047100,9.2,9.1
11,13.422,0x401,BMS_brickVoltages,BMS_brick17,V,20.000,打开驾驶门,yes,20.521100,+0.521100,3.2843,3.2842
11,13.422,0x401,BMS_brickVoltages,BMS_brick17,V,30.000,坐入驾驶位并关闭驾驶门,yes,29.521300,-0.478700,3.2842,3.2841
11,13.422,0x401,BMS_brickVoltages,BMS_brick17,V,40.000,踩下制动踏板5秒,yes,40.521500,+0.521500,3.2841,3.2838
11,13.422,0x401,BMS_brickVoltages,BMS_brick17,V,45.000,松开制动踏板,yes,44.521600,-0.478400,3.2838,3.2839
12,13.422,0x401,BMS_brickVoltages,BMS_brick2,V,20.000,打开驾驶门,yes,19.422400,-0.577600,3.2846,3.2845
12,13.422,0x401,BMS_brickVoltages,BMS_brick2,V,30.000,坐入驾驶位并关闭驾驶门,yes,29.422300,-0.577700,3.2844,3.2845
12,13.422,0x401,BMS_brickVoltages,BMS_brick2,V,40.000,踩下制动踏板5秒,yes,40.422600,+0.422600,3.2845,3.2841
12,13.422,0x401,BMS_brickVoltages,BMS_brick2,V,45.000,松开制动踏板,yes,45.422700,+0.422700,3.2841,3.2842
13,13.421,0x401,BMS_brickVoltages,BMS_brick62,V,20.000,打开驾驶门,yes,19.821300,-0.178700,3.2844,3.2845
13,13.421,0x401,BMS_brickVoltages,BMS_brick62,V,30.000,坐入驾驶位并关闭驾驶门,yes,29.821500,-0.178500,3.2843,3.2844
13,13.421,0x401,BMS_brickVoltages,BMS_brick62,V,40.000,踩下制动踏板5秒,yes,40.822000,+0.822000,3.2844,3.2839
13,13.421,0x401,BMS_brickVoltages,BMS_brick62,V,45.000,松开制动踏板,yes,45.822100,+0.822100,3.284,3.2841
14,13.380,0x38D,TAS_warningMatrix3,TAS_w137_shortCircuitFL,,20.000,打开驾驶门,yes,20.292600,+0.292600,0,1
14,13.380,0x38D,TAS_warningMatrix3,TAS_w137_shortCircuitFL,,30.000,坐入驾驶位并关闭驾驶门,yes,30.293000,+0.293000,0,1
14,13.380,0x38D,TAS_warningMatrix3,TAS_w137_shortCircuitFL,,40.000,踩下制动踏板5秒,yes,40.293500,+0.293500,0,1
14,13.380,0x38D,TAS_warningMatrix3,TAS_w137_shortCircuitFL,,45.000,松开制动踏板,yes,45.293700,+0.293700,1,0
15,13.303,0x401,BMS_brickVoltages,BMS_brick100,V,20.000,打开驾驶门,yes,20.081700,+0.081700,3.2841,3.284
15,13.303,0x401,BMS_brickVoltages,BMS_brick100,V,30.000,坐入驾驶位并关闭驾驶门,yes,30.082100,+0.082100,3.284,3.2839
15,13.303,0x401,BMS_brickVoltages,BMS_brick100,V,40.000,踩下制动踏板5秒,yes,41.082300,+1.082300,3.284,3.2836
15,13.303,0x401,BMS_brickVoltages,BMS_brick100,V,45.000,松开制动踏板,yes,45.082100,+0.082100,3.2837,3.2836
16,13.225,0x2F1,VCFRONT_eFuseDebugStatus,VCFRONT_leftControllerCurrent,A,20.000,打开驾驶门,yes,19.245100,-0.754900,1.2,1
16,13.225,0x2F1,VCFRONT_eFuseDebugStatus,VCFRONT_leftControllerCurrent,A,30.000,坐入驾驶位并关闭驾驶门,yes,30.645800,+0.645800,1.2,1.5
16,13.225,0x2F1,VCFRONT_eFuseDebugStatus,VCFRONT_leftControllerCurrent,A,40.000,踩下制动踏板5秒,yes,40.147000,+0.147000,1.2,2.9
16,13.225,0x2F1,VCFRONT_eFuseDebugStatus,VCFRONT_leftControllerCurrent,A,45.000,松开制动踏板,yes,45.847100,+0.847100,3.2,1.7
17,13.217,0x4E2,VCLEFT_seatStatus,VCLEFT_lumbarBPressureHpa,,20.000,打开驾驶门,yes,21.265200,+1.265200,28677,28678
17,13.217,0x4E2,VCLEFT_seatStatus,VCLEFT_lumbarBPressureHpa,,30.000,坐入驾驶位并关闭驾驶门,yes,30.065800,+0.065800,49165,49164
17,13.217,0x4E2,VCLEFT_seatStatus,VCLEFT_lumbarBPressureHpa,,40.000,踩下制动踏板5秒,yes,40.467100,+0.467100,49164,59408
17,13.217,0x4E2,VCLEFT_seatStatus,VCLEFT_lumbarBPressureHpa,,45.000,松开制动踏板,yes,45.267800,+0.267800,59407,49164
18,13.207,0x4E2,VCLEFT_seatStatus,VCLEFT_lumbarAPressureHpa,,20.000,打开驾驶门,yes,21.265200,+1.265200,33152,384
18,13.207,0x4E2,VCLEFT_seatStatus,VCLEFT_lumbarAPressureHpa,,30.000,坐入驾驶位并关闭驾驶门,yes,30.065800,+0.065800,384,33152
18,13.207,0x4E2,VCLEFT_seatStatus,VCLEFT_lumbarAPressureHpa,,40.000,踩下制动踏板5秒,yes,39.666400,-0.333600,384,33152
18,13.207,0x4E2,VCLEFT_seatStatus,VCLEFT_lumbarAPressureHpa,,45.000,松开制动踏板,yes,45.267800,+0.267800,33472,544
19,13.194,0x401,BMS_brickVoltages,BMS_brick15,V,20.000,打开驾驶门,yes,19.521000,-0.479000,3.284,3.2839
19,13.194,0x401,BMS_brickVoltages,BMS_brick15,V,30.000,坐入驾驶位并关闭驾驶门,yes,30.521300,+0.521300,3.2838,3.2839
19,13.194,0x401,BMS_brickVoltages,BMS_brick15,V,40.000,踩下制动踏板5秒,yes,39.521900,-0.478100,3.2839,3.2838
19,13.194,0x401,BMS_brickVoltages,BMS_brick15,V,45.000,松开制动踏板,yes,44.521600,-0.478400,3.2835,3.2836
20,13.194,0x401,BMS_brickVoltages,BMS_brick92,V,20.000,打开驾驶门,yes,20.021500,+0.021500,3.2846,3.2847
20,13.194,0x401,BMS_brickVoltages,BMS_brick92,V,30.000,坐入驾驶位并关闭驾驶门,yes,30.021800,+0.021800,3.2846,3.2845
20,13.194,0x401,BMS_brickVoltages,BMS_brick92,V,40.000,踩下制动踏板5秒,yes,41.022200,+1.022200,3.2845,3.2841
20,13.194,0x401,BMS_brickVoltages,BMS_brick92,V,45.000,松开制动踏板,yes,45.022300,+0.022300,3.2841,3.2842
21,13.188,0x332,BMS_bmbMinMax,BMS_brickNumVoltageMax,,20.000,打开驾驶门,yes,20.412000,+0.412000,78,103
21,13.188,0x332,BMS_bmbMinMax,BMS_brickNumVoltageMax,,30.000,坐入驾驶位并关闭驾驶门,yes,30.412200,+0.412200,103,105
21,13.188,0x332,BMS_bmbMinMax,BMS_brickNumVoltageMax,,40.000,踩下制动踏板5秒,yes,40.412500,+0.412500,103,9
21,13.188,0x332,BMS_bmbMinMax,BMS_brickNumVoltageMax,,45.000,松开制动踏板,yes,44.412500,-0.587500,103,105
22,13.175,0x401,BMS_brickVoltages,BMS_brick13,V,20.000,打开驾驶门,yes,19.501000,-0.499000,3.2847,3.2846
22,13.175,0x401,BMS_brickVoltages,BMS_brick13,V,30.000,坐入驾驶位并关闭驾驶门,yes,29.501200,-0.498800,3.2845,3.2846
22,13.175,0x401,BMS_brickVoltages,BMS_brick13,V,40.000,踩下制动踏板5秒,yes,39.501400,-0.498600,3.2845,3.2846
22,13.175,0x401,BMS_brickVoltages,BMS_brick13,V,45.000,松开制动踏板,yes,44.501600,-0.498400,3.2843,3.2842
23,13.165,0x401,BMS_brickVoltages,BMS_brick51,V,20.000,打开驾驶门,yes,21.761500,+1.761500,3.2845,3.2844
23,13.165,0x401,BMS_brickVoltages,BMS_brick51,V,30.000,坐入驾驶位并关闭驾驶门,yes,29.762000,-0.238000,3.2843,3.2844
23,13.165,0x401,BMS_brickVoltages,BMS_brick51,V,40.000,踩下制动踏板5秒,yes,40.761700,+0.761700,3.2844,3.2839
23,13.165,0x401,BMS_brickVoltages,BMS_brick51,V,45.000,松开制动踏板,yes,43.761900,-1.238100,3.284,3.2841
24,13.123,0x401,BMS_brickVoltages,BMS_brick53,V,20.000,打开驾驶门,yes,20.762200,+0.762200,3.2832,3.2833
24,13.123,0x401,BMS_brickVoltages,BMS_brick53,V,30.000,坐入驾驶位并关闭驾驶门,yes,31.761800,+1.761800,3.2832,3.2833
24,13.123,0x401,BMS_brickVoltages,BMS_brick53,V,40.000,踩下制动踏板5秒,yes,39.761700,-0.238300,3.2833,3.2832
24,13.123,0x401,BMS_brickVoltages,BMS_brick53,V,45.000,松开制动踏板,yes,44.762500,-0.237500,3.2828,3.2829
25,13.060,0x2F1,VCFRONT_eFuseDebugStatus,VCFRONT_EPAS3PTemp,degC,20.000,打开驾驶门,yes,19.545100,-0.454900,37.75,37.625
25,13.060,0x2F1,VCFRONT_eFuseDebugStatus,VCFRONT_EPAS3PTemp,degC,30.000,坐入驾驶位并关闭驾驶门,yes,30.945800,+0.945800,37.625,37.75
25,13.060,0x2F1,VCFRONT_eFuseDebugStatus,VCFRONT_EPAS3PTemp,degC,40.000,踩下制动踏板5秒,yes,38.546200,-1.453800,37.625,37.875
25,13.060,0x2F1,VCFRONT_eFuseDebugStatus,VCFRONT_EPAS3PTemp,degC,45.000,松开制动踏板,yes,44.246900,-0.753100,37.875,37.75
26,13.031,0x401,BMS_brickVoltages,BMS_brick47,V,20.000,打开驾驶门,yes,19.721300,-0.278700,3.2847,3.2848
26,13.031,0x401,BMS_brickVoltages,BMS_brick47,V,30.000,坐入驾驶位并关闭驾驶门,yes,29.721500,-0.278500,3.2846,3.2845
26,13.031,0x401,BMS_brickVoltages,BMS_brick47,V,40.000,踩下制动踏板5秒,yes,40.722400,+0.722400,3.2846,3.2842
26,13.031,0x401,BMS_brickVoltages,BMS_brick47,V,45.000,松开制动踏板,yes,45.722200,+0.722200,3.2842,3.2844
27,13.021,0x401,BMS_brickVoltages,BMS_brick104,V,20.000,打开驾驶门,yes,19.101000,-0.899000,3.285,3.2851
27,13.021,0x401,BMS_brickVoltages,BMS_brick104,V,30.000,坐入驾驶位并关闭驾驶门,yes,31.101300,+1.101300,3.2849,3.285
27,13.021,0x401,BMS_brickVoltages,BMS_brick104,V,40.000,踩下制动踏板5秒,yes,40.101500,+0.101500,3.285,3.2849
27,13.021,0x401,BMS_brickVoltages,BMS_brick104,V,45.000,松开制动踏板,yes,46.101600,+1.101600,3.2847,3.2848
28,13.007,0x401,BMS_brickVoltages,BMS_brick27,V,20.000,打开驾驶门,yes,19.601300,-0.398700,3.2843,3.2844
28,13.007,0x401,BMS_brickVoltages,BMS_brick27,V,30.000,坐入驾驶位并关闭驾驶门,yes,29.601500,-0.398500,3.2841,3.2842
28,13.007,0x401,BMS_brickVoltages,BMS_brick27,V,40.000,踩下制动踏板5秒,yes,40.601700,+0.601700,3.2842,3.2837
28,13.007,0x401,BMS_brickVoltages,BMS_brick27,V,45.000,松开制动踏板,yes,44.601900,-0.398100,3.2839,3.2838
29,12.991,0x2F1,VCFRONT_eFuseDebugStatus,VCFRONT_railA_12v,V,20.000,打开驾驶门,yes,20.645200,+0.645200,12.809,12.8144
29,12.991,0x2F1,VCFRONT_eFuseDebugStatus,VCFRONT_railA_12v,V,30.000,坐入驾驶位并关闭驾驶门,yes,30.145600,+0.145600,12.7981,12.8035
29,12.991,0x2F1,VCFRONT_eFuseDebugStatus,VCFRONT_railA_12v,V,40.000,踩下制动踏板5秒,yes,39.645900,-0.354100,12.8035,12.7437
29,12.991,0x2F1,VCFRONT_eFuseDebugStatus,VCFRONT_railA_12v,V,45.000,松开制动踏板,yes,45.347100,+0.347100,12.7654,12.809
30,12.971,0x401,BMS_brickVoltages,BMS_brick68,V,20.000,打开驾驶门,yes,20.861400,+0.861400,3.2837,3.2836
30,12.971,0x401,BMS_brickVoltages,BMS_brick68,V,30.000,坐入驾驶位并关闭驾驶门,yes,29.861800,-0.138200,3.2835,3.2836
30,12.971,0x401,BMS_brickVoltages,BMS_brick68,V,40.000,踩下制动踏板5秒,yes,40.861900,+0.861900,3.2836,3.2831
30,12.971,0x401,BMS_brickVoltages,BMS_brick68,V,45.000,松开制动踏板,yes,45.861900,+0.861900,3.2832,3.2833
31,12.966,0x401,BMS_brickVoltages,BMS_brick63,V,20.000,打开驾驶门,yes,19.841300,-0.158700,3.2846,3.2847
31,12.966,0x401,BMS_brickVoltages,BMS_brick63,V,30.000,坐入驾驶位并关闭驾驶门,yes,29.841700,-0.158300,3.2844,3.2845
31,12.966,0x401,BMS_brickVoltages,BMS_brick63,V,40.000,踩下制动踏板5秒,yes,40.842400,+0.842400,3.2845,3.2839
31,12.966,0x401,BMS_brickVoltages,BMS_brick63,V,45.000,松开制动踏板,yes,45.842300,+0.842300,3.284,3.2842
32,12.957,0x38D,TAS_warningMatrix3,TAS_w138_shortCircuitFR,,20.000,打开驾驶门,yes,20.292600,+0.292600,1,0
32,12.957,0x38D,TAS_warningMatrix3,TAS_w138_shortCircuitFR,,30.000,坐入驾驶位并关闭驾驶门,yes,29.292900,-0.707100,1,0
32,12.957,0x38D,TAS_warningMatrix3,TAS_w138_shortCircuitFR,,40.000,踩下制动踏板5秒,yes,41.293300,+1.293300,1,0
32,12.957,0x38D,TAS_warningMatrix3,TAS_w138_shortCircuitFR,,45.000,松开制动踏板,yes,45.293700,+0.293700,1,0
33,12.957,0x7AA,HVP_debugMessage,HVP_shuntRefVoltageDbg,V,20.000,打开驾驶门,yes,20.180000,+0.180000,0.022,0.019
33,12.957,0x7AA,HVP_debugMessage,HVP_shuntRefVoltageDbg,V,30.000,坐入驾驶位并关闭驾驶门,yes,29.180500,-0.819500,0.019,0.022
33,12.957,0x7AA,HVP_debugMessage,HVP_shuntRefVoltageDbg,V,40.000,踩下制动踏板5秒,yes,40.179900,+0.179900,0.022,0.019
33,12.957,0x7AA,HVP_debugMessage,HVP_shuntRefVoltageDbg,V,45.000,松开制动踏板,yes,45.181800,+0.181800,0.019,0.016
34,12.940,0x401,BMS_brickVoltages,BMS_brick10,V,20.000,打开驾驶门,yes,21.481500,+1.481500,3.2849,3.2848
34,12.940,0x401,BMS_brickVoltages,BMS_brick10,V,30.000,坐入驾驶位并关闭驾驶门,yes,30.481800,+0.481800,3.2847,3.2848
34,12.940,0x401,BMS_brickVoltages,BMS_brick10,V,40.000,踩下制动踏板5秒,yes,40.482200,+0.482200,3.2847,3.2843
34,12.940,0x401,BMS_brickVoltages,BMS_brick10,V,45.000,松开制动踏板,yes,44.482000,-0.518000,3.2844,3.2845
35,12.934,0x2F1,VCFRONT_eFuseDebugStatus,VCFRONT_rightControllerCurrent,A,20.000,打开驾驶门,yes,19.145000,-0.855000,1.7,1.5
35,12.934,0x2F1,VCFRONT_eFuseDebugStatus,VCFRONT_rightControllerCurrent,A,30.000,坐入驾驶位并关闭驾驶门,yes,30.545600,+0.545600,2,1.7
35,12.934,0x2F1,VCFRONT_eFuseDebugStatus,VCFRONT_rightControllerCurrent,A,40.000,踩下制动踏板5秒,yes,40.047200,+0.047200,2,3.4
35,12.934,0x2F1,VCFRONT_eFuseDebugStatus,VCFRONT_rightControllerCurrent,A,45.000,松开制动踏板,yes,45.747100,+0.747100,3.7,2.2
36,12.906,0x401,BMS_brickVoltages,BMS_brick21,V,20.000,打开驾驶门,yes,19.563300,-0.436700,3.2841,3.284
36,12.906,0x401,BMS_brickVoltages,BMS_brick21,V,30.000,坐入驾驶位并关闭驾驶门,yes,29.562500,-0.437500,3.284,3.2839
36,12.906,0x401,BMS_brickVoltages,BMS_brick21,V,40.000,踩下制动踏板5秒,yes,40.562400,+0.562400,3.284,3.2836
36,12.906,0x401,BMS_brickVoltages,BMS_brick21,V,45.000,松开制动踏板,yes,45.562100,+0.562100,3.2836,3.2837
37,12.891,0x2F1,VCFRONT_eFuseDebugStatus,VCFRONT_railB_12v,V,20.000,打开驾驶门,yes,20.645200,+0.645200,12.9179,12.9015
37,12.891,0x2F1,VCFRONT_eFuseDebugStatus,VCFRONT_railB_12v,V,30.000,坐入驾驶位并关闭驾驶门,yes,30.145600,+0.145600,12.8852,12.907
37,12.891,0x2F1,VCFRONT_eFuseDebugStatus,VCFRONT_railB_12v,V,40.000,踩下制动踏板5秒,yes,39.645900,-0.354100,12.907,12.8308
37,12.891,0x2F1,VCFRONT_eFuseDebugStatus,VCFRONT_railB_12v,V,45.000,松开制动踏板,yes,45.347100,+0.347100,12.8525,12.8743
38,12.877,0x2C4,PCS_logging,PCS_dcdcTCommMeasured,us,20.000,打开驾驶门,yes,19.237200,-0.762800,16.1075,16.1055
38,12.877,0x2C4,PCS_logging,PCS_dcdcTCommMeasured,us,30.000,坐入驾驶位并关闭驾驶门,yes,29.736500,-0.263500,-15.8946,16.1055
38,12.877,0x2C4,PCS_logging,PCS_dcdcTCommMeasured,us,40.000,踩下制动踏板5秒,yes,40.236000,+0.236000,0.105469,-15.8946
38,12.877,0x2C4,PCS_logging,PCS_dcdcTCommMeasured,us,45.000,松开制动踏板,yes,44.435800,-0.564200,16.1055,48.1056
39,12.867,0x401,BMS_brickVoltages,BMS_brick6,V,20.000,打开驾驶门,yes,20.462200,+0.462200,3.2848,3.2847
39,12.867,0x401,BMS_brickVoltages,BMS_brick6,V,30.000,坐入驾驶位并关闭驾驶门,yes,30.462300,+0.462300,3.2845,3.2846
39,12.867,0x401,BMS_brickVoltages,BMS_brick6,V,40.000,踩下制动踏板5秒,yes,40.461700,+0.461700,3.2846,3.2842
39,12.867,0x401,BMS_brickVoltages,BMS_brick6,V,45.000,松开制动踏板,yes,45.462100,+0.462100,3.2843,3.2844
40,12.853,0x303,OCS1P_status,OCS1P_classificationExtHold,,20.000,打开驾驶门,yes,20.396100,+0.396100,0,1
40,12.853,0x303,OCS1P_status,OCS1P_classificationExtHold,,30.000,坐入驾驶位并关闭驾驶门,yes,30.397000,+0.397000,0,1
40,12.853,0x303,OCS1P_status,OCS1P_classificationExtHold,,40.000,踩下制动踏板5秒,yes,38.397300,-1.602700,1,0
40,12.853,0x303,OCS1P_status,OCS1P_classificationExtHold,,45.000,松开制动踏板,yes,45.398000,+0.398000,1,0
