category,can_id,message,signal,dbc_id_seen,decoded_samples,window,center_or_mode,min,max,changes
vehicle_state,0x118,DI_systemStatus,DI_gear,yes,2975,pre_stable,,,,0
vehicle_state,0x118,DI_systemStatus,DI_gear,yes,2975,door_open,,,,0
vehicle_state,0x118,DI_systemStatus,DI_gear,yes,2975,door_closed,,,,0
vehicle_state,0x118,DI_systemStatus,DI_gear,yes,2975,brake_pressed,P,,,0
vehicle_state,0x118,DI_systemStatus,DI_gear,yes,2975,post_brake,P,,,0
vehicle_state,0x118,DI_systemStatus,DI_gear,yes,2975,final_stable,P,,,0
vehicle_state,0x123,UI_alertMatrix1,UI_a019_ParkBrakeFault,yes,695,pre_stable,0,0,0,0
vehicle_state,0x123,UI_alertMatrix1,UI_a019_ParkBrakeFault,yes,695,door_open,0,0,0,0
vehicle_state,0x123,UI_alertMatrix1,UI_a019_ParkBrakeFault,yes,695,door_closed,0,0,0,0
vehicle_state,0x123,UI_alertMatrix1,UI_a019_ParkBrakeFault,yes,695,brake_pressed,0,0,0,0
vehicle_state,0x123,UI_alertMatrix1,UI_a019_ParkBrakeFault,yes,695,post_brake,0,0,0,0
vehicle_state,0x123,UI_alertMatrix1,UI_a019_ParkBrakeFault,yes,695,final_stable,0,0,0,0
vehicle_state,0x229,SCCM_rightStalk,SCCM_gearStalkStatus,yes,504,pre_stable,,,,0
vehicle_state,0x229,SCCM_rightStalk,SCCM_gearStalkStatus,yes,504,door_open,IDLE,,,0
vehicle_state,0x229,SCCM_rightStalk,SCCM_gearStalkStatus,yes,504,door_closed,IDLE,,,0
vehicle_state,0x229,SCCM_rightStalk,SCCM_gearStalkStatus,yes,504,brake_pressed,IDLE,,,0
vehicle_state,0x229,SCCM_rightStalk,SCCM_gearStalkStatus,yes,504,post_brake,IDLE,,,0
vehicle_state,0x229,SCCM_rightStalk,SCCM_gearStalkStatus,yes,504,final_stable,IDLE,,,0
vehicle_state,0x273,UI_vehicleControl,UI_driveStateRequest,yes,143,pre_stable,IDLE,,,0
vehicle_state,0x273,UI_vehicleControl,UI_driveStateRequest,yes,143,door_open,IDLE,,,0
vehicle_state,0x273,UI_vehicleControl,UI_driveStateRequest,yes,143,door_closed,IDLE,,,0
vehicle_state,0x273,UI_vehicleControl,UI_driveStateRequest,yes,143,brake_pressed,IDLE,,,0
vehicle_state,0x273,UI_vehicleControl,UI_driveStateRequest,yes,143,post_brake,IDLE,,,0
vehicle_state,0x273,UI_vehicleControl,UI_driveStateRequest,yes,143,final_stable,IDLE,,,0
vehicle_state,0x286,DI_locStatus,DI_parkBrakeState,yes,0,pre_stable,,,,0
vehicle_state,0x286,DI_locStatus,DI_parkBrakeState,yes,0,door_open,,,,0
vehicle_state,0x286,DI_locStatus,DI_parkBrakeState,yes,0,door_closed,,,,0
vehicle_state,0x286,DI_locStatus,DI_parkBrakeState,yes,0,brake_pressed,,,,0
vehicle_state,0x286,DI_locStatus,DI_parkBrakeState,yes,0,post_brake,,,,0
vehicle_state,0x286,DI_locStatus,DI_parkBrakeState,yes,0,final_stable,,,,0
vehicle_state,0x293,UI_chassisControl,UI_parkBrakeRequest,yes,139,pre_stable,IDLE,,,0
vehicle_state,0x293,UI_chassisControl,UI_parkBrakeRequest,yes,139,door_open,IDLE,,,0
vehicle_state,0x293,UI_chassisControl,UI_parkBrakeRequest,yes,139,door_closed,IDLE,,,0
vehicle_state,0x293,UI_chassisControl,UI_parkBrakeRequest,yes,139,brake_pressed,IDLE,,,0
vehicle_state,0x293,UI_chassisControl,UI_parkBrakeRequest,yes,139,post_brake,IDLE,,,0
vehicle_state,0x293,UI_chassisControl,UI_parkBrakeRequest,yes,139,final_stable,IDLE,,,0
vehicle_state,0x2A8,CMPD_state,CMPD_ready,yes,696,pre_stable,0.5,0,1,10
vehicle_state,0x2A8,CMPD_state,CMPD_ready,yes,696,door_open,0,0,1,8
vehicle_state,0x2A8,CMPD_state,CMPD_ready,yes,696,door_closed,0.5,0,1,9
vehicle_state,0x2A8,CMPD_state,CMPD_ready,yes,696,brake_pressed,1,0,1,5
vehicle_state,0x2A8,CMPD_state,CMPD_ready,yes,696,post_brake,1,0,1,4
vehicle_state,0x2A8,CMPD_state,CMPD_ready,yes,696,final_stable,1,0,1,24
vehicle_state,0x2B3,VCRIGHT_logging1Hz,VCRIGHT_ptcHeaterHvacActNotReady,yes,68,pre_stable,0,0,0,0
vehicle_state,0x2B3,VCRIGHT_logging1Hz,VCRIGHT_ptcHeaterHvacActNotReady,yes,68,door_open,0,0,0,0
vehicle_state,0x2B3,VCRIGHT_logging1Hz,VCRIGHT_ptcHeaterHvacActNotReady,yes,68,door_closed,0,0,0,0
vehicle_state,0x2B3,VCRIGHT_logging1Hz,VCRIGHT_ptcHeaterHvacActNotReady,yes,68,brake_pressed,0,0,0,0
vehicle_state,0x2B3,VCRIGHT_logging1Hz,VCRIGHT_ptcHeaterHvacActNotReady,yes,68,post_brake,0,0,0,0
vehicle_state,0x2B3,VCRIGHT_logging1Hz,VCRIGHT_ptcHeaterHvacActNotReady,yes,68,final_stable,0,0,0,0
vehicle_state,0x2C1,VCFRONT_logging10Hz,VCFRONT_compStandbyHVNotReady,yes,695,pre_stable,0,0,0,0
vehicle_state,0x2C1,VCFRONT_logging10Hz,VCFRONT_compStandbyHVNotReady,yes,695,door_open,0,0,0,0
vehicle_state,0x2C1,VCFRONT_logging10Hz,VCFRONT_compStandbyHVNotReady,yes,695,door_closed,0,0,0,0
vehicle_state,0x2C1,VCFRONT_logging10Hz,VCFRONT_compStandbyHVNotReady,yes,695,brake_pressed,0,0,0,0
vehicle_state,0x2C1,VCFRONT_logging10Hz,VCFRONT_compStandbyHVNotReady,yes,695,post_brake,0,0,0,0
vehicle_state,0x2C1,VCFRONT_logging10Hz,VCFRONT_compStandbyHVNotReady,yes,695,final_stable,0,0,0,0
vehicle_state,0x2C1,VCFRONT_logging10Hz,VCFRONT_compStandbySelfNotReady,yes,695,pre_stable,1,1,1,0
vehicle_state,0x2C1,VCFRONT_logging10Hz,VCFRONT_compStandbySelfNotReady,yes,695,door_open,1,1,1,0
vehicle_state,0x2C1,VCFRONT_logging10Hz,VCFRONT_compStandbySelfNotReady,yes,695,door_closed,1,1,1,0
vehicle_state,0x2C1,VCFRONT_logging10Hz,VCFRONT_compStandbySelfNotReady,yes,695,brake_pressed,1,1,1,0
vehicle_state,0x2C1,VCFRONT_logging10Hz,VCFRONT_compStandbySelfNotReady,yes,695,post_brake,1,1,1,0
vehicle_state,0x2C1,VCFRONT_logging10Hz,VCFRONT_compStandbySelfNotReady,yes,695,final_stable,1,1,1,0
vehicle_state,0x304,PM_alertMatrix1,PM_a006_inconsistentDIGear,no,0,pre_stable,,,,0
vehicle_state,0x304,PM_alertMatrix1,PM_a006_inconsistentDIGear,no,0,door_open,,,,0
vehicle_state,0x304,PM_alertMatrix1,PM_a006_inconsistentDIGear,no,0,door_closed,,,,0
vehicle_state,0x304,PM_alertMatrix1,PM_a006_inconsistentDIGear,no,0,brake_pressed,,,,0
vehicle_state,0x304,PM_alertMatrix1,PM_a006_inconsistentDIGear,no,0,post_brake,,,,0
vehicle_state,0x304,PM_alertMatrix1,PM_a006_inconsistentDIGear,no,0,final_stable,,,,0
vehicle_state,0x353,UI_status,UI_displayReady,yes,0,pre_stable,,,,0
vehicle_state,0x353,UI_status,UI_displayReady,yes,0,door_open,,,,0
vehicle_state,0x353,UI_status,UI_displayReady,yes,0,door_closed,,,,0
vehicle_state,0x353,UI_status,UI_displayReady,yes,0,brake_pressed,,,,0
vehicle_state,0x353,UI_status,UI_displayReady,yes,0,post_brake,,,,0
vehicle_state,0x353,UI_status,UI_displayReady,yes,0,final_stable,,,,0
vehicle_state,0x353,UI_status,UI_readyForDrive,yes,0,pre_stable,,,,0
vehicle_state,0x353,UI_status,UI_readyForDrive,yes,0,door_open,,,,0
vehicle_state,0x353,UI_status,UI_readyForDrive,yes,0,door_closed,,,,0
vehicle_state,0x353,UI_status,UI_readyForDrive,yes,0,brake_pressed,,,,0
vehicle_state,0x353,UI_status,UI_readyForDrive,yes,0,post_brake,,,,0
vehicle_state,0x353,UI_status,UI_readyForDrive,yes,0,final_stable,,,,0
vehicle_state,0x356,DI_alertMatrix1,DI_a011_swPowerStageNotReady,no,0,pre_stable,,,,0
vehicle_state,0x356,DI_alertMatrix1,DI_a011_swPowerStageNotReady,no,0,door_open,,,,0
vehicle_state,0x356,DI_alertMatrix1,DI_a011_swPowerStageNotReady,no,0,door_closed,,,,0
vehicle_state,0x356,DI_alertMatrix1,DI_a011_swPowerStageNotReady,no,0,brake_pressed,,,,0
vehicle_state,0x356,DI_alertMatrix1,DI_a011_swPowerStageNotReady,no,0,post_brake,,,,0
vehicle_state,0x356,DI_alertMatrix1,DI_a011_swPowerStageNotReady,no,0,final_stable,,,,0
vehicle_state,0x35D,IBST_alertMatrix,IBST_a151_PSCGearRatioReadFault,no,0,pre_stable,,,,0
vehicle_state,0x35D,IBST_alertMatrix,IBST_a151_PSCGearRatioReadFault,no,0,door_open,,,,0
vehicle_state,0x35D,IBST_alertMatrix,IBST_a151_PSCGearRatioReadFault,no,0,door_closed,,,,0
vehicle_state,0x35D,IBST_alertMatrix,IBST_a151_PSCGearRatioReadFault,no,0,brake_pressed,,,,0
vehicle_state,0x35D,IBST_alertMatrix,IBST_a151_PSCGearRatioReadFault,no,0,post_brake,,,,0
vehicle_state,0x35D,IBST_alertMatrix,IBST_a151_PSCGearRatioReadFault,no,0,final_stable,,,,0
vehicle_state,0x37F,FC_alertMatrix3,FC_a174_CA_vehReadyTimeout,no,0,pre_stable,,,,0
vehicle_state,0x37F,FC_alertMatrix3,FC_a174_CA_vehReadyTimeout,no,0,door_open,,,,0
vehicle_state,0x37F,FC_alertMatrix3,FC_a174_CA_vehReadyTimeout,no,0,door_closed,,,,0
vehicle_state,0x37F,FC_alertMatrix3,FC_a174_CA_vehReadyTimeout,no,0,brake_pressed,,,,0
vehicle_state,0x37F,FC_alertMatrix3,FC_a174_CA_vehReadyTimeout,no,0,post_brake,,,,0
vehicle_state,0x37F,FC_alertMatrix3,FC_a174_CA_vehReadyTimeout,no,0,final_stable,,,,0
vehicle_state,0x37F,FC_alertMatrix3,FC_a185_CA_vehReadyDeasserted,no,0,pre_stable,,,,0
vehicle_state,0x37F,FC_alertMatrix3,FC_a185_CA_vehReadyDeasserted,no,0,door_open,,,,0
vehicle_state,0x37F,FC_alertMatrix3,FC_a185_CA_vehReadyDeasserted,no,0,door_closed,,,,0
vehicle_state,0x37F,FC_alertMatrix3,FC_a185_CA_vehReadyDeasserted,no,0,brake_pressed,,,,0
vehicle_state,0x37F,FC_alertMatrix3,FC_a185_CA_vehReadyDeasserted,no,0,post_brake,,,,0
vehicle_state,0x37F,FC_alertMatrix3,FC_a185_CA_vehReadyDeasserted,no,0,final_stable,,,,0
vehicle_state,0x384,PMS_alertMatrix1,PMS_w006_inconsistentDIGear,yes,30,pre_stable,,,,0
vehicle_state,0x384,PMS_alertMatrix1,PMS_w006_inconsistentDIGear,yes,30,door_open,,,,0
vehicle_state,0x384,PMS_alertMatrix1,PMS_w006_inconsistentDIGear,yes,30,door_closed,,,,0
vehicle_state,0x384,PMS_alertMatrix1,PMS_w006_inconsistentDIGear,yes,30,brake_pressed,0,0,0,0
vehicle_state,0x384,PMS_alertMatrix1,PMS_w006_inconsistentDIGear,yes,30,post_brake,0,0,0,0
vehicle_state,0x384,PMS_alertMatrix1,PMS_w006_inconsistentDIGear,yes,30,final_stable,0,0,0,0
vehicle_state,0x399,DAS_status,DAS_autoparkReady,yes,0,pre_stable,,,,0
vehicle_state,0x399,DAS_status,DAS_autoparkReady,yes,0,door_open,,,,0
vehicle_state,0x399,DAS_status,DAS_autoparkReady,yes,0,door_closed,,,,0
vehicle_state,0x399,DAS_status,DAS_autoparkReady,yes,0,brake_pressed,,,,0
vehicle_state,0x399,DAS_status,DAS_autoparkReady,yes,0,post_brake,,,,0
vehicle_state,0x399,DAS_status,DAS_autoparkReady,yes,0,final_stable,,,,0
vehicle_state,0x3A5,DIS_alertMatrix1,DIS_a011_swPowerStageNotReady,no,0,pre_stable,,,,0
vehicle_state,0x3A5,DIS_alertMatrix1,DIS_a011_swPowerStageNotReady,no,0,door_open,,,,0
vehicle_state,0x3A5,DIS_alertMatrix1,DIS_a011_swPowerStageNotReady,no,0,door_closed,,,,0
vehicle_state,0x3A5,DIS_alertMatrix1,DIS_a011_swPowerStageNotReady,no,0,brake_pressed,,,,0
vehicle_state,0x3A5,DIS_alertMatrix1,DIS_a011_swPowerStageNotReady,no,0,post_brake,,,,0
vehicle_state,0x3A5,DIS_alertMatrix1,DIS_a011_swPowerStageNotReady,no,0,final_stable,,,,0
vehicle_state,0x3B3,UI_vehicleControl2,UI_readyToAddKey,yes,0,pre_stable,,,,0
vehicle_state,0x3B3,UI_vehicleControl2,UI_readyToAddKey,yes,0,door_open,,,,0
vehicle_state,0x3B3,UI_vehicleControl2,UI_readyToAddKey,yes,0,door_closed,,,,0
vehicle_state,0x3B3,UI_vehicleControl2,UI_readyToAddKey,yes,0,brake_pressed,,,,0
vehicle_state,0x3B3,UI_vehicleControl2,UI_readyToAddKey,yes,0,post_brake,,,,0
vehicle_state,0x3B3,UI_vehicleControl2,UI_readyToAddKey,yes,0,final_stable,,,,0
vehicle_state,0x3BE,FC_alertMatrix5,FC_a295_GB_vehReadyTimeout,no,0,pre_stable,,,,0
vehicle_state,0x3BE,FC_alertMatrix5,FC_a295_GB_vehReadyTimeout,no,0,door_open,,,,0
vehicle_state,0x3BE,FC_alertMatrix5,FC_a295_GB_vehReadyTimeout,no,0,door_closed,,,,0
vehicle_state,0x3BE,FC_alertMatrix5,FC_a295_GB_vehReadyTimeout,no,0,brake_pressed,,,,0
vehicle_state,0x3BE,FC_alertMatrix5,FC_a295_GB_vehReadyTimeout,no,0,post_brake,,,,0
vehicle_state,0x3BE,FC_alertMatrix5,FC_a295_GB_vehReadyTimeout,no,0,final_stable,,,,0
vehicle_state,0x3BE,FC_alertMatrix5,FC_a299_GB_evseReadyTimeout,no,0,pre_stable,,,,0
vehicle_state,0x3BE,FC_alertMatrix5,FC_a299_GB_evseReadyTimeout,no,0,door_open,,,,0
vehicle_state,0x3BE,FC_alertMatrix5,FC_a299_GB_evseReadyTimeout,no,0,door_closed,,,,0
vehicle_state,0x3BE,FC_alertMatrix5,FC_a299_GB_evseReadyTimeout,no,0,brake_pressed,,,,0
vehicle_state,0x3BE,FC_alertMatrix5,FC_a299_GB_evseReadyTimeout,no,0,post_brake,,,,0
vehicle_state,0x3BE,FC_alertMatrix5,FC_a299_GB_evseReadyTimeout,no,0,final_stable,,,,0
vehicle_state,0x3BE,FC_alertMatrix5,FC_a306_GB_vehReadyDeasserted,no,0,pre_stable,,,,0
vehicle_state,0x3BE,FC_alertMatrix5,FC_a306_GB_vehReadyDeasserted,no,0,door_open,,,,0
vehicle_state,0x3BE,FC_alertMatrix5,FC_a306_GB_vehReadyDeasserted,no,0,door_closed,,,,0
vehicle_state,0x3BE,FC_alertMatrix5,FC_a306_GB_vehReadyDeasserted,no,0,brake_pressed,,,,0
vehicle_state,0x3BE,FC_alertMatrix5,FC_a306_GB_vehReadyDeasserted,no,0,post_brake,,,,0
vehicle_state,0x3BE,FC_alertMatrix5,FC_a306_GB_vehReadyDeasserted,no,0,final_stable,,,,0
vehicle_state,0x3D5,ESP_alertMatrix,ESP_a200_reverseGearStuckHigh,yes,0,pre_stable,,,,0
vehicle_state,0x3D5,ESP_alertMatrix,ESP_a200_reverseGearStuckHigh,yes,0,door_open,,,,0
vehicle_state,0x3D5,ESP_alertMatrix,ESP_a200_reverseGearStuckHigh,yes,0,door_closed,,,,0
vehicle_state,0x3D5,ESP_alertMatrix,ESP_a200_reverseGearStuckHigh,yes,0,brake_pressed,,,,0
vehicle_state,0x3D5,ESP_alertMatrix,ESP_a200_reverseGearStuckHigh,yes,0,post_brake,,,,0
vehicle_state,0x3D5,ESP_alertMatrix,ESP_a200_reverseGearStuckHigh,yes,0,final_stable,,,,0
vehicle_state,0x3D5,ESP_alertMatrix,ESP_a201_reverseGearStuckLow,yes,0,pre_stable,,,,0
vehicle_state,0x3D5,ESP_alertMatrix,ESP_a201_reverseGearStuckLow,yes,0,door_open,,,,0
vehicle_state,0x3D5,ESP_alertMatrix,ESP_a201_reverseGearStuckLow,yes,0,door_closed,,,,0
vehicle_state,0x3D5,ESP_alertMatrix,ESP_a201_reverseGearStuckLow,yes,0,brake_pressed,,,,0
vehicle_state,0x3D5,ESP_alertMatrix,ESP_a201_reverseGearStuckLow,yes,0,post_brake,,,,0
vehicle_state,0x3D5,ESP_alertMatrix,ESP_a201_reverseGearStuckLow,yes,0,final_stable,,,,0
vehicle_state,0x502,RADC_alertMatrix0,RADC_a039_vehicleStateMIA,no,0,pre_stable,,,,0
vehicle_state,0x502,RADC_alertMatrix0,RADC_a039_vehicleStateMIA,no,0,door_open,,,,0
vehicle_state,0x502,RADC_alertMatrix0,RADC_a039_vehicleStateMIA,no,0,door_closed,,,,0
vehicle_state,0x502,RADC_alertMatrix0,RADC_a039_vehicleStateMIA,no,0,brake_pressed,,,,0
vehicle_state,0x502,RADC_alertMatrix0,RADC_a039_vehicleStateMIA,no,0,post_brake,,,,0
vehicle_state,0x502,RADC_alertMatrix0,RADC_a039_vehicleStateMIA,no,0,final_stable,,,,0
vehicle_state,0x502,RADC_alertMatrix0,RADC_a045_vehicleStateErr,no,0,pre_stable,,,,0
vehicle_state,0x502,RADC_alertMatrix0,RADC_a045_vehicleStateErr,no,0,door_open,,,,0
vehicle_state,0x502,RADC_alertMatrix0,RADC_a045_vehicleStateErr,no,0,door_closed,,,,0
vehicle_state,0x502,RADC_alertMatrix0,RADC_a045_vehicleStateErr,no,0,brake_pressed,,,,0
vehicle_state,0x502,RADC_alertMatrix0,RADC_a045_vehicleStateErr,no,0,post_brake,,,,0
vehicle_state,0x502,RADC_alertMatrix0,RADC_a045_vehicleStateErr,no,0,final_stable,,,,0
vehicle_state,0x54F,SCCM_alertMatrix,SCCM_a021_gearStalkSignalInvalid,yes,500,pre_stable,,,,0
vehicle_state,0x54F,SCCM_alertMatrix,SCCM_a021_gearStalkSignalInvalid,yes,500,door_open,0,0,0,0
vehicle_state,0x54F,SCCM_alertMatrix,SCCM_a021_gearStalkSignalInvalid,yes,500,door_closed,0,0,0,0
vehicle_state,0x54F,SCCM_alertMatrix,SCCM_a021_gearStalkSignalInvalid,yes,500,brake_pressed,0,0,0,0
vehicle_state,0x54F,SCCM_alertMatrix,SCCM_a021_gearStalkSignalInvalid,yes,500,post_brake,0,0,0,0
vehicle_state,0x54F,SCCM_alertMatrix,SCCM_a021_gearStalkSignalInvalid,yes,500,final_stable,0,0,0,0
vehicle_state,0x54F,SCCM_alertMatrix,SCCM_a022_gearStalkOpenCircuit,yes,500,pre_stable,,,,0
vehicle_state,0x54F,SCCM_alertMatrix,SCCM_a022_gearStalkOpenCircuit,yes,500,door_open,0,0,0,0
vehicle_state,0x54F,SCCM_alertMatrix,SCCM_a022_gearStalkOpenCircuit,yes,500,door_closed,0,0,0,0
vehicle_state,0x54F,SCCM_alertMatrix,SCCM_a022_gearStalkOpenCircuit,yes,500,brake_pressed,0,0,0,0
vehicle_state,0x54F,SCCM_alertMatrix,SCCM_a022_gearStalkOpenCircuit,yes,500,post_brake,0,0,0,0
vehicle_state,0x54F,SCCM_alertMatrix,SCCM_a022_gearStalkOpenCircuit,yes,500,final_stable,0,0,0,0
vehicle_state,0x54F,SCCM_alertMatrix,SCCM_a023_gearStalkShortCircuit,yes,500,pre_stable,,,,0
vehicle_state,0x54F,SCCM_alertMatrix,SCCM_a023_gearStalkShortCircuit,yes,500,door_open,0,0,0,0
vehicle_state,0x54F,SCCM_alertMatrix,SCCM_a023_gearStalkShortCircuit,yes,500,door_closed,0,0,0,0
vehicle_state,0x54F,SCCM_alertMatrix,SCCM_a023_gearStalkShortCircuit,yes,500,brake_pressed,0,0,0,0
vehicle_state,0x54F,SCCM_alertMatrix,SCCM_a023_gearStalkShortCircuit,yes,500,post_brake,0,0,0,0
vehicle_state,0x54F,SCCM_alertMatrix,SCCM_a023_gearStalkShortCircuit,yes,500,final_stable,0,0,0,0
vehicle_state,0x54F,SCCM_alertMatrix,SCCM_a024_gearStalkGenErr,yes,500,pre_stable,,,,0
vehicle_state,0x54F,SCCM_alertMatrix,SCCM_a024_gearStalkGenErr,yes,500,door_open,0,0,0,0
vehicle_state,0x54F,SCCM_alertMatrix,SCCM_a024_gearStalkGenErr,yes,500,door_closed,0,0,0,0
vehicle_state,0x54F,SCCM_alertMatrix,SCCM_a024_gearStalkGenErr,yes,500,brake_pressed,0,0,0,0
vehicle_state,0x54F,SCCM_alertMatrix,SCCM_a024_gearStalkGenErr,yes,500,post_brake,0,0,0,0
vehicle_state,0x54F,SCCM_alertMatrix,SCCM_a024_gearStalkGenErr,yes,500,final_stable,0,0,0,0
vehicle_state,0x7AA,HVP_debugMessage,HVP_gpioShuntDataReady,yes,69,pre_stable,0,0,0,0
vehicle_state,0x7AA,HVP_debugMessage,HVP_gpioShuntDataReady,yes,69,door_open,0,0,0,0
vehicle_state,0x7AA,HVP_debugMessage,HVP_gpioShuntDataReady,yes,69,door_closed,0,0,0,0
vehicle_state,0x7AA,HVP_debugMessage,HVP_gpioShuntDataReady,yes,69,brake_pressed,0,0,0,0
vehicle_state,0x7AA,HVP_debugMessage,HVP_gpioShuntDataReady,yes,69,post_brake,0,0,0,0
vehicle_state,0x7AA,HVP_debugMessage,HVP_gpioShuntDataReady,yes,69,final_stable,0,0,0,0
vehicle_state,0x7D5,DI_debug,DI_gateDriveState,yes,298,pre_stable,,,,0
vehicle_state,0x7D5,DI_debug,DI_gateDriveState,yes,298,door_open,,,,0
vehicle_state,0x7D5,DI_debug,DI_gateDriveState,yes,298,door_closed,,,,0
vehicle_state,0x7D5,DI_debug,DI_gateDriveState,yes,298,brake_pressed,INIT,,,0
vehicle_state,0x7D5,DI_debug,DI_gateDriveState,yes,298,post_brake,INIT,,,0
vehicle_state,0x7D5,DI_debug,DI_gateDriveState,yes,298,final_stable,INIT,,,0
vehicle_state,0x7D5,DI_debug,DI_resolverReady,yes,0,pre_stable,,,,0
vehicle_state,0x7D5,DI_debug,DI_resolverReady,yes,0,door_open,,,,0
vehicle_state,0x7D5,DI_debug,DI_resolverReady,yes,0,door_closed,,,,0
vehicle_state,0x7D5,DI_debug,DI_resolverReady,yes,0,brake_pressed,,,,0
vehicle_state,0x7D5,DI_debug,DI_resolverReady,yes,0,post_brake,,,,0
vehicle_state,0x7D5,DI_debug,DI_resolverReady,yes,0,final_stable,,,,0
brake_input,0x118,DI_systemStatus,DI_brakePedalState,yes,2975,pre_stable,,,,0
brake_input,0x118,DI_systemStatus,DI_brakePedalState,yes,2975,door_open,,,,0
brake_input,0x118,DI_systemStatus,DI_brakePedalState,yes,2975,door_closed,,,,0
brake_input,0x118,DI_systemStatus,DI_brakePedalState,yes,2975,brake_pressed,INVALID,,,0
brake_input,0x118,DI_systemStatus,DI_brakePedalState,yes,2975,post_brake,INVALID,,,0
brake_input,0x118,DI_systemStatus,DI_brakePedalState,yes,2975,final_stable,INVALID,,,0
brake_input,0x145,ESP_status,ESP_brakeApply,no,0,pre_stable,,,,0
brake_input,0x145,ESP_status,ESP_brakeApply,no,0,door_open,,,,0
brake_input,0x145,ESP_status,ESP_brakeApply,no,0,door_closed,,,,0
brake_input,0x145,ESP_status,ESP_brakeApply,no,0,brake_pressed,,,,0
brake_input,0x145,ESP_status,ESP_brakeApply,no,0,post_brake,,,,0
brake_input,0x145,ESP_status,ESP_brakeApply,no,0,final_stable,,,,0
brake_input,0x145,ESP_status,ESP_driverBrakeApply,no,0,pre_stable,,,,0
brake_input,0x145,ESP_status,ESP_driverBrakeApply,no,0,door_open,,,,0
brake_input,0x145,ESP_status,ESP_driverBrakeApply,no,0,door_closed,,,,0
brake_input,0x145,ESP_status,ESP_driverBrakeApply,no,0,brake_pressed,,,,0
brake_input,0x145,ESP_status,ESP_driverBrakeApply,no,0,post_brake,,,,0
brake_input,0x145,ESP_status,ESP_driverBrakeApply,no,0,final_stable,,,,0
brake_input,0x356,DI_alertMatrix1,DI_a041_driverBrakeApplyCheck,no,0,pre_stable,,,,0
brake_input,0x356,DI_alertMatrix1,DI_a041_driverBrakeApplyCheck,no,0,door_open,,,,0
brake_input,0x356,DI_alertMatrix1,DI_a041_driverBrakeApplyCheck,no,0,door_closed,,,,0
brake_input,0x356,DI_alertMatrix1,DI_a041_driverBrakeApplyCheck,no,0,brake_pressed,,,,0
brake_input,0x356,DI_alertMatrix1,DI_a041_driverBrakeApplyCheck,no,0,post_brake,,,,0
brake_input,0x356,DI_alertMatrix1,DI_a041_driverBrakeApplyCheck,no,0,final_stable,,,,0
brake_input,0x357,DI_alertMatrix2,DI_a083_brakePedalSensor,no,0,pre_stable,,,,0
brake_input,0x357,DI_alertMatrix2,DI_a083_brakePedalSensor,no,0,door_open,,,,0
brake_input,0x357,DI_alertMatrix2,DI_a083_brakePedalSensor,no,0,door_closed,,,,0
brake_input,0x357,DI_alertMatrix2,DI_a083_brakePedalSensor,no,0,brake_pressed,,,,0
brake_input,0x357,DI_alertMatrix2,DI_a083_brakePedalSensor,no,0,post_brake,,,,0
brake_input,0x357,DI_alertMatrix2,DI_a083_brakePedalSensor,no,0,final_stable,,,,0
brake_input,0x360,VCLEFT_alertMatrix,VCLEFT_a136_brakeSwitchMismatch,yes,63,pre_stable,0,0,0,0
brake_input,0x360,VCLEFT_alertMatrix,VCLEFT_a136_brakeSwitchMismatch,yes,63,door_open,0,0,0,0
brake_input,0x360,VCLEFT_alertMatrix,VCLEFT_a136_brakeSwitchMismatch,yes,63,door_closed,0,0,0,0
brake_input,0x360,VCLEFT_alertMatrix,VCLEFT_a136_brakeSwitchMismatch,yes,63,brake_pressed,0,0,0,0
brake_input,0x360,VCLEFT_alertMatrix,VCLEFT_a136_brakeSwitchMismatch,yes,63,post_brake,0,0,0,0
brake_input,0x360,VCLEFT_alertMatrix,VCLEFT_a136_brakeSwitchMismatch,yes,63,final_stable,0,0,0,0
brake_input,0x39D,IBST_status,IBST_driverBrakeApply,yes,0,pre_stable,,,,0
brake_input,0x39D,IBST_status,IBST_driverBrakeApply,yes,0,door_open,,,,0
brake_input,0x39D,IBST_status,IBST_driverBrakeApply,yes,0,door_closed,,,,0
brake_input,0x39D,IBST_status,IBST_driverBrakeApply,yes,0,brake_pressed,,,,0
brake_input,0x39D,IBST_status,IBST_driverBrakeApply,yes,0,post_brake,,,,0
brake_input,0x39D,IBST_status,IBST_driverBrakeApply,yes,0,final_stable,,,,0
brake_input,0x3C2,VCLEFT_switchStatus,VCLEFT_brakeSwitchPressed,yes,701,pre_stable,0,0,0,0
brake_input,0x3C2,VCLEFT_switchStatus,VCLEFT_brakeSwitchPressed,yes,701,door_open,0,0,0,0
brake_input,0x3C2,VCLEFT_switchStatus,VCLEFT_brakeSwitchPressed,yes,701,door_closed,0,0,0,0
brake_input,0x3C2,VCLEFT_switchStatus,VCLEFT_brakeSwitchPressed,yes,701,brake_pressed,1,1,1,0
brake_input,0x3C2,VCLEFT_switchStatus,VCLEFT_brakeSwitchPressed,yes,701,post_brake,0,0,0,0
brake_input,0x3C2,VCLEFT_switchStatus,VCLEFT_brakeSwitchPressed,yes,701,final_stable,0,0,0,0
brake_input,0x3D5,ESP_alertMatrix,ESP_a085_BrakeSwitchStuckHigh,yes,0,pre_stable,,,,0
brake_input,0x3D5,ESP_alertMatrix,ESP_a085_BrakeSwitchStuckHigh,yes,0,door_open,,,,0
brake_input,0x3D5,ESP_alertMatrix,ESP_a085_BrakeSwitchStuckHigh,yes,0,door_closed,,,,0
brake_input,0x3D5,ESP_alertMatrix,ESP_a085_BrakeSwitchStuckHigh,yes,0,brake_pressed,,,,0
brake_input,0x3D5,ESP_alertMatrix,ESP_a085_BrakeSwitchStuckHigh,yes,0,post_brake,,,,0
brake_input,0x3D5,ESP_alertMatrix,ESP_a085_BrakeSwitchStuckHigh,yes,0,final_stable,,,,0
brake_input,0x3D5,ESP_alertMatrix,ESP_a086_BrakeSwitchImplausible1,yes,0,pre_stable,,,,0
brake_input,0x3D5,ESP_alertMatrix,ESP_a086_BrakeSwitchImplausible1,yes,0,door_open,,,,0
brake_input,0x3D5,ESP_alertMatrix,ESP_a086_BrakeSwitchImplausible1,yes,0,door_closed,,,,0
brake_input,0x3D5,ESP_alertMatrix,ESP_a086_BrakeSwitchImplausible1,yes,0,brake_pressed,,,,0
brake_input,0x3D5,ESP_alertMatrix,ESP_a086_BrakeSwitchImplausible1,yes,0,post_brake,,,,0
brake_input,0x3D5,ESP_alertMatrix,ESP_a086_BrakeSwitchImplausible1,yes,0,final_stable,,,,0
brake_input,0x3D5,ESP_alertMatrix,ESP_a087_BrakeSwitchImplausible3,yes,0,pre_stable,,,,0
brake_input,0x3D5,ESP_alertMatrix,ESP_a087_BrakeSwitchImplausible3,yes,0,door_open,,,,0
brake_input,0x3D5,ESP_alertMatrix,ESP_a087_BrakeSwitchImplausible3,yes,0,door_closed,,,,0
brake_input,0x3D5,ESP_alertMatrix,ESP_a087_BrakeSwitchImplausible3,yes,0,brake_pressed,,,,0
brake_input,0x3D5,ESP_alertMatrix,ESP_a087_BrakeSwitchImplausible3,yes,0,post_brake,,,,0
brake_input,0x3D5,ESP_alertMatrix,ESP_a087_BrakeSwitchImplausible3,yes,0,final_stable,,,,0
brake_input,0x7D5,DI_debug,DI_brakeSwitchNC,yes,0,pre_stable,,,,0
brake_input,0x7D5,DI_debug,DI_brakeSwitchNC,yes,0,door_open,,,,0
brake_input,0x7D5,DI_debug,DI_brakeSwitchNC,yes,0,door_closed,,,,0
brake_input,0x7D5,DI_debug,DI_brakeSwitchNC,yes,0,brake_pressed,,,,0
brake_input,0x7D5,DI_debug,DI_brakeSwitchNC,yes,0,post_brake,,,,0
brake_input,0x7D5,DI_debug,DI_brakeSwitchNC,yes,0,final_stable,,,,0
brake_input,0x7D5,DI_debug,DI_brakeSwitchNO,yes,0,pre_stable,,,,0
brake_input,0x7D5,DI_debug,DI_brakeSwitchNO,yes,0,door_open,,,,0
brake_input,0x7D5,DI_debug,DI_brakeSwitchNO,yes,0,door_closed,,,,0
brake_input,0x7D5,DI_debug,DI_brakeSwitchNO,yes,0,brake_pressed,,,,0
brake_input,0x7D5,DI_debug,DI_brakeSwitchNO,yes,0,post_brake,,,,0
brake_input,0x7D5,DI_debug,DI_brakeSwitchNO,yes,0,final_stable,,,,0
hv_safety,0x016,DI_bmsRequest,DI_bmsOpenContactorsRequest,no,0,pre_stable,,,,0
hv_safety,0x016,DI_bmsRequest,DI_bmsOpenContactorsRequest,no,0,door_open,,,,0
hv_safety,0x016,DI_bmsRequest,DI_bmsOpenContactorsRequest,no,0,door_closed,,,,0
hv_safety,0x016,DI_bmsRequest,DI_bmsOpenContactorsRequest,no,0,brake_pressed,,,,0
hv_safety,0x016,DI_bmsRequest,DI_bmsOpenContactorsRequest,no,0,post_brake,,,,0
hv_safety,0x016,DI_bmsRequest,DI_bmsOpenContactorsRequest,no,0,final_stable,,,,0
hv_safety,0x132,BMS_hvBusStatus,BMS_packVoltage,yes,0,pre_stable,,,,0
hv_safety,0x132,BMS_hvBusStatus,BMS_packVoltage,yes,0,door_open,,,,0
hv_safety,0x132,BMS_hvBusStatus,BMS_packVoltage,yes,0,door_closed,,,,0
hv_safety,0x132,BMS_hvBusStatus,BMS_packVoltage,yes,0,brake_pressed,,,,0
hv_safety,0x132,BMS_hvBusStatus,BMS_packVoltage,yes,0,post_brake,,,,0
hv_safety,0x132,BMS_hvBusStatus,BMS_packVoltage,yes,0,final_stable,,,,0
hv_safety,0x13D,CP_chargeStatus,CP_vehiclePrechargeRequired,no,0,pre_stable,,,,0
hv_safety,0x13D,CP_chargeStatus,CP_vehiclePrechargeRequired,no,0,door_open,,,,0
hv_safety,0x13D,CP_chargeStatus,CP_vehiclePrechargeRequired,no,0,door_closed,,,,0
hv_safety,0x13D,CP_chargeStatus,CP_vehiclePrechargeRequired,no,0,brake_pressed,,,,0
hv_safety,0x13D,CP_chargeStatus,CP_vehiclePrechargeRequired,no,0,post_brake,,,,0
hv_safety,0x13D,CP_chargeStatus,CP_vehiclePrechargeRequired,no,0,final_stable,,,,0
hv_safety,0x20A,HVP_contactorState,HVP_fcContactorSetState,yes,70,pre_stable,OPEN,,,0
hv_safety,0x20A,HVP_contactorState,HVP_fcContactorSetState,yes,70,door_open,OPEN,,,0
hv_safety,0x20A,HVP_contactorState,HVP_fcContactorSetState,yes,70,door_closed,OPEN,,,0
hv_safety,0x20A,HVP_contactorState,HVP_fcContactorSetState,yes,70,brake_pressed,OPEN,,,0
hv_safety,0x20A,HVP_contactorState,HVP_fcContactorSetState,yes,70,post_brake,OPEN,,,0
hv_safety,0x20A,HVP_contactorState,HVP_fcContactorSetState,yes,70,final_stable,OPEN,,,0
hv_safety,0x20A,HVP_contactorState,HVP_hvilStatus,yes,70,pre_stable,STATUS_OK,,,0
hv_safety,0x20A,HVP_contactorState,HVP_hvilStatus,yes,70,door_open,STATUS_OK,,,0
hv_safety,0x20A,HVP_contactorState,HVP_hvilStatus,yes,70,door_closed,STATUS_OK,,,0
hv_safety,0x20A,HVP_contactorState,HVP_hvilStatus,yes,70,brake_pressed,STATUS_OK,,,0
hv_safety,0x20A,HVP_contactorState,HVP_hvilStatus,yes,70,post_brake,STATUS_OK,,,0
hv_safety,0x20A,HVP_contactorState,HVP_hvilStatus,yes,70,final_stable,STATUS_OK,,,0
hv_safety,0x20A,HVP_contactorState,HVP_packContactorSetState,yes,70,pre_stable,CLOSED,,,0
hv_safety,0x20A,HVP_contactorState,HVP_packContactorSetState,yes,70,door_open,CLOSED,,,0
hv_safety,0x20A,HVP_contactorState,HVP_packContactorSetState,yes,70,door_closed,CLOSED,,,0
hv_safety,0x20A,HVP_contactorState,HVP_packContactorSetState,yes,70,brake_pressed,CLOSED,,,0
hv_safety,0x20A,HVP_contactorState,HVP_packContactorSetState,yes,70,post_brake,CLOSED,,,0
hv_safety,0x20A,HVP_contactorState,HVP_packContactorSetState,yes,70,final_stable,CLOSED,,,0
hv_safety,0x212,BMS_status,BMS_contactorState,yes,695,pre_stable,CLOSED,,,0
hv_safety,0x212,BMS_status,BMS_contactorState,yes,695,door_open,CLOSED,,,0
hv_safety,0x212,BMS_status,BMS_contactorState,yes,695,door_closed,CLOSED,,,0
hv_safety,0x212,BMS_status,BMS_contactorState,yes,695,brake_pressed,CLOSED,,,0
hv_safety,0x212,BMS_status,BMS_contactorState,yes,695,post_brake,CLOSED,,,0
hv_safety,0x212,BMS_status,BMS_contactorState,yes,695,final_stable,CLOSED,,,0
hv_safety,0x212,BMS_status,BMS_isolationResistance,yes,695,pre_stable,0,0,0,0
hv_safety,0x212,BMS_status,BMS_isolationResistance,yes,695,door_open,0,0,0,0
hv_safety,0x212,BMS_status,BMS_isolationResistance,yes,695,door_closed,0,0,0,0
hv_safety,0x212,BMS_status,BMS_isolationResistance,yes,695,brake_pressed,0,0,0,0
hv_safety,0x212,BMS_status,BMS_isolationResistance,yes,695,post_brake,0,0,0,0
hv_safety,0x212,BMS_status,BMS_isolationResistance,yes,695,final_stable,0,0,0,0
hv_safety,0x215,FC_status2,FC_externalIsolationResistance,no,0,pre_stable,,,,0
hv_safety,0x215,FC_status2,FC_externalIsolationResistance,no,0,door_open,,,,0
hv_safety,0x215,FC_status2,FC_externalIsolationResistance,no,0,door_closed,,,,0
hv_safety,0x215,FC_status2,FC_externalIsolationResistance,no,0,brake_pressed,,,,0
hv_safety,0x215,FC_status2,FC_externalIsolationResistance,no,0,post_brake,,,,0
hv_safety,0x215,FC_status2,FC_externalIsolationResistance,no,0,final_stable,,,,0
hv_safety,0x21D,CP_evseStatus,CP_vehiclePrechargeRequired,yes,695,pre_stable,0,0,0,0
hv_safety,0x21D,CP_evseStatus,CP_vehiclePrechargeRequired,yes,695,door_open,0,0,0,0
hv_safety,0x21D,CP_evseStatus,CP_vehiclePrechargeRequired,yes,695,door_closed,0,0,0,0
hv_safety,0x21D,CP_evseStatus,CP_vehiclePrechargeRequired,yes,695,brake_pressed,0,0,0,0
hv_safety,0x21D,CP_evseStatus,CP_vehiclePrechargeRequired,yes,695,post_brake,0,0,0,0
hv_safety,0x21D,CP_evseStatus,CP_vehiclePrechargeRequired,yes,695,final_stable,0,0,0,0
hv_safety,0x224,PCS_dcdcStatus,PCS_dcdcInitialPrechargeSubState,yes,695,pre_stable,STANDBY,,,0
hv_safety,0x224,PCS_dcdcStatus,PCS_dcdcInitialPrechargeSubState,yes,695,door_open,STANDBY,,,0
hv_safety,0x224,PCS_dcdcStatus,PCS_dcdcInitialPrechargeSubState,yes,695,door_closed,STANDBY,,,0
hv_safety,0x224,PCS_dcdcStatus,PCS_dcdcInitialPrechargeSubState,yes,695,brake_pressed,STANDBY,,,0
hv_safety,0x224,PCS_dcdcStatus,PCS_dcdcInitialPrechargeSubState,yes,695,post_brake,STANDBY,,,0
hv_safety,0x224,PCS_dcdcStatus,PCS_dcdcInitialPrechargeSubState,yes,695,final_stable,STANDBY,,,0
hv_safety,0x224,PCS_dcdcStatus,PCS_dcdcPrechargeRestartCnt,yes,695,pre_stable,0,0,0,0
hv_safety,0x224,PCS_dcdcStatus,PCS_dcdcPrechargeRestartCnt,yes,695,door_open,0,0,0,0
hv_safety,0x224,PCS_dcdcStatus,PCS_dcdcPrechargeRestartCnt,yes,695,door_closed,0,0,0,0
hv_safety,0x224,PCS_dcdcStatus,PCS_dcdcPrechargeRestartCnt,yes,695,brake_pressed,0,0,0,0
hv_safety,0x224,PCS_dcdcStatus,PCS_dcdcPrechargeRestartCnt,yes,695,post_brake,0,0,0,0
hv_safety,0x224,PCS_dcdcStatus,PCS_dcdcPrechargeRestartCnt,yes,695,final_stable,0,0,0,0
hv_safety,0x224,PCS_dcdcStatus,PCS_dcdcPrechargeRtyCnt,yes,695,pre_stable,0,0,0,0
hv_safety,0x224,PCS_dcdcStatus,PCS_dcdcPrechargeRtyCnt,yes,695,door_open,0,0,0,0
hv_safety,0x224,PCS_dcdcStatus,PCS_dcdcPrechargeRtyCnt,yes,695,door_closed,0,0,0,0
hv_safety,0x224,PCS_dcdcStatus,PCS_dcdcPrechargeRtyCnt,yes,695,brake_pressed,0,0,0,0
hv_safety,0x224,PCS_dcdcStatus,PCS_dcdcPrechargeRtyCnt,yes,695,post_brake,0,0,0,0
hv_safety,0x224,PCS_dcdcStatus,PCS_dcdcPrechargeRtyCnt,yes,695,final_stable,0,0,0,0
hv_safety,0x224,PCS_dcdcStatus,PCS_dcdcPrechargeStatus,yes,695,pre_stable,IDLE,,,0
hv_safety,0x224,PCS_dcdcStatus,PCS_dcdcPrechargeStatus,yes,695,door_open,IDLE,,,0
hv_safety,0x224,PCS_dcdcStatus,PCS_dcdcPrechargeStatus,yes,695,door_closed,IDLE,,,0
hv_safety,0x224,PCS_dcdcStatus,PCS_dcdcPrechargeStatus,yes,695,brake_pressed,IDLE,,,0
hv_safety,0x224,PCS_dcdcStatus,PCS_dcdcPrechargeStatus,yes,695,post_brake,IDLE,,,0
hv_safety,0x224,PCS_dcdcStatus,PCS_dcdcPrechargeStatus,yes,695,final_stable,IDLE,,,0
hv_safety,0x2D2,BMS_driveLimits,BMS_maxBusVoltage,yes,695,pre_stable,201.36,201.36,201.36,0
hv_safety,0x2D2,BMS_driveLimits,BMS_maxBusVoltage,yes,695,door_open,201.36,201.36,201.36,0
hv_safety,0x2D2,BMS_driveLimits,BMS_maxBusVoltage,yes,695,door_closed,201.36,201.36,201.36,0
hv_safety,0x2D2,BMS_driveLimits,BMS_maxBusVoltage,yes,695,brake_pressed,201.36,201.36,201.36,0
hv_safety,0x2D2,BMS_driveLimits,BMS_maxBusVoltage,yes,695,post_brake,201.36,201.36,201.36,0
hv_safety,0x2D2,BMS_driveLimits,BMS_maxBusVoltage,yes,695,final_stable,201.36,201.35,201.36,6
hv_safety,0x2D2,BMS_driveLimits,BMS_minBusVoltage,yes,695,pre_stable,106.06,106.06,106.06,0
hv_safety,0x2D2,BMS_driveLimits,BMS_minBusVoltage,yes,695,door_open,106.06,106.05,106.06,21
hv_safety,0x2D2,BMS_driveLimits,BMS_minBusVoltage,yes,695,door_closed,106.06,106.05,106.06,12
hv_safety,0x2D2,BMS_driveLimits,BMS_minBusVoltage,yes,695,brake_pressed,106.06,106.05,106.06,11
hv_safety,0x2D2,BMS_driveLimits,BMS_minBusVoltage,yes,695,post_brake,106.06,106.06,106.06,0
hv_safety,0x2D2,BMS_driveLimits,BMS_minBusVoltage,yes,695,final_stable,106.06,106.06,106.06,0
hv_safety,0x320,BMS_alertMatrix,BMS_a034_SW_Passive_Isolation,yes,70,pre_stable,0,0,0,0
hv_safety,0x320,BMS_alertMatrix,BMS_a034_SW_Passive_Isolation,yes,70,door_open,0,0,0,0
hv_safety,0x320,BMS_alertMatrix,BMS_a034_SW_Passive_Isolation,yes,70,door_closed,0,0,0,0
hv_safety,0x320,BMS_alertMatrix,BMS_a034_SW_Passive_Isolation,yes,70,brake_pressed,0,0,0,0
hv_safety,0x320,BMS_alertMatrix,BMS_a034_SW_Passive_Isolation,yes,70,post_brake,0,0,0,0
hv_safety,0x320,BMS_alertMatrix,BMS_a034_SW_Passive_Isolation,yes,70,final_stable,0,0,0,0
hv_safety,0x320,BMS_alertMatrix,BMS_a035_SW_Isolation,yes,70,pre_stable,0,0,0,0
hv_safety,0x320,BMS_alertMatrix,BMS_a035_SW_Isolation,yes,70,door_open,0,0,0,0
hv_safety,0x320,BMS_alertMatrix,BMS_a035_SW_Isolation,yes,70,door_closed,0,0,0,0
hv_safety,0x320,BMS_alertMatrix,BMS_a035_SW_Isolation,yes,70,brake_pressed,0,0,0,0
hv_safety,0x320,BMS_alertMatrix,BMS_a035_SW_Isolation,yes,70,post_brake,0,0,0,0
hv_safety,0x320,BMS_alertMatrix,BMS_a035_SW_Isolation,yes,70,final_stable,0,0,0,0
hv_safety,0x320,BMS_alertMatrix,BMS_a036_SW_HvpHvilFault,yes,70,pre_stable,0,0,0,0
hv_safety,0x320,BMS_alertMatrix,BMS_a036_SW_HvpHvilFault,yes,70,door_open,0,0,0,0
hv_safety,0x320,BMS_alertMatrix,BMS_a036_SW_HvpHvilFault,yes,70,door_closed,0,0,0,0
hv_safety,0x320,BMS_alertMatrix,BMS_a036_SW_HvpHvilFault,yes,70,brake_pressed,0,0,0,0
hv_safety,0x320,BMS_alertMatrix,BMS_a036_SW_HvpHvilFault,yes,70,post_brake,0,0,0,0
hv_safety,0x320,BMS_alertMatrix,BMS_a036_SW_HvpHvilFault,yes,70,final_stable,0,0,0,0
hv_safety,0x320,BMS_alertMatrix,BMS_a123_SW_Internal_Isolation,yes,69,pre_stable,0,0,0,0
hv_safety,0x320,BMS_alertMatrix,BMS_a123_SW_Internal_Isolation,yes,69,door_open,0,0,0,0
hv_safety,0x320,BMS_alertMatrix,BMS_a123_SW_Internal_Isolation,yes,69,door_closed,0,0,0,0
hv_safety,0x320,BMS_alertMatrix,BMS_a123_SW_Internal_Isolation,yes,69,brake_pressed,0,0,0,0
hv_safety,0x320,BMS_alertMatrix,BMS_a123_SW_Internal_Isolation,yes,69,post_brake,0,0,0,0
hv_safety,0x320,BMS_alertMatrix,BMS_a123_SW_Internal_Isolation,yes,69,final_stable,0,0,0,0
hv_safety,0x320,BMS_alertMatrix,BMS_a151_SW_external_isolation,yes,69,pre_stable,0,0,0,0
hv_safety,0x320,BMS_alertMatrix,BMS_a151_SW_external_isolation,yes,69,door_open,0,0,0,0
hv_safety,0x320,BMS_alertMatrix,BMS_a151_SW_external_isolation,yes,69,door_closed,0,0,0,0
hv_safety,0x320,BMS_alertMatrix,BMS_a151_SW_external_isolation,yes,69,brake_pressed,0,0,0,0
hv_safety,0x320,BMS_alertMatrix,BMS_a151_SW_external_isolation,yes,69,post_brake,0,0,0,0
hv_safety,0x320,BMS_alertMatrix,BMS_a151_SW_external_isolation,yes,69,final_stable,0,0,0,0
hv_safety,0x320,BMS_alertMatrix,BMS_a163_SW_Contactor_Mismatch,yes,69,pre_stable,0,0,0,0
hv_safety,0x320,BMS_alertMatrix,BMS_a163_SW_Contactor_Mismatch,yes,69,door_open,0,0,0,0
hv_safety,0x320,BMS_alertMatrix,BMS_a163_SW_Contactor_Mismatch,yes,69,door_closed,0,0,0,0
hv_safety,0x320,BMS_alertMatrix,BMS_a163_SW_Contactor_Mismatch,yes,69,brake_pressed,0,0,0,0
hv_safety,0x320,BMS_alertMatrix,BMS_a163_SW_Contactor_Mismatch,yes,69,post_brake,0,0,0,0
hv_safety,0x320,BMS_alertMatrix,BMS_a163_SW_Contactor_Mismatch,yes,69,final_stable,0,0,0,0
hv_safety,0x32C,CC_logData,CC_contactor1Closed,no,0,pre_stable,,,,0
hv_safety,0x32C,CC_logData,CC_contactor1Closed,no,0,door_open,,,,0
hv_safety,0x32C,CC_logData,CC_contactor1Closed,no,0,door_closed,,,,0
hv_safety,0x32C,CC_logData,CC_contactor1Closed,no,0,brake_pressed,,,,0
hv_safety,0x32C,CC_logData,CC_contactor1Closed,no,0,post_brake,,,,0
hv_safety,0x32C,CC_logData,CC_contactor1Closed,no,0,final_stable,,,,0
hv_safety,0x32C,CC_logData,CC_contactor2Closed,no,0,pre_stable,,,,0
hv_safety,0x32C,CC_logData,CC_contactor2Closed,no,0,door_open,,,,0
hv_safety,0x32C,CC_logData,CC_contactor2Closed,no,0,door_closed,,,,0
hv_safety,0x32C,CC_logData,CC_contactor2Closed,no,0,brake_pressed,,,,0
hv_safety,0x32C,CC_logData,CC_contactor2Closed,no,0,post_brake,,,,0
hv_safety,0x32C,CC_logData,CC_contactor2Closed,no,0,final_stable,,,,0
hv_safety,0x32F,SCM_alertMatrix1,SCM_a005_hwHVIL,no,0,pre_stable,,,,0
hv_safety,0x32F,SCM_alertMatrix1,SCM_a005_hwHVIL,no,0,door_open,,,,0
hv_safety,0x32F,SCM_alertMatrix1,SCM_a005_hwHVIL,no,0,door_closed,,,,0
hv_safety,0x32F,SCM_alertMatrix1,SCM_a005_hwHVIL,no,0,brake_pressed,,,,0
hv_safety,0x32F,SCM_alertMatrix1,SCM_a005_hwHVIL,no,0,post_brake,,,,0
hv_safety,0x32F,SCM_alertMatrix1,SCM_a005_hwHVIL,no,0,final_stable,,,,0
hv_safety,0x32F,SCM_alertMatrix1,SCM_a025_internalIsolationFault,no,0,pre_stable,,,,0
hv_safety,0x32F,SCM_alertMatrix1,SCM_a025_internalIsolationFault,no,0,door_open,,,,0
hv_safety,0x32F,SCM_alertMatrix1,SCM_a025_internalIsolationFault,no,0,door_closed,,,,0
hv_safety,0x32F,SCM_alertMatrix1,SCM_a025_internalIsolationFault,no,0,brake_pressed,,,,0
hv_safety,0x32F,SCM_alertMatrix1,SCM_a025_internalIsolationFault,no,0,post_brake,,,,0
hv_safety,0x32F,SCM_alertMatrix1,SCM_a025_internalIsolationFault,no,0,final_stable,,,,0
hv_safety,0x32F,SCM_alertMatrix1,SCM_a026_internalIsolationLow,no,0,pre_stable,,,,0
hv_safety,0x32F,SCM_alertMatrix1,SCM_a026_internalIsolationLow,no,0,door_open,,,,0
hv_safety,0x32F,SCM_alertMatrix1,SCM_a026_internalIsolationLow,no,0,door_closed,,,,0
hv_safety,0x32F,SCM_alertMatrix1,SCM_a026_internalIsolationLow,no,0,brake_pressed,,,,0
hv_safety,0x32F,SCM_alertMatrix1,SCM_a026_internalIsolationLow,no,0,post_brake,,,,0
hv_safety,0x32F,SCM_alertMatrix1,SCM_a026_internalIsolationLow,no,0,final_stable,,,,0
hv_safety,0x32F,SCM_alertMatrix1,SCM_a027_externalIsolationLow,no,0,pre_stable,,,,0
hv_safety,0x32F,SCM_alertMatrix1,SCM_a027_externalIsolationLow,no,0,door_open,,,,0
hv_safety,0x32F,SCM_alertMatrix1,SCM_a027_externalIsolationLow,no,0,door_closed,,,,0
hv_safety,0x32F,SCM_alertMatrix1,SCM_a027_externalIsolationLow,no,0,brake_pressed,,,,0
hv_safety,0x32F,SCM_alertMatrix1,SCM_a027_externalIsolationLow,no,0,post_brake,,,,0
hv_safety,0x32F,SCM_alertMatrix1,SCM_a027_externalIsolationLow,no,0,final_stable,,,,0
hv_safety,0x32F,SCM_alertMatrix1,SCM_a028_isolationRationality,no,0,pre_stable,,,,0
hv_safety,0x32F,SCM_alertMatrix1,SCM_a028_isolationRationality,no,0,door_open,,,,0
hv_safety,0x32F,SCM_alertMatrix1,SCM_a028_isolationRationality,no,0,door_closed,,,,0
hv_safety,0x32F,SCM_alertMatrix1,SCM_a028_isolationRationality,no,0,brake_pressed,,,,0
hv_safety,0x32F,SCM_alertMatrix1,SCM_a028_isolationRationality,no,0,post_brake,,,,0
hv_safety,0x32F,SCM_alertMatrix1,SCM_a028_isolationRationality,no,0,final_stable,,,,0
hv_safety,0x32F,SCM_alertMatrix1,SCM_a036_internalContactorWelded,no,0,pre_stable,,,,0
hv_safety,0x32F,SCM_alertMatrix1,SCM_a036_internalContactorWelded,no,0,door_open,,,,0
hv_safety,0x32F,SCM_alertMatrix1,SCM_a036_internalContactorWelded,no,0,door_closed,,,,0
hv_safety,0x32F,SCM_alertMatrix1,SCM_a036_internalContactorWelded,no,0,brake_pressed,,,,0
hv_safety,0x32F,SCM_alertMatrix1,SCM_a036_internalContactorWelded,no,0,post_brake,,,,0
hv_safety,0x32F,SCM_alertMatrix1,SCM_a036_internalContactorWelded,no,0,final_stable,,,,0
hv_safety,0x32F,SCM_alertMatrix1,SCM_a037_outputContactorWelded,no,0,pre_stable,,,,0
hv_safety,0x32F,SCM_alertMatrix1,SCM_a037_outputContactorWelded,no,0,door_open,,,,0
hv_safety,0x32F,SCM_alertMatrix1,SCM_a037_outputContactorWelded,no,0,door_closed,,,,0
hv_safety,0x32F,SCM_alertMatrix1,SCM_a037_outputContactorWelded,no,0,brake_pressed,,,,0
hv_safety,0x32F,SCM_alertMatrix1,SCM_a037_outputContactorWelded,no,0,post_brake,,,,0
hv_safety,0x32F,SCM_alertMatrix1,SCM_a037_outputContactorWelded,no,0,final_stable,,,,0
hv_safety,0x32F,SCM_alertMatrix1,SCM_a038_contactorFailedOpen,no,0,pre_stable,,,,0
hv_safety,0x32F,SCM_alertMatrix1,SCM_a038_contactorFailedOpen,no,0,door_open,,,,0
hv_safety,0x32F,SCM_alertMatrix1,SCM_a038_contactorFailedOpen,no,0,door_closed,,,,0
hv_safety,0x32F,SCM_alertMatrix1,SCM_a038_contactorFailedOpen,no,0,brake_pressed,,,,0
hv_safety,0x32F,SCM_alertMatrix1,SCM_a038_contactorFailedOpen,no,0,post_brake,,,,0
hv_safety,0x32F,SCM_alertMatrix1,SCM_a038_contactorFailedOpen,no,0,final_stable,,,,0
hv_safety,0x32F,SCM_alertMatrix1,SCM_a060_swHVIL,no,0,pre_stable,,,,0
hv_safety,0x32F,SCM_alertMatrix1,SCM_a060_swHVIL,no,0,door_open,,,,0
hv_safety,0x32F,SCM_alertMatrix1,SCM_a060_swHVIL,no,0,door_closed,,,,0
hv_safety,0x32F,SCM_alertMatrix1,SCM_a060_swHVIL,no,0,brake_pressed,,,,0
hv_safety,0x32F,SCM_alertMatrix1,SCM_a060_swHVIL,no,0,post_brake,,,,0
hv_safety,0x32F,SCM_alertMatrix1,SCM_a060_swHVIL,no,0,final_stable,,,,0
hv_safety,0x338,UMC_alertMatrix1,UMC_a006_contactorWelded,no,0,pre_stable,,,,0
hv_safety,0x338,UMC_alertMatrix1,UMC_a006_contactorWelded,no,0,door_open,,,,0
hv_safety,0x338,UMC_alertMatrix1,UMC_a006_contactorWelded,no,0,door_closed,,,,0
hv_safety,0x338,UMC_alertMatrix1,UMC_a006_contactorWelded,no,0,brake_pressed,,,,0
hv_safety,0x338,UMC_alertMatrix1,UMC_a006_contactorWelded,no,0,post_brake,,,,0
hv_safety,0x338,UMC_alertMatrix1,UMC_a006_contactorWelded,no,0,final_stable,,,,0
hv_safety,0x356,DI_alertMatrix1,DI_a007_hwHvilNotPresent,no,0,pre_stable,,,,0
hv_safety,0x356,DI_alertMatrix1,DI_a007_hwHvilNotPresent,no,0,door_open,,,,0
hv_safety,0x356,DI_alertMatrix1,DI_a007_hwHvilNotPresent,no,0,door_closed,,,,0
hv_safety,0x356,DI_alertMatrix1,DI_a007_hwHvilNotPresent,no,0,brake_pressed,,,,0
hv_safety,0x356,DI_alertMatrix1,DI_a007_hwHvilNotPresent,no,0,post_brake,,,,0
hv_safety,0x356,DI_alertMatrix1,DI_a007_hwHvilNotPresent,no,0,final_stable,,,,0
hv_safety,0x357,DI_alertMatrix2,DI_a086_hvilNotPresent,no,0,pre_stable,,,,0
hv_safety,0x357,DI_alertMatrix2,DI_a086_hvilNotPresent,no,0,door_open,,,,0
hv_safety,0x357,DI_alertMatrix2,DI_a086_hvilNotPresent,no,0,door_closed,,,,0
hv_safety,0x357,DI_alertMatrix2,DI_a086_hvilNotPresent,no,0,brake_pressed,,,,0
hv_safety,0x357,DI_alertMatrix2,DI_a086_hvilNotPresent,no,0,post_brake,,,,0
hv_safety,0x357,DI_alertMatrix2,DI_a086_hvilNotPresent,no,0,final_stable,,,,0
hv_safety,0x35A,DI_alertMatrix3,DI_a160_busVoltageAnomaly,no,0,pre_stable,,,,0
hv_safety,0x35A,DI_alertMatrix3,DI_a160_busVoltageAnomaly,no,0,door_open,,,,0
hv_safety,0x35A,DI_alertMatrix3,DI_a160_busVoltageAnomaly,no,0,door_closed,,,,0
hv_safety,0x35A,DI_alertMatrix3,DI_a160_busVoltageAnomaly,no,0,brake_pressed,,,,0
hv_safety,0x35A,DI_alertMatrix3,DI_a160_busVoltageAnomaly,no,0,post_brake,,,,0
hv_safety,0x35A,DI_alertMatrix3,DI_a160_busVoltageAnomaly,no,0,final_stable,,,,0
hv_safety,0x35B,DI_alertMatrix4,DI_a227_contactorsNotClosed,no,0,pre_stable,,,,0
hv_safety,0x35B,DI_alertMatrix4,DI_a227_contactorsNotClosed,no,0,door_open,,,,0
hv_safety,0x35B,DI_alertMatrix4,DI_a227_contactorsNotClosed,no,0,door_closed,,,,0
hv_safety,0x35B,DI_alertMatrix4,DI_a227_contactorsNotClosed,no,0,brake_pressed,,,,0
hv_safety,0x35B,DI_alertMatrix4,DI_a227_contactorsNotClosed,no,0,post_brake,,,,0
hv_safety,0x35B,DI_alertMatrix4,DI_a227_contactorsNotClosed,no,0,final_stable,,,,0
hv_safety,0x365,SCS_alertMatrix1,SCS_a005_hwHVIL,no,0,pre_stable,,,,0
hv_safety,0x365,SCS_alertMatrix1,SCS_a005_hwHVIL,no,0,door_open,,,,0
hv_safety,0x365,SCS_alertMatrix1,SCS_a005_hwHVIL,no,0,door_closed,,,,0
hv_safety,0x365,SCS_alertMatrix1,SCS_a005_hwHVIL,no,0,brake_pressed,,,,0
hv_safety,0x365,SCS_alertMatrix1,SCS_a005_hwHVIL,no,0,post_brake,,,,0
hv_safety,0x365,SCS_alertMatrix1,SCS_a005_hwHVIL,no,0,final_stable,,,,0
hv_safety,0x365,SCS_alertMatrix1,SCS_a025_internalIsolationFault,no,0,pre_stable,,,,0
hv_safety,0x365,SCS_alertMatrix1,SCS_a025_internalIsolationFault,no,0,door_open,,,,0
hv_safety,0x365,SCS_alertMatrix1,SCS_a025_internalIsolationFault,no,0,door_closed,,,,0
hv_safety,0x365,SCS_alertMatrix1,SCS_a025_internalIsolationFault,no,0,brake_pressed,,,,0
hv_safety,0x365,SCS_alertMatrix1,SCS_a025_internalIsolationFault,no,0,post_brake,,,,0
hv_safety,0x365,SCS_alertMatrix1,SCS_a025_internalIsolationFault,no,0,final_stable,,,,0
hv_safety,0x365,SCS_alertMatrix1,SCS_a026_internalIsolationLow,no,0,pre_stable,,,,0
hv_safety,0x365,SCS_alertMatrix1,SCS_a026_internalIsolationLow,no,0,door_open,,,,0
hv_safety,0x365,SCS_alertMatrix1,SCS_a026_internalIsolationLow,no,0,door_closed,,,,0
hv_safety,0x365,SCS_alertMatrix1,SCS_a026_internalIsolationLow,no,0,brake_pressed,,,,0
hv_safety,0x365,SCS_alertMatrix1,SCS_a026_internalIsolationLow,no,0,post_brake,,,,0
hv_safety,0x365,SCS_alertMatrix1,SCS_a026_internalIsolationLow,no,0,final_stable,,,,0
hv_safety,0x365,SCS_alertMatrix1,SCS_a027_externalIsolationLow,no,0,pre_stable,,,,0
hv_safety,0x365,SCS_alertMatrix1,SCS_a027_externalIsolationLow,no,0,door_open,,,,0
hv_safety,0x365,SCS_alertMatrix1,SCS_a027_externalIsolationLow,no,0,door_closed,,,,0
hv_safety,0x365,SCS_alertMatrix1,SCS_a027_externalIsolationLow,no,0,brake_pressed,,,,0
hv_safety,0x365,SCS_alertMatrix1,SCS_a027_externalIsolationLow,no,0,post_brake,,,,0
hv_safety,0x365,SCS_alertMatrix1,SCS_a027_externalIsolationLow,no,0,final_stable,,,,0
hv_safety,0x365,SCS_alertMatrix1,SCS_a028_isolationRationality,no,0,pre_stable,,,,0
hv_safety,0x365,SCS_alertMatrix1,SCS_a028_isolationRationality,no,0,door_open,,,,0
hv_safety,0x365,SCS_alertMatrix1,SCS_a028_isolationRationality,no,0,door_closed,,,,0
hv_safety,0x365,SCS_alertMatrix1,SCS_a028_isolationRationality,no,0,brake_pressed,,,,0
hv_safety,0x365,SCS_alertMatrix1,SCS_a028_isolationRationality,no,0,post_brake,,,,0
hv_safety,0x365,SCS_alertMatrix1,SCS_a028_isolationRationality,no,0,final_stable,,,,0
hv_safety,0x365,SCS_alertMatrix1,SCS_a036_internalContactorWelded,no,0,pre_stable,,,,0
hv_safety,0x365,SCS_alertMatrix1,SCS_a036_internalContactorWelded,no,0,door_open,,,,0
hv_safety,0x365,SCS_alertMatrix1,SCS_a036_internalContactorWelded,no,0,door_closed,,,,0
hv_safety,0x365,SCS_alertMatrix1,SCS_a036_internalContactorWelded,no,0,brake_pressed,,,,0
hv_safety,0x365,SCS_alertMatrix1,SCS_a036_internalContactorWelded,no,0,post_brake,,,,0
hv_safety,0x365,SCS_alertMatrix1,SCS_a036_internalContactorWelded,no,0,final_stable,,,,0
hv_safety,0x365,SCS_alertMatrix1,SCS_a037_outputContactorWelded,no,0,pre_stable,,,,0
hv_safety,0x365,SCS_alertMatrix1,SCS_a037_outputContactorWelded,no,0,door_open,,,,0
hv_safety,0x365,SCS_alertMatrix1,SCS_a037_outputContactorWelded,no,0,door_closed,,,,0
hv_safety,0x365,SCS_alertMatrix1,SCS_a037_outputContactorWelded,no,0,brake_pressed,,,,0
hv_safety,0x365,SCS_alertMatrix1,SCS_a037_outputContactorWelded,no,0,post_brake,,,,0
hv_safety,0x365,SCS_alertMatrix1,SCS_a037_outputContactorWelded,no,0,final_stable,,,,0
hv_safety,0x365,SCS_alertMatrix1,SCS_a038_contactorFailedOpen,no,0,pre_stable,,,,0
hv_safety,0x365,SCS_alertMatrix1,SCS_a038_contactorFailedOpen,no,0,door_open,,,,0
hv_safety,0x365,SCS_alertMatrix1,SCS_a038_contactorFailedOpen,no,0,door_closed,,,,0
hv_safety,0x365,SCS_alertMatrix1,SCS_a038_contactorFailedOpen,no,0,brake_pressed,,,,0
hv_safety,0x365,SCS_alertMatrix1,SCS_a038_contactorFailedOpen,no,0,post_brake,,,,0
hv_safety,0x365,SCS_alertMatrix1,SCS_a038_contactorFailedOpen,no,0,final_stable,,,,0
hv_safety,0x365,SCS_alertMatrix1,SCS_a060_swHVIL,no,0,pre_stable,,,,0
hv_safety,0x365,SCS_alertMatrix1,SCS_a060_swHVIL,no,0,door_open,,,,0
hv_safety,0x365,SCS_alertMatrix1,SCS_a060_swHVIL,no,0,door_closed,,,,0
hv_safety,0x365,SCS_alertMatrix1,SCS_a060_swHVIL,no,0,brake_pressed,,,,0
hv_safety,0x365,SCS_alertMatrix1,SCS_a060_swHVIL,no,0,post_brake,,,,0
hv_safety,0x365,SCS_alertMatrix1,SCS_a060_swHVIL,no,0,final_stable,,,,0
hv_safety,0x3A4,PCS_alertMatrix,PCS_a006_chgPrechargeFailedScr,yes,35,pre_stable,0,0,0,0
hv_safety,0x3A4,PCS_alertMatrix,PCS_a006_chgPrechargeFailedScr,yes,35,door_open,0,0,0,0
hv_safety,0x3A4,PCS_alertMatrix,PCS_a006_chgPrechargeFailedScr,yes,35,door_closed,0,0,0,0
hv_safety,0x3A4,PCS_alertMatrix,PCS_a006_chgPrechargeFailedScr,yes,35,brake_pressed,0,0,0,0
hv_safety,0x3A4,PCS_alertMatrix,PCS_a006_chgPrechargeFailedScr,yes,35,post_brake,0,0,0,0
hv_safety,0x3A4,PCS_alertMatrix,PCS_a006_chgPrechargeFailedScr,yes,35,final_stable,0,0,0,0
hv_safety,0x3A4,PCS_alertMatrix,PCS_a013_chgPrechargeFailedBoost,yes,35,pre_stable,0,0,0,0
hv_safety,0x3A4,PCS_alertMatrix,PCS_a013_chgPrechargeFailedBoost,yes,35,door_open,0,0,0,0
hv_safety,0x3A4,PCS_alertMatrix,PCS_a013_chgPrechargeFailedBoost,yes,35,door_closed,0,0,0,0
hv_safety,0x3A4,PCS_alertMatrix,PCS_a013_chgPrechargeFailedBoost,yes,35,brake_pressed,0,0,0,0
hv_safety,0x3A4,PCS_alertMatrix,PCS_a013_chgPrechargeFailedBoost,yes,35,post_brake,0,0,0,0
hv_safety,0x3A4,PCS_alertMatrix,PCS_a013_chgPrechargeFailedBoost,yes,35,final_stable,0,0,0,0
hv_safety,0x3A4,PCS_alertMatrix,PCS_a043_hvBusPrechargeFailure,yes,35,pre_stable,0,0,0,0
hv_safety,0x3A4,PCS_alertMatrix,PCS_a043_hvBusPrechargeFailure,yes,35,door_open,0,0,0,0
hv_safety,0x3A4,PCS_alertMatrix,PCS_a043_hvBusPrechargeFailure,yes,35,door_closed,0,0,0,0
hv_safety,0x3A4,PCS_alertMatrix,PCS_a043_hvBusPrechargeFailure,yes,35,brake_pressed,0,0,0,0
hv_safety,0x3A4,PCS_alertMatrix,PCS_a043_hvBusPrechargeFailure,yes,35,post_brake,0,0,0,0
hv_safety,0x3A4,PCS_alertMatrix,PCS_a043_hvBusPrechargeFailure,yes,35,final_stable,0,0,0,0
hv_safety,0x3A5,DIS_alertMatrix1,DIS_a007_hwHvilNotPresent,no,0,pre_stable,,,,0
hv_safety,0x3A5,DIS_alertMatrix1,DIS_a007_hwHvilNotPresent,no,0,door_open,,,,0
hv_safety,0x3A5,DIS_alertMatrix1,DIS_a007_hwHvilNotPresent,no,0,door_closed,,,,0
hv_safety,0x3A5,DIS_alertMatrix1,DIS_a007_hwHvilNotPresent,no,0,brake_pressed,,,,0
hv_safety,0x3A5,DIS_alertMatrix1,DIS_a007_hwHvilNotPresent,no,0,post_brake,,,,0
hv_safety,0x3A5,DIS_alertMatrix1,DIS_a007_hwHvilNotPresent,no,0,final_stable,,,,0
hv_safety,0x3AA,HVP_alertMatrix1,HVP_w026_HvilFault,yes,139,pre_stable,0,0,0,0
hv_safety,0x3AA,HVP_alertMatrix1,HVP_w026_HvilFault,yes,139,door_open,0,0,0,0
hv_safety,0x3AA,HVP_alertMatrix1,HVP_w026_HvilFault,yes,139,door_closed,0,0,0,0
hv_safety,0x3AA,HVP_alertMatrix1,HVP_w026_HvilFault,yes,139,brake_pressed,0,0,0,0
hv_safety,0x3AA,HVP_alertMatrix1,HVP_w026_HvilFault,yes,139,post_brake,0,0,0,0
hv_safety,0x3AA,HVP_alertMatrix1,HVP_w026_HvilFault,yes,139,final_stable,0,0,0,0
hv_safety,0x3AA,HVP_alertMatrix1,HVP_w039_PackContactorFellOpen,yes,139,pre_stable,0,0,0,0
hv_safety,0x3AA,HVP_alertMatrix1,HVP_w039_PackContactorFellOpen,yes,139,door_open,0,0,0,0
hv_safety,0x3AA,HVP_alertMatrix1,HVP_w039_PackContactorFellOpen,yes,139,door_closed,0,0,0,0
hv_safety,0x3AA,HVP_alertMatrix1,HVP_w039_PackContactorFellOpen,yes,139,brake_pressed,0,0,0,0
hv_safety,0x3AA,HVP_alertMatrix1,HVP_w039_PackContactorFellOpen,yes,139,post_brake,0,0,0,0
hv_safety,0x3AA,HVP_alertMatrix1,HVP_w039_PackContactorFellOpen,yes,139,final_stable,0,0,0,0
hv_safety,0x3AA,HVP_alertMatrix1,HVP_w040_FcContactorFellOpen,yes,139,pre_stable,0,0,0,0
hv_safety,0x3AA,HVP_alertMatrix1,HVP_w040_FcContactorFellOpen,yes,139,door_open,0,0,0,0
hv_safety,0x3AA,HVP_alertMatrix1,HVP_w040_FcContactorFellOpen,yes,139,door_closed,0,0,0,0
hv_safety,0x3AA,HVP_alertMatrix1,HVP_w040_FcContactorFellOpen,yes,139,brake_pressed,0,0,0,0
hv_safety,0x3AA,HVP_alertMatrix1,HVP_w040_FcContactorFellOpen,yes,139,post_brake,0,0,0,0
hv_safety,0x3AA,HVP_alertMatrix1,HVP_w040_FcContactorFellOpen,yes,139,final_stable,0,0,0,0
hv_safety,0x3AA,HVP_alertMatrix1,HVP_w043_packContactorForceOpen,yes,139,pre_stable,0,0,0,0
hv_safety,0x3AA,HVP_alertMatrix1,HVP_w043_packContactorForceOpen,yes,139,door_open,0,0,0,0
hv_safety,0x3AA,HVP_alertMatrix1,HVP_w043_packContactorForceOpen,yes,139,door_closed,0,0,0,0
hv_safety,0x3AA,HVP_alertMatrix1,HVP_w043_packContactorForceOpen,yes,139,brake_pressed,0,0,0,0
hv_safety,0x3AA,HVP_alertMatrix1,HVP_w043_packContactorForceOpen,yes,139,post_brake,0,0,0,0
hv_safety,0x3AA,HVP_alertMatrix1,HVP_w043_packContactorForceOpen,yes,139,final_stable,0,0,0,0
hv_safety,0x3AA,HVP_alertMatrix1,HVP_w044_fcContactorForceOpen,yes,139,pre_stable,0,0,0,0
hv_safety,0x3AA,HVP_alertMatrix1,HVP_w044_fcContactorForceOpen,yes,139,door_open,0,0,0,0
hv_safety,0x3AA,HVP_alertMatrix1,HVP_w044_fcContactorForceOpen,yes,139,door_closed,0,0,0,0
hv_safety,0x3AA,HVP_alertMatrix1,HVP_w044_fcContactorForceOpen,yes,139,brake_pressed,0,0,0,0
hv_safety,0x3AA,HVP_alertMatrix1,HVP_w044_fcContactorForceOpen,yes,139,post_brake,0,0,0,0
hv_safety,0x3AA,HVP_alertMatrix1,HVP_w044_fcContactorForceOpen,yes,139,final_stable,0,0,0,0
hv_safety,0x3B5,DIS_alertMatrix2,DIS_a086_hvilNotPresent,yes,30,pre_stable,,,,0
hv_safety,0x3B5,DIS_alertMatrix2,DIS_a086_hvilNotPresent,yes,30,door_open,,,,0
hv_safety,0x3B5,DIS_alertMatrix2,DIS_a086_hvilNotPresent,yes,30,door_closed,,,,0
hv_safety,0x3B5,DIS_alertMatrix2,DIS_a086_hvilNotPresent,yes,30,brake_pressed,0,0,0,0
hv_safety,0x3B5,DIS_alertMatrix2,DIS_a086_hvilNotPresent,yes,30,post_brake,0,0,0,0
hv_safety,0x3B5,DIS_alertMatrix2,DIS_a086_hvilNotPresent,yes,30,final_stable,0,0,0,0
hv_safety,0x3C5,DIS_alertMatrix3,DIS_a160_busVoltageAnomaly,yes,30,pre_stable,,,,0
hv_safety,0x3C5,DIS_alertMatrix3,DIS_a160_busVoltageAnomaly,yes,30,door_open,,,,0
hv_safety,0x3C5,DIS_alertMatrix3,DIS_a160_busVoltageAnomaly,yes,30,door_closed,,,,0
hv_safety,0x3C5,DIS_alertMatrix3,DIS_a160_busVoltageAnomaly,yes,30,brake_pressed,0,0,0,0
hv_safety,0x3C5,DIS_alertMatrix3,DIS_a160_busVoltageAnomaly,yes,30,post_brake,0,0,0,0
hv_safety,0x3C5,DIS_alertMatrix3,DIS_a160_busVoltageAnomaly,yes,30,final_stable,0,0,0,0
hv_safety,0x46C,CC_alertMatrix1,CC_a010_contactorWelded,no,0,pre_stable,,,,0
hv_safety,0x46C,CC_alertMatrix1,CC_a010_contactorWelded,no,0,door_open,,,,0
hv_safety,0x46C,CC_alertMatrix1,CC_a010_contactorWelded,no,0,door_closed,,,,0
hv_safety,0x46C,CC_alertMatrix1,CC_a010_contactorWelded,no,0,brake_pressed,,,,0
hv_safety,0x46C,CC_alertMatrix1,CC_a010_contactorWelded,no,0,post_brake,,,,0
hv_safety,0x46C,CC_alertMatrix1,CC_a010_contactorWelded,no,0,final_stable,,,,0
hv_safety,0x7AA,HVP_debugMessage,HVP_gpioHvilEnable,yes,69,pre_stable,1,1,1,0
hv_safety,0x7AA,HVP_debugMessage,HVP_gpioHvilEnable,yes,69,door_open,1,1,1,0
hv_safety,0x7AA,HVP_debugMessage,HVP_gpioHvilEnable,yes,69,door_closed,1,1,1,0
hv_safety,0x7AA,HVP_debugMessage,HVP_gpioHvilEnable,yes,69,brake_pressed,1,1,1,0
hv_safety,0x7AA,HVP_debugMessage,HVP_gpioHvilEnable,yes,69,post_brake,1,1,1,0
hv_safety,0x7AA,HVP_debugMessage,HVP_gpioHvilEnable,yes,69,final_stable,1,1,1,0
hv_safety,0x7AA,HVP_debugMessage,HVP_hvilInVoltage,yes,70,pre_stable,1.2,1.2,1.2,0
hv_safety,0x7AA,HVP_debugMessage,HVP_hvilInVoltage,yes,70,door_open,1.2,1.2,1.2,0
hv_safety,0x7AA,HVP_debugMessage,HVP_hvilInVoltage,yes,70,door_closed,1.2,1.2,1.2,0
hv_safety,0x7AA,HVP_debugMessage,HVP_hvilInVoltage,yes,70,brake_pressed,1.2,1.2,1.2,0
hv_safety,0x7AA,HVP_debugMessage,HVP_hvilInVoltage,yes,70,post_brake,1.2,1.2,1.2,0
hv_safety,0x7AA,HVP_debugMessage,HVP_hvilInVoltage,yes,70,final_stable,1.2,1.2,1.2,0
hv_safety,0x7AA,HVP_debugMessage,HVP_hvilOutVoltage,yes,70,pre_stable,2.6,2.6,2.6,0
hv_safety,0x7AA,HVP_debugMessage,HVP_hvilOutVoltage,yes,70,door_open,2.6,2.6,2.6,0
hv_safety,0x7AA,HVP_debugMessage,HVP_hvilOutVoltage,yes,70,door_closed,2.6,2.6,2.6,0
hv_safety,0x7AA,HVP_debugMessage,HVP_hvilOutVoltage,yes,70,brake_pressed,2.6,2.6,2.6,0
hv_safety,0x7AA,HVP_debugMessage,HVP_hvilOutVoltage,yes,70,post_brake,2.6,2.6,2.6,0
hv_safety,0x7AA,HVP_debugMessage,HVP_hvilOutVoltage,yes,70,final_stable,2.6,2.6,2.6,0
hv_safety,0x7AA,HVP_debugMessage,HVP_packVoltage,yes,69,pre_stable,348.3,348.3,348.4,4
hv_safety,0x7AA,HVP_debugMessage,HVP_packVoltage,yes,69,door_open,348.5,348.4,348.6,4
hv_safety,0x7AA,HVP_debugMessage,HVP_packVoltage,yes,69,door_closed,348.3,348.3,348.4,3
hv_safety,0x7AA,HVP_debugMessage,HVP_packVoltage,yes,69,brake_pressed,348.35,348.3,348.4,1
hv_safety,0x7AA,HVP_debugMessage,HVP_packVoltage,yes,69,post_brake,348.4,348.4,348.5,1
hv_safety,0x7AA,HVP_debugMessage,HVP_packVoltage,yes,69,final_stable,348.3,348.3,348.5,10
hv_safety,0x7D5,DI_debug,DI_hvilCmVoltage,yes,0,pre_stable,,,,0
hv_safety,0x7D5,DI_debug,DI_hvilCmVoltage,yes,0,door_open,,,,0
hv_safety,0x7D5,DI_debug,DI_hvilCmVoltage,yes,0,door_closed,,,,0
hv_safety,0x7D5,DI_debug,DI_hvilCmVoltage,yes,0,brake_pressed,,,,0
hv_safety,0x7D5,DI_debug,DI_hvilCmVoltage,yes,0,post_brake,,,,0
hv_safety,0x7D5,DI_debug,DI_hvilCmVoltage,yes,0,final_stable,,,,0
hv_safety,0x7D5,DI_debug,DI_hvilCurrent,yes,0,pre_stable,,,,0
hv_safety,0x7D5,DI_debug,DI_hvilCurrent,yes,0,door_open,,,,0
hv_safety,0x7D5,DI_debug,DI_hvilCurrent,yes,0,door_closed,,,,0
hv_safety,0x7D5,DI_debug,DI_hvilCurrent,yes,0,brake_pressed,,,,0
hv_safety,0x7D5,DI_debug,DI_hvilCurrent,yes,0,post_brake,,,,0
hv_safety,0x7D5,DI_debug,DI_hvilCurrent,yes,0,final_stable,,,,0
hv_safety,0x7D5,DI_debug,DI_pwrSatMaxBusVoltage,yes,0,pre_stable,,,,0
hv_safety,0x7D5,DI_debug,DI_pwrSatMaxBusVoltage,yes,0,door_open,,,,0
hv_safety,0x7D5,DI_debug,DI_pwrSatMaxBusVoltage,yes,0,door_closed,,,,0
hv_safety,0x7D5,DI_debug,DI_pwrSatMaxBusVoltage,yes,0,brake_pressed,,,,0
hv_safety,0x7D5,DI_debug,DI_pwrSatMaxBusVoltage,yes,0,post_brake,,,,0
hv_safety,0x7D5,DI_debug,DI_pwrSatMaxBusVoltage,yes,0,final_stable,,,,0
hv_safety,0x7D5,DI_debug,DI_pwrSatMinBusVoltage,yes,0,pre_stable,,,,0
hv_safety,0x7D5,DI_debug,DI_pwrSatMinBusVoltage,yes,0,door_open,,,,0
hv_safety,0x7D5,DI_debug,DI_pwrSatMinBusVoltage,yes,0,door_closed,,,,0
hv_safety,0x7D5,DI_debug,DI_pwrSatMinBusVoltage,yes,0,brake_pressed,,,,0
hv_safety,0x7D5,DI_debug,DI_pwrSatMinBusVoltage,yes,0,post_brake,,,,0
hv_safety,0x7D5,DI_debug,DI_pwrSatMinBusVoltage,yes,0,final_stable,,,,0
hv_safety,0x7FF,GTW_carConfig,GTW_numberHVILNodes,yes,77,pre_stable,4,,,0
hv_safety,0x7FF,GTW_carConfig,GTW_numberHVILNodes,yes,77,door_open,4,,,0
hv_safety,0x7FF,GTW_carConfig,GTW_numberHVILNodes,yes,77,door_closed,4,,,0
hv_safety,0x7FF,GTW_carConfig,GTW_numberHVILNodes,yes,77,brake_pressed,4,,,0
hv_safety,0x7FF,GTW_carConfig,GTW_numberHVILNodes,yes,77,post_brake,4,,,0
hv_safety,0x7FF,GTW_carConfig,GTW_numberHVILNodes,yes,77,final_stable,4,,,0
battery_state,0x132,BMS_hvBusStatus,BMS_packCurrent,yes,0,pre_stable,,,,0
battery_state,0x132,BMS_hvBusStatus,BMS_packCurrent,yes,0,door_open,,,,0
battery_state,0x132,BMS_hvBusStatus,BMS_packCurrent,yes,0,door_closed,,,,0
battery_state,0x132,BMS_hvBusStatus,BMS_packCurrent,yes,0,brake_pressed,,,,0
battery_state,0x132,BMS_hvBusStatus,BMS_packCurrent,yes,0,post_brake,,,,0
battery_state,0x132,BMS_hvBusStatus,BMS_packCurrent,yes,0,final_stable,,,,0
battery_state,0x212,BMS_status,BMS_minPackTemperature,yes,695,pre_stable,9,9,9,0
battery_state,0x212,BMS_status,BMS_minPackTemperature,yes,695,door_open,9,9,9,0
battery_state,0x212,BMS_status,BMS_minPackTemperature,yes,695,door_closed,9,9,9,0
battery_state,0x212,BMS_status,BMS_minPackTemperature,yes,695,brake_pressed,-15.5,-15.5,-15.5,0
battery_state,0x212,BMS_status,BMS_minPackTemperature,yes,695,post_brake,-15.5,-15.5,-15.5,0
battery_state,0x212,BMS_status,BMS_minPackTemperature,yes,695,final_stable,-15.5,-15.5,-15.5,0
battery_state,0x292,BMS_socStatus,BMS_socAvg,yes,695,pre_stable,46,46,46,0
battery_state,0x292,BMS_socStatus,BMS_socAvg,yes,695,door_open,46,46,46,0
battery_state,0x292,BMS_socStatus,BMS_socAvg,yes,695,door_closed,46,46,46,0
battery_state,0x292,BMS_socStatus,BMS_socAvg,yes,695,brake_pressed,46,46,46,0
battery_state,0x292,BMS_socStatus,BMS_socAvg,yes,695,post_brake,46,46,46,0
battery_state,0x292,BMS_socStatus,BMS_socAvg,yes,695,final_stable,46,46,46,0
battery_state,0x292,BMS_socStatus,BMS_socMax,yes,695,pre_stable,48.5,48.5,48.5,0
battery_state,0x292,BMS_socStatus,BMS_socMax,yes,695,door_open,48.4,48.4,48.5,1
battery_state,0x292,BMS_socStatus,BMS_socMax,yes,695,door_closed,48.4,48.4,48.4,0
battery_state,0x292,BMS_socStatus,BMS_socMax,yes,695,brake_pressed,48.4,48.4,48.4,0
battery_state,0x292,BMS_socStatus,BMS_socMax,yes,695,post_brake,48.4,48.4,48.4,0
battery_state,0x292,BMS_socStatus,BMS_socMax,yes,695,final_stable,48.4,48.4,48.4,0
battery_state,0x292,BMS_socStatus,BMS_socMin,yes,695,pre_stable,45.8,45.8,45.8,0
battery_state,0x292,BMS_socStatus,BMS_socMin,yes,695,door_open,45.8,45.8,45.8,0
battery_state,0x292,BMS_socStatus,BMS_socMin,yes,695,door_closed,45.8,45.8,45.8,0
battery_state,0x292,BMS_socStatus,BMS_socMin,yes,695,brake_pressed,45.8,45.8,45.8,0
battery_state,0x292,BMS_socStatus,BMS_socMin,yes,695,post_brake,45.8,45.8,45.8,0
battery_state,0x292,BMS_socStatus,BMS_socMin,yes,695,final_stable,45.8,45.8,45.8,0
battery_state,0x292,BMS_socStatus,BMS_socUI,yes,695,pre_stable,46.7,46.7,46.7,0
battery_state,0x292,BMS_socStatus,BMS_socUI,yes,695,door_open,46.7,46.7,46.7,0
battery_state,0x292,BMS_socStatus,BMS_socUI,yes,695,door_closed,46.7,46.7,46.7,0
battery_state,0x292,BMS_socStatus,BMS_socUI,yes,695,brake_pressed,46.7,46.7,46.7,0
battery_state,0x292,BMS_socStatus,BMS_socUI,yes,695,post_brake,46.7,46.7,46.7,0
battery_state,0x292,BMS_socStatus,BMS_socUI,yes,695,final_stable,46.7,46.7,46.7,0
battery_state,0x312,BMS_thermalStatus,BMS_packTMax,yes,139,pre_stable,-25,-25,-25,0
battery_state,0x312,BMS_thermalStatus,BMS_packTMax,yes,139,door_open,15,-25,15,12
battery_state,0x312,BMS_thermalStatus,BMS_packTMax,yes,139,door_closed,-5,-25,15,13
battery_state,0x312,BMS_thermalStatus,BMS_packTMax,yes,139,brake_pressed,-5,-25,15,7
battery_state,0x312,BMS_thermalStatus,BMS_packTMax,yes,139,post_brake,-25,-25,15,6
battery_state,0x312,BMS_thermalStatus,BMS_packTMax,yes,139,final_stable,-5,-25,15,37
battery_state,0x312,BMS_thermalStatus,BMS_packTMin,yes,139,pre_stable,20.125,-23,63.25,15
battery_state,0x312,BMS_thermalStatus,BMS_packTMin,yes,139,door_open,63.25,-23,63.25,12
battery_state,0x312,BMS_thermalStatus,BMS_packTMin,yes,139,door_closed,20.125,-23,63.25,13
battery_state,0x312,BMS_thermalStatus,BMS_packTMin,yes,139,brake_pressed,20.125,-23,63.25,7
battery_state,0x312,BMS_thermalStatus,BMS_packTMin,yes,139,post_brake,-23,-23,63.25,6
battery_state,0x312,BMS_thermalStatus,BMS_packTMin,yes,139,final_stable,20.125,-23,63.25,37
battery_state,0x31E,CP_alertMatrix,CP_a025_ledsOC,yes,70,pre_stable,0,0,0,0
battery_state,0x31E,CP_alertMatrix,CP_a025_ledsOC,yes,70,door_open,0,0,0,0
battery_state,0x31E,CP_alertMatrix,CP_a025_ledsOC,yes,70,door_closed,0,0,0,0
battery_state,0x31E,CP_alertMatrix,CP_a025_ledsOC,yes,70,brake_pressed,0,0,0,0
battery_state,0x31E,CP_alertMatrix,CP_a025_ledsOC,yes,70,post_brake,0,0,0,0
battery_state,0x31E,CP_alertMatrix,CP_a025_ledsOC,yes,70,final_stable,0,0,0,0
battery_state,0x332,BMS_bmbMinMax,BMS_brickVoltageMax,yes,35,pre_stable,3.286,3.286,3.286,0
battery_state,0x332,BMS_bmbMinMax,BMS_brickVoltageMax,yes,35,door_open,3.284,3.284,3.286,1
battery_state,0x332,BMS_bmbMinMax,BMS_brickVoltageMax,yes,35,door_closed,3.286,3.284,3.286,1
battery_state,0x332,BMS_bmbMinMax,BMS_brickVoltageMax,yes,35,brake_pressed,3.284,3.284,3.284,0
battery_state,0x332,BMS_bmbMinMax,BMS_brickVoltageMax,yes,35,post_brake,3.284,3.284,3.284,0
battery_state,0x332,BMS_bmbMinMax,BMS_brickVoltageMax,yes,35,final_stable,3.284,3.284,3.284,0
battery_state,0x332,BMS_bmbMinMax,BMS_brickVoltageMin,yes,35,pre_stable,3.284,3.284,3.284,0
battery_state,0x332,BMS_bmbMinMax,BMS_brickVoltageMin,yes,35,door_open,3.284,3.282,3.284,2
battery_state,0x332,BMS_bmbMinMax,BMS_brickVoltageMin,yes,35,door_closed,3.284,3.284,3.284,0
battery_state,0x332,BMS_bmbMinMax,BMS_brickVoltageMin,yes,35,brake_pressed,3.282,3.282,3.282,0
battery_state,0x332,BMS_bmbMinMax,BMS_brickVoltageMin,yes,35,post_brake,3.282,3.282,3.282,0
battery_state,0x332,BMS_bmbMinMax,BMS_brickVoltageMin,yes,35,final_stable,3.282,3.282,3.282,0
battery_state,0x33A,UI_rangeSOC,UI_actualSOC,yes,69,pre_stable,3,3,3,0
battery_state,0x33A,UI_rangeSOC,UI_actualSOC,yes,69,door_open,3,3,3,0
battery_state,0x33A,UI_rangeSOC,UI_actualSOC,yes,69,door_closed,3,3,3,0
battery_state,0x33A,UI_rangeSOC,UI_actualSOC,yes,69,brake_pressed,3,3,3,0
battery_state,0x33A,UI_rangeSOC,UI_actualSOC,yes,69,post_brake,3,3,3,0
battery_state,0x33A,UI_rangeSOC,UI_actualSOC,yes,69,final_stable,3,3,3,0
battery_state,0x33A,UI_rangeSOC,UI_usableSOC,yes,69,pre_stable,69,69,69,0
battery_state,0x33A,UI_rangeSOC,UI_usableSOC,yes,69,door_open,69,69,69,0
battery_state,0x33A,UI_rangeSOC,UI_usableSOC,yes,69,door_closed,69,69,69,0
battery_state,0x33A,UI_rangeSOC,UI_usableSOC,yes,69,brake_pressed,69,69,69,0
battery_state,0x33A,UI_rangeSOC,UI_usableSOC,yes,69,post_brake,69,69,69,0
battery_state,0x33A,UI_rangeSOC,UI_usableSOC,yes,69,final_stable,69,69,69,0
battery_state,0x7AA,HVP_debugMessage,HVP_packCurrentMia,yes,69,pre_stable,1,1,1,0
battery_state,0x7AA,HVP_debugMessage,HVP_packCurrentMia,yes,69,door_open,1,1,1,0
battery_state,0x7AA,HVP_debugMessage,HVP_packCurrentMia,yes,69,door_closed,1,1,1,0
battery_state,0x7AA,HVP_debugMessage,HVP_packCurrentMia,yes,69,brake_pressed,1,1,1,0
battery_state,0x7AA,HVP_debugMessage,HVP_packCurrentMia,yes,69,post_brake,1,1,1,0
battery_state,0x7AA,HVP_debugMessage,HVP_packCurrentMia,yes,69,final_stable,1,1,1,0
battery_boundary,0x1D6,DI_limits,DI_limitDischargePower,yes,0,pre_stable,,,,0
battery_boundary,0x1D6,DI_limits,DI_limitDischargePower,yes,0,door_open,,,,0
battery_boundary,0x1D6,DI_limits,DI_limitDischargePower,yes,0,door_closed,,,,0
battery_boundary,0x1D6,DI_limits,DI_limitDischargePower,yes,0,brake_pressed,,,,0
battery_boundary,0x1D6,DI_limits,DI_limitDischargePower,yes,0,post_brake,,,,0
battery_boundary,0x1D6,DI_limits,DI_limitDischargePower,yes,0,final_stable,,,,0
battery_boundary,0x252,BMS_powerAvailable,BMS_maxDischargePower,yes,0,pre_stable,,,,0
battery_boundary,0x252,BMS_powerAvailable,BMS_maxDischargePower,yes,0,door_open,,,,0
battery_boundary,0x252,BMS_powerAvailable,BMS_maxDischargePower,yes,0,door_closed,,,,0
battery_boundary,0x252,BMS_powerAvailable,BMS_maxDischargePower,yes,0,brake_pressed,,,,0
battery_boundary,0x252,BMS_powerAvailable,BMS_maxDischargePower,yes,0,post_brake,,,,0
battery_boundary,0x252,BMS_powerAvailable,BMS_maxDischargePower,yes,0,final_stable,,,,0
battery_boundary,0x252,BMS_powerAvailable,BMS_maxRegenPower,yes,0,pre_stable,,,,0
battery_boundary,0x252,BMS_powerAvailable,BMS_maxRegenPower,yes,0,door_open,,,,0
battery_boundary,0x252,BMS_powerAvailable,BMS_maxRegenPower,yes,0,door_closed,,,,0
battery_boundary,0x252,BMS_powerAvailable,BMS_maxRegenPower,yes,0,brake_pressed,,,,0
battery_boundary,0x252,BMS_powerAvailable,BMS_maxRegenPower,yes,0,post_brake,,,,0
battery_boundary,0x252,BMS_powerAvailable,BMS_maxRegenPower,yes,0,final_stable,,,,0
battery_boundary,0x2C1,VCFRONT_logging10Hz,VCFRONT_pumpBatteryPowerOn,yes,695,pre_stable,1,1,1,0
battery_boundary,0x2C1,VCFRONT_logging10Hz,VCFRONT_pumpBatteryPowerOn,yes,695,door_open,1,1,1,0
battery_boundary,0x2C1,VCFRONT_logging10Hz,VCFRONT_pumpBatteryPowerOn,yes,695,door_closed,1,1,1,0
battery_boundary,0x2C1,VCFRONT_logging10Hz,VCFRONT_pumpBatteryPowerOn,yes,695,brake_pressed,1,1,1,0
battery_boundary,0x2C1,VCFRONT_logging10Hz,VCFRONT_pumpBatteryPowerOn,yes,695,post_brake,1,1,1,0
battery_boundary,0x2C1,VCFRONT_logging10Hz,VCFRONT_pumpBatteryPowerOn,yes,695,final_stable,1,1,1,0
battery_boundary,0x2D2,BMS_driveLimits,BMS_maxChargeCurrent,yes,695,pre_stable,0,0,0,0
battery_boundary,0x2D2,BMS_driveLimits,BMS_maxChargeCurrent,yes,695,door_open,0,0,0,0
battery_boundary,0x2D2,BMS_driveLimits,BMS_maxChargeCurrent,yes,695,door_closed,0,0,0,0
battery_boundary,0x2D2,BMS_driveLimits,BMS_maxChargeCurrent,yes,695,brake_pressed,250,250,250,0
battery_boundary,0x2D2,BMS_driveLimits,BMS_maxChargeCurrent,yes,695,post_brake,250,250,250,0
battery_boundary,0x2D2,BMS_driveLimits,BMS_maxChargeCurrent,yes,695,final_stable,250,250,250,0
battery_boundary,0x2D2,BMS_driveLimits,BMS_maxDischargeCurrent,yes,695,pre_stable,53.376,53.376,53.376,0
battery_boundary,0x2D2,BMS_driveLimits,BMS_maxDischargeCurrent,yes,695,door_open,53.376,53.376,53.376,0
battery_boundary,0x2D2,BMS_driveLimits,BMS_maxDischargeCurrent,yes,695,door_closed,53.376,53.376,53.376,0
battery_boundary,0x2D2,BMS_driveLimits,BMS_maxDischargeCurrent,yes,695,brake_pressed,682.624,682.624,682.624,0
battery_boundary,0x2D2,BMS_driveLimits,BMS_maxDischargeCurrent,yes,695,post_brake,682.624,682.624,682.624,0
battery_boundary,0x2D2,BMS_driveLimits,BMS_maxDischargeCurrent,yes,695,final_stable,682.624,682.624,682.624,0
battery_boundary,0x357,DI_alertMatrix2,DI_a125_noBatteryPower,no,0,pre_stable,,,,0
battery_boundary,0x357,DI_alertMatrix2,DI_a125_noBatteryPower,no,0,door_open,,,,0
battery_boundary,0x357,DI_alertMatrix2,DI_a125_noBatteryPower,no,0,door_closed,,,,0
battery_boundary,0x357,DI_alertMatrix2,DI_a125_noBatteryPower,no,0,brake_pressed,,,,0
battery_boundary,0x357,DI_alertMatrix2,DI_a125_noBatteryPower,no,0,post_brake,,,,0
battery_boundary,0x357,DI_alertMatrix2,DI_a125_noBatteryPower,no,0,final_stable,,,,0
battery_boundary,0x7D5,DI_debug,DI_pwrSatMaxDischargePower,yes,0,pre_stable,,,,0
battery_boundary,0x7D5,DI_debug,DI_pwrSatMaxDischargePower,yes,0,door_open,,,,0
battery_boundary,0x7D5,DI_debug,DI_pwrSatMaxDischargePower,yes,0,door_closed,,,,0
battery_boundary,0x7D5,DI_debug,DI_pwrSatMaxDischargePower,yes,0,brake_pressed,,,,0
battery_boundary,0x7D5,DI_debug,DI_pwrSatMaxDischargePower,yes,0,post_brake,,,,0
battery_boundary,0x7D5,DI_debug,DI_pwrSatMaxDischargePower,yes,0,final_stable,,,,0
battery_boundary,0x7D5,DI_debug,DI_pwrSatMaxRegenPower,yes,0,pre_stable,,,,0
battery_boundary,0x7D5,DI_debug,DI_pwrSatMaxRegenPower,yes,0,door_open,,,,0
battery_boundary,0x7D5,DI_debug,DI_pwrSatMaxRegenPower,yes,0,door_closed,,,,0
battery_boundary,0x7D5,DI_debug,DI_pwrSatMaxRegenPower,yes,0,brake_pressed,,,,0
battery_boundary,0x7D5,DI_debug,DI_pwrSatMaxRegenPower,yes,0,post_brake,,,,0
battery_boundary,0x7D5,DI_debug,DI_pwrSatMaxRegenPower,yes,0,final_stable,,,,0
drive_command_feedback,0x108,DI_torque,DI_axleSpeed,yes,298,pre_stable,,,,0
drive_command_feedback,0x108,DI_torque,DI_axleSpeed,yes,298,door_open,,,,0
drive_command_feedback,0x108,DI_torque,DI_axleSpeed,yes,298,door_closed,,,,0
drive_command_feedback,0x108,DI_torque,DI_axleSpeed,yes,298,brake_pressed,0,-0.1,0.1,24
drive_command_feedback,0x108,DI_torque,DI_axleSpeed,yes,298,post_brake,0,-0.1,0.1,13
drive_command_feedback,0x108,DI_torque,DI_axleSpeed,yes,298,final_stable,0,-0.2,0.1,95
drive_command_feedback,0x108,DI_torque,DI_torqueActual,yes,298,pre_stable,,,,0
drive_command_feedback,0x108,DI_torque,DI_torqueActual,yes,298,door_open,,,,0
drive_command_feedback,0x108,DI_torque,DI_torqueActual,yes,298,door_closed,,,,0
drive_command_feedback,0x108,DI_torque,DI_torqueActual,yes,298,brake_pressed,0,0,0,0
drive_command_feedback,0x108,DI_torque,DI_torqueActual,yes,298,post_brake,0,0,0,0
drive_command_feedback,0x108,DI_torque,DI_torqueActual,yes,298,final_stable,0,0,0,0
drive_command_feedback,0x108,DI_torque,DI_torqueCommand,yes,298,pre_stable,,,,0
drive_command_feedback,0x108,DI_torque,DI_torqueCommand,yes,298,door_open,,,,0
drive_command_feedback,0x108,DI_torque,DI_torqueCommand,yes,298,door_closed,,,,0
drive_command_feedback,0x108,DI_torque,DI_torqueCommand,yes,298,brake_pressed,0,0,0,0
drive_command_feedback,0x108,DI_torque,DI_torqueCommand,yes,298,post_brake,0,0,0,0
drive_command_feedback,0x108,DI_torque,DI_torqueCommand,yes,298,final_stable,0,0,0,0
drive_command_feedback,0x186,DIS_frontTorque,DIS_frontAxleSpeed,no,0,pre_stable,,,,0
drive_command_feedback,0x186,DIS_frontTorque,DIS_frontAxleSpeed,no,0,door_open,,,,0
drive_command_feedback,0x186,DIS_frontTorque,DIS_frontAxleSpeed,no,0,door_closed,,,,0
drive_command_feedback,0x186,DIS_frontTorque,DIS_frontAxleSpeed,no,0,brake_pressed,,,,0
drive_command_feedback,0x186,DIS_frontTorque,DIS_frontAxleSpeed,no,0,post_brake,,,,0
drive_command_feedback,0x186,DIS_frontTorque,DIS_frontAxleSpeed,no,0,final_stable,,,,0
drive_command_feedback,0x186,DIS_frontTorque,DIS_frontTorqueActual,no,0,pre_stable,,,,0
drive_command_feedback,0x186,DIS_frontTorque,DIS_frontTorqueActual,no,0,door_open,,,,0
drive_command_feedback,0x186,DIS_frontTorque,DIS_frontTorqueActual,no,0,door_closed,,,,0
drive_command_feedback,0x186,DIS_frontTorque,DIS_frontTorqueActual,no,0,brake_pressed,,,,0
drive_command_feedback,0x186,DIS_frontTorque,DIS_frontTorqueActual,no,0,post_brake,,,,0
drive_command_feedback,0x186,DIS_frontTorque,DIS_frontTorqueActual,no,0,final_stable,,,,0
drive_command_feedback,0x186,DIS_frontTorque,DIS_frontTorqueCommand,no,0,pre_stable,,,,0
drive_command_feedback,0x186,DIS_frontTorque,DIS_frontTorqueCommand,no,0,door_open,,,,0
drive_command_feedback,0x186,DIS_frontTorque,DIS_frontTorqueCommand,no,0,door_closed,,,,0
drive_command_feedback,0x186,DIS_frontTorque,DIS_frontTorqueCommand,no,0,brake_pressed,,,,0
drive_command_feedback,0x186,DIS_frontTorque,DIS_frontTorqueCommand,no,0,post_brake,,,,0
drive_command_feedback,0x186,DIS_frontTorque,DIS_frontTorqueCommand,no,0,final_stable,,,,0
drive_command_feedback,0x1D6,DI_limits,DI_limitMotorSpeed,yes,0,pre_stable,,,,0
drive_command_feedback,0x1D6,DI_limits,DI_limitMotorSpeed,yes,0,door_open,,,,0
drive_command_feedback,0x1D6,DI_limits,DI_limitMotorSpeed,yes,0,door_closed,,,,0
drive_command_feedback,0x1D6,DI_limits,DI_limitMotorSpeed,yes,0,brake_pressed,,,,0
drive_command_feedback,0x1D6,DI_limits,DI_limitMotorSpeed,yes,0,post_brake,,,,0
drive_command_feedback,0x1D6,DI_limits,DI_limitMotorSpeed,yes,0,final_stable,,,,0
drive_command_feedback,0x1D8,DIS_torque,DIS_axleSpeed,yes,0,pre_stable,,,,0
drive_command_feedback,0x1D8,DIS_torque,DIS_axleSpeed,yes,0,door_open,,,,0
drive_command_feedback,0x1D8,DIS_torque,DIS_axleSpeed,yes,0,door_closed,,,,0
drive_command_feedback,0x1D8,DIS_torque,DIS_axleSpeed,yes,0,brake_pressed,,,,0
drive_command_feedback,0x1D8,DIS_torque,DIS_axleSpeed,yes,0,post_brake,,,,0
drive_command_feedback,0x1D8,DIS_torque,DIS_axleSpeed,yes,0,final_stable,,,,0
drive_command_feedback,0x1D8,DIS_torque,DIS_torqueActual,yes,0,pre_stable,,,,0
drive_command_feedback,0x1D8,DIS_torque,DIS_torqueActual,yes,0,door_open,,,,0
drive_command_feedback,0x1D8,DIS_torque,DIS_torqueActual,yes,0,door_closed,,,,0
drive_command_feedback,0x1D8,DIS_torque,DIS_torqueActual,yes,0,brake_pressed,,,,0
drive_command_feedback,0x1D8,DIS_torque,DIS_torqueActual,yes,0,post_brake,,,,0
drive_command_feedback,0x1D8,DIS_torque,DIS_torqueActual,yes,0,final_stable,,,,0
drive_command_feedback,0x1D8,DIS_torque,DIS_torqueCommand,yes,0,pre_stable,,,,0
drive_command_feedback,0x1D8,DIS_torque,DIS_torqueCommand,yes,0,door_open,,,,0
drive_command_feedback,0x1D8,DIS_torque,DIS_torqueCommand,yes,0,door_closed,,,,0
drive_command_feedback,0x1D8,DIS_torque,DIS_torqueCommand,yes,0,brake_pressed,,,,0
drive_command_feedback,0x1D8,DIS_torque,DIS_torqueCommand,yes,0,post_brake,,,,0
drive_command_feedback,0x1D8,DIS_torque,DIS_torqueCommand,yes,0,final_stable,,,,0
drive_command_feedback,0x357,DI_alertMatrix2,DI_a073_motorSpeed,no,0,pre_stable,,,,0
drive_command_feedback,0x357,DI_alertMatrix2,DI_a073_motorSpeed,no,0,door_open,,,,0
drive_command_feedback,0x357,DI_alertMatrix2,DI_a073_motorSpeed,no,0,door_closed,,,,0
drive_command_feedback,0x357,DI_alertMatrix2,DI_a073_motorSpeed,no,0,brake_pressed,,,,0
drive_command_feedback,0x357,DI_alertMatrix2,DI_a073_motorSpeed,no,0,post_brake,,,,0
drive_command_feedback,0x357,DI_alertMatrix2,DI_a073_motorSpeed,no,0,final_stable,,,,0
drive_command_feedback,0x357,DI_alertMatrix2,DI_a075_motorSpeedMismatch,no,0,pre_stable,,,,0
drive_command_feedback,0x357,DI_alertMatrix2,DI_a075_motorSpeedMismatch,no,0,door_open,,,,0
drive_command_feedback,0x357,DI_alertMatrix2,DI_a075_motorSpeedMismatch,no,0,door_closed,,,,0
drive_command_feedback,0x357,DI_alertMatrix2,DI_a075_motorSpeedMismatch,no,0,brake_pressed,,,,0
drive_command_feedback,0x357,DI_alertMatrix2,DI_a075_motorSpeedMismatch,no,0,post_brake,,,,0
drive_command_feedback,0x357,DI_alertMatrix2,DI_a075_motorSpeedMismatch,no,0,final_stable,,,,0
drive_command_feedback,0x357,DI_alertMatrix2,DI_a114_noMotorSpeed,no,0,pre_stable,,,,0
drive_command_feedback,0x357,DI_alertMatrix2,DI_a114_noMotorSpeed,no,0,door_open,,,,0
drive_command_feedback,0x357,DI_alertMatrix2,DI_a114_noMotorSpeed,no,0,door_closed,,,,0
drive_command_feedback,0x357,DI_alertMatrix2,DI_a114_noMotorSpeed,no,0,brake_pressed,,,,0
drive_command_feedback,0x357,DI_alertMatrix2,DI_a114_noMotorSpeed,no,0,post_brake,,,,0
drive_command_feedback,0x357,DI_alertMatrix2,DI_a114_noMotorSpeed,no,0,final_stable,,,,0
drive_command_feedback,0x35B,DI_alertMatrix4,DI_a211_vdcMotorSpeeds,no,0,pre_stable,,,,0
drive_command_feedback,0x35B,DI_alertMatrix4,DI_a211_vdcMotorSpeeds,no,0,door_open,,,,0
drive_command_feedback,0x35B,DI_alertMatrix4,DI_a211_vdcMotorSpeeds,no,0,door_closed,,,,0
drive_command_feedback,0x35B,DI_alertMatrix4,DI_a211_vdcMotorSpeeds,no,0,brake_pressed,,,,0
drive_command_feedback,0x35B,DI_alertMatrix4,DI_a211_vdcMotorSpeeds,no,0,post_brake,,,,0
drive_command_feedback,0x35B,DI_alertMatrix4,DI_a211_vdcMotorSpeeds,no,0,final_stable,,,,0
drive_command_feedback,0x35D,IBST_alertMatrix,IBST_a082_motorSpeedDeviation,no,0,pre_stable,,,,0
drive_command_feedback,0x35D,IBST_alertMatrix,IBST_a082_motorSpeedDeviation,no,0,door_open,,,,0
drive_command_feedback,0x35D,IBST_alertMatrix,IBST_a082_motorSpeedDeviation,no,0,door_closed,,,,0
drive_command_feedback,0x35D,IBST_alertMatrix,IBST_a082_motorSpeedDeviation,no,0,brake_pressed,,,,0
drive_command_feedback,0x35D,IBST_alertMatrix,IBST_a082_motorSpeedDeviation,no,0,post_brake,,,,0
drive_command_feedback,0x35D,IBST_alertMatrix,IBST_a082_motorSpeedDeviation,no,0,final_stable,,,,0
drive_command_feedback,0x3B5,DIS_alertMatrix2,DIS_a073_motorSpeed,yes,30,pre_stable,,,,0
drive_command_feedback,0x3B5,DIS_alertMatrix2,DIS_a073_motorSpeed,yes,30,door_open,,,,0
drive_command_feedback,0x3B5,DIS_alertMatrix2,DIS_a073_motorSpeed,yes,30,door_closed,,,,0
drive_command_feedback,0x3B5,DIS_alertMatrix2,DIS_a073_motorSpeed,yes,30,brake_pressed,0,0,0,0
drive_command_feedback,0x3B5,DIS_alertMatrix2,DIS_a073_motorSpeed,yes,30,post_brake,0,0,0,0
drive_command_feedback,0x3B5,DIS_alertMatrix2,DIS_a073_motorSpeed,yes,30,final_stable,0,0,0,0
drive_command_feedback,0x3B5,DIS_alertMatrix2,DIS_a075_motorSpeedMismatch,yes,30,pre_stable,,,,0
drive_command_feedback,0x3B5,DIS_alertMatrix2,DIS_a075_motorSpeedMismatch,yes,30,door_open,,,,0
drive_command_feedback,0x3B5,DIS_alertMatrix2,DIS_a075_motorSpeedMismatch,yes,30,door_closed,,,,0
drive_command_feedback,0x3B5,DIS_alertMatrix2,DIS_a075_motorSpeedMismatch,yes,30,brake_pressed,0,0,0,0
drive_command_feedback,0x3B5,DIS_alertMatrix2,DIS_a075_motorSpeedMismatch,yes,30,post_brake,0,0,0,0
drive_command_feedback,0x3B5,DIS_alertMatrix2,DIS_a075_motorSpeedMismatch,yes,30,final_stable,0,0,0,0
drive_command_feedback,0x3B5,DIS_alertMatrix2,DIS_a114_noMotorSpeed,yes,30,pre_stable,,,,0
drive_command_feedback,0x3B5,DIS_alertMatrix2,DIS_a114_noMotorSpeed,yes,30,door_open,,,,0
drive_command_feedback,0x3B5,DIS_alertMatrix2,DIS_a114_noMotorSpeed,yes,30,door_closed,,,,0
drive_command_feedback,0x3B5,DIS_alertMatrix2,DIS_a114_noMotorSpeed,yes,30,brake_pressed,0,0,0,0
drive_command_feedback,0x3B5,DIS_alertMatrix2,DIS_a114_noMotorSpeed,yes,30,post_brake,0,0,0,0
drive_command_feedback,0x3B5,DIS_alertMatrix2,DIS_a114_noMotorSpeed,yes,30,final_stable,0,0,0,0
drive_command_feedback,0x3D5,ESP_alertMatrix,ESP_a207_DITorqueCommandInvalid,yes,0,pre_stable,,,,0
drive_command_feedback,0x3D5,ESP_alertMatrix,ESP_a207_DITorqueCommandInvalid,yes,0,door_open,,,,0
drive_command_feedback,0x3D5,ESP_alertMatrix,ESP_a207_DITorqueCommandInvalid,yes,0,door_closed,,,,0
drive_command_feedback,0x3D5,ESP_alertMatrix,ESP_a207_DITorqueCommandInvalid,yes,0,brake_pressed,,,,0
drive_command_feedback,0x3D5,ESP_alertMatrix,ESP_a207_DITorqueCommandInvalid,yes,0,post_brake,,,,0
drive_command_feedback,0x3D5,ESP_alertMatrix,ESP_a207_DITorqueCommandInvalid,yes,0,final_stable,,,,0
drive_command_feedback,0x3D5,ESP_alertMatrix,ESP_a209_DITorqueActualInvalid,yes,0,pre_stable,,,,0
drive_command_feedback,0x3D5,ESP_alertMatrix,ESP_a209_DITorqueActualInvalid,yes,0,door_open,,,,0
drive_command_feedback,0x3D5,ESP_alertMatrix,ESP_a209_DITorqueActualInvalid,yes,0,door_closed,,,,0
drive_command_feedback,0x3D5,ESP_alertMatrix,ESP_a209_DITorqueActualInvalid,yes,0,brake_pressed,,,,0
drive_command_feedback,0x3D5,ESP_alertMatrix,ESP_a209_DITorqueActualInvalid,yes,0,post_brake,,,,0
drive_command_feedback,0x3D5,ESP_alertMatrix,ESP_a209_DITorqueActualInvalid,yes,0,final_stable,,,,0
drive_command_feedback,0x3D5,ESP_alertMatrix,ESP_a214_DISTorqueCommandInvalid,yes,0,pre_stable,,,,0
drive_command_feedback,0x3D5,ESP_alertMatrix,ESP_a214_DISTorqueCommandInvalid,yes,0,door_open,,,,0
drive_command_feedback,0x3D5,ESP_alertMatrix,ESP_a214_DISTorqueCommandInvalid,yes,0,door_closed,,,,0
drive_command_feedback,0x3D5,ESP_alertMatrix,ESP_a214_DISTorqueCommandInvalid,yes,0,brake_pressed,,,,0
drive_command_feedback,0x3D5,ESP_alertMatrix,ESP_a214_DISTorqueCommandInvalid,yes,0,post_brake,,,,0
drive_command_feedback,0x3D5,ESP_alertMatrix,ESP_a214_DISTorqueCommandInvalid,yes,0,final_stable,,,,0
drive_command_feedback,0x3D5,ESP_alertMatrix,ESP_a216_DISTorqueActualInvalid,yes,0,pre_stable,,,,0
drive_command_feedback,0x3D5,ESP_alertMatrix,ESP_a216_DISTorqueActualInvalid,yes,0,door_open,,,,0
drive_command_feedback,0x3D5,ESP_alertMatrix,ESP_a216_DISTorqueActualInvalid,yes,0,door_closed,,,,0
drive_command_feedback,0x3D5,ESP_alertMatrix,ESP_a216_DISTorqueActualInvalid,yes,0,brake_pressed,,,,0
drive_command_feedback,0x3D5,ESP_alertMatrix,ESP_a216_DISTorqueActualInvalid,yes,0,post_brake,,,,0
drive_command_feedback,0x3D5,ESP_alertMatrix,ESP_a216_DISTorqueActualInvalid,yes,0,final_stable,,,,0
drive_command_feedback,0x7D5,DI_debug,DI_systemTorqueCommand,yes,0,pre_stable,,,,0
drive_command_feedback,0x7D5,DI_debug,DI_systemTorqueCommand,yes,0,door_open,,,,0
drive_command_feedback,0x7D5,DI_debug,DI_systemTorqueCommand,yes,0,door_closed,,,,0
drive_command_feedback,0x7D5,DI_debug,DI_systemTorqueCommand,yes,0,brake_pressed,,,,0
drive_command_feedback,0x7D5,DI_debug,DI_systemTorqueCommand,yes,0,post_brake,,,,0
drive_command_feedback,0x7D5,DI_debug,DI_systemTorqueCommand,yes,0,final_stable,,,,0
drive_command_feedback,0x7D5,DI_debug,DI_tqScaleMaxMotorSpeed,yes,0,pre_stable,,,,0
drive_command_feedback,0x7D5,DI_debug,DI_tqScaleMaxMotorSpeed,yes,0,door_open,,,,0
drive_command_feedback,0x7D5,DI_debug,DI_tqScaleMaxMotorSpeed,yes,0,door_closed,,,,0
drive_command_feedback,0x7D5,DI_debug,DI_tqScaleMaxMotorSpeed,yes,0,brake_pressed,,,,0
drive_command_feedback,0x7D5,DI_debug,DI_tqScaleMaxMotorSpeed,yes,0,post_brake,,,,0
drive_command_feedback,0x7D5,DI_debug,DI_tqScaleMaxMotorSpeed,yes,0,final_stable,,,,0
drive_boundary,0x1D6,DI_limits,DI_limitDriveTorque,yes,0,pre_stable,,,,0
drive_boundary,0x1D6,DI_limits,DI_limitDriveTorque,yes,0,door_open,,,,0
drive_boundary,0x1D6,DI_limits,DI_limitDriveTorque,yes,0,door_closed,,,,0
drive_boundary,0x1D6,DI_limits,DI_limitDriveTorque,yes,0,brake_pressed,,,,0
drive_boundary,0x1D6,DI_limits,DI_limitDriveTorque,yes,0,post_brake,,,,0
drive_boundary,0x1D6,DI_limits,DI_limitDriveTorque,yes,0,final_stable,,,,0
drive_boundary,0x1D6,DI_limits,DI_limitRegenTorque,yes,0,pre_stable,,,,0
drive_boundary,0x1D6,DI_limits,DI_limitRegenTorque,yes,0,door_open,,,,0
drive_boundary,0x1D6,DI_limits,DI_limitRegenTorque,yes,0,door_closed,,,,0
drive_boundary,0x1D6,DI_limits,DI_limitRegenTorque,yes,0,brake_pressed,,,,0
drive_boundary,0x1D6,DI_limits,DI_limitRegenTorque,yes,0,post_brake,,,,0
drive_boundary,0x1D6,DI_limits,DI_limitRegenTorque,yes,0,final_stable,,,,0
drive_boundary,0x1D6,DI_limits,DI_limitRotorTemp,yes,0,pre_stable,,,,0
drive_boundary,0x1D6,DI_limits,DI_limitRotorTemp,yes,0,door_open,,,,0
drive_boundary,0x1D6,DI_limits,DI_limitRotorTemp,yes,0,door_closed,,,,0
drive_boundary,0x1D6,DI_limits,DI_limitRotorTemp,yes,0,brake_pressed,,,,0
drive_boundary,0x1D6,DI_limits,DI_limitRotorTemp,yes,0,post_brake,,,,0
drive_boundary,0x1D6,DI_limits,DI_limitRotorTemp,yes,0,final_stable,,,,0
drive_boundary,0x758,DI_dyno,DI_pedalMaxTorque,no,0,pre_stable,,,,0
drive_boundary,0x758,DI_dyno,DI_pedalMaxTorque,no,0,door_open,,,,0
drive_boundary,0x758,DI_dyno,DI_pedalMaxTorque,no,0,door_closed,,,,0
drive_boundary,0x758,DI_dyno,DI_pedalMaxTorque,no,0,brake_pressed,,,,0
drive_boundary,0x758,DI_dyno,DI_pedalMaxTorque,no,0,post_brake,,,,0
drive_boundary,0x758,DI_dyno,DI_pedalMaxTorque,no,0,final_stable,,,,0
drive_boundary,0x758,DI_dyno,DI_pedalMinTorque,no,0,pre_stable,,,,0
drive_boundary,0x758,DI_dyno,DI_pedalMinTorque,no,0,door_open,,,,0
drive_boundary,0x758,DI_dyno,DI_pedalMinTorque,no,0,door_closed,,,,0
drive_boundary,0x758,DI_dyno,DI_pedalMinTorque,no,0,brake_pressed,,,,0
drive_boundary,0x758,DI_dyno,DI_pedalMinTorque,no,0,post_brake,,,,0
drive_boundary,0x758,DI_dyno,DI_pedalMinTorque,no,0,final_stable,,,,0
drive_boundary,0x758,DI_dyno,DI_postPedalMaxTorque,no,0,pre_stable,,,,0
drive_boundary,0x758,DI_dyno,DI_postPedalMaxTorque,no,0,door_open,,,,0
drive_boundary,0x758,DI_dyno,DI_postPedalMaxTorque,no,0,door_closed,,,,0
drive_boundary,0x758,DI_dyno,DI_postPedalMaxTorque,no,0,brake_pressed,,,,0
drive_boundary,0x758,DI_dyno,DI_postPedalMaxTorque,no,0,post_brake,,,,0
drive_boundary,0x758,DI_dyno,DI_postPedalMaxTorque,no,0,final_stable,,,,0
drive_boundary,0x758,DI_dyno,DI_postPedalMinTorque,no,0,pre_stable,,,,0
drive_boundary,0x758,DI_dyno,DI_postPedalMinTorque,no,0,door_open,,,,0
drive_boundary,0x758,DI_dyno,DI_postPedalMinTorque,no,0,door_closed,,,,0
drive_boundary,0x758,DI_dyno,DI_postPedalMinTorque,no,0,brake_pressed,,,,0
drive_boundary,0x758,DI_dyno,DI_postPedalMinTorque,no,0,post_brake,,,,0
drive_boundary,0x758,DI_dyno,DI_postPedalMinTorque,no,0,final_stable,,,,0
drive_boundary,0x7D5,DI_debug,DI_pwrSatChargeCurrent,yes,0,pre_stable,,,,0
drive_boundary,0x7D5,DI_debug,DI_pwrSatChargeCurrent,yes,0,door_open,,,,0
drive_boundary,0x7D5,DI_debug,DI_pwrSatChargeCurrent,yes,0,door_closed,,,,0
drive_boundary,0x7D5,DI_debug,DI_pwrSatChargeCurrent,yes,0,brake_pressed,,,,0
drive_boundary,0x7D5,DI_debug,DI_pwrSatChargeCurrent,yes,0,post_brake,,,,0
drive_boundary,0x7D5,DI_debug,DI_pwrSatChargeCurrent,yes,0,final_stable,,,,0
drive_boundary,0x7D5,DI_debug,DI_pwrSatDischargeCurrent,yes,0,pre_stable,,,,0
drive_boundary,0x7D5,DI_debug,DI_pwrSatDischargeCurrent,yes,0,door_open,,,,0
drive_boundary,0x7D5,DI_debug,DI_pwrSatDischargeCurrent,yes,0,door_closed,,,,0
drive_boundary,0x7D5,DI_debug,DI_pwrSatDischargeCurrent,yes,0,brake_pressed,,,,0
drive_boundary,0x7D5,DI_debug,DI_pwrSatDischargeCurrent,yes,0,post_brake,,,,0
drive_boundary,0x7D5,DI_debug,DI_pwrSatDischargeCurrent,yes,0,final_stable,,,,0
drive_boundary,0x7D5,DI_debug,DI_sysPedalMaxTorque,yes,298,pre_stable,,,,0
drive_boundary,0x7D5,DI_debug,DI_sysPedalMaxTorque,yes,298,door_open,,,,0
drive_boundary,0x7D5,DI_debug,DI_sysPedalMaxTorque,yes,298,door_closed,,,,0
drive_boundary,0x7D5,DI_debug,DI_sysPedalMaxTorque,yes,298,brake_pressed,0,0,0,0
drive_boundary,0x7D5,DI_debug,DI_sysPedalMaxTorque,yes,298,post_brake,0,0,0,0
drive_boundary,0x7D5,DI_debug,DI_sysPedalMaxTorque,yes,298,final_stable,0,0,0,0
drive_boundary,0x7D5,DI_debug,DI_sysPedalMinTorque,yes,298,pre_stable,,,,0
drive_boundary,0x7D5,DI_debug,DI_sysPedalMinTorque,yes,298,door_open,,,,0
drive_boundary,0x7D5,DI_debug,DI_sysPedalMinTorque,yes,298,door_closed,,,,0
drive_boundary,0x7D5,DI_debug,DI_sysPedalMinTorque,yes,298,brake_pressed,-25.5,-25.5,-25.5,0
drive_boundary,0x7D5,DI_debug,DI_sysPedalMinTorque,yes,298,post_brake,-25.5,-25.5,-25.5,0
drive_boundary,0x7D5,DI_debug,DI_sysPedalMinTorque,yes,298,final_stable,-25.5,-25.5,-25.5,0
drive_boundary,0x7D5,DI_debug,DI_sysPostPedalMaxTorque,yes,298,pre_stable,,,,0
drive_boundary,0x7D5,DI_debug,DI_sysPostPedalMaxTorque,yes,298,door_open,,,,0
drive_boundary,0x7D5,DI_debug,DI_sysPostPedalMaxTorque,yes,298,door_closed,,,,0
drive_boundary,0x7D5,DI_debug,DI_sysPostPedalMaxTorque,yes,298,brake_pressed,0,0,0,0
drive_boundary,0x7D5,DI_debug,DI_sysPostPedalMaxTorque,yes,298,post_brake,0,0,0,0
drive_boundary,0x7D5,DI_debug,DI_sysPostPedalMaxTorque,yes,298,final_stable,0,0,0,0
drive_boundary,0x7D5,DI_debug,DI_sysPostPedalMinTorque,yes,298,pre_stable,,,,0
drive_boundary,0x7D5,DI_debug,DI_sysPostPedalMinTorque,yes,298,door_open,,,,0
drive_boundary,0x7D5,DI_debug,DI_sysPostPedalMinTorque,yes,298,door_closed,,,,0
drive_boundary,0x7D5,DI_debug,DI_sysPostPedalMinTorque,yes,298,brake_pressed,-1638.3,-1638.3,-1638.3,0
drive_boundary,0x7D5,DI_debug,DI_sysPostPedalMinTorque,yes,298,post_brake,-1638.3,-1638.3,-1638.3,0
drive_boundary,0x7D5,DI_debug,DI_sysPostPedalMinTorque,yes,298,final_stable,-1638.3,-1638.3,-1638.3,0
drive_boundary,0x7D5,DI_debug,DI_tqSatMotorCurrent,yes,0,pre_stable,,,,0
drive_boundary,0x7D5,DI_debug,DI_tqSatMotorCurrent,yes,0,door_open,,,,0
drive_boundary,0x7D5,DI_debug,DI_tqSatMotorCurrent,yes,0,door_closed,,,,0
drive_boundary,0x7D5,DI_debug,DI_tqSatMotorCurrent,yes,0,brake_pressed,,,,0
drive_boundary,0x7D5,DI_debug,DI_tqSatMotorCurrent,yes,0,post_brake,,,,0
drive_boundary,0x7D5,DI_debug,DI_tqSatMotorCurrent,yes,0,final_stable,,,,0
drive_boundary,0x7D5,DI_debug,DI_tqSatMotorVoltage,yes,0,pre_stable,,,,0
drive_boundary,0x7D5,DI_debug,DI_tqSatMotorVoltage,yes,0,door_open,,,,0
drive_boundary,0x7D5,DI_debug,DI_tqSatMotorVoltage,yes,0,door_closed,,,,0
drive_boundary,0x7D5,DI_debug,DI_tqSatMotorVoltage,yes,0,brake_pressed,,,,0
drive_boundary,0x7D5,DI_debug,DI_tqSatMotorVoltage,yes,0,post_brake,,,,0
drive_boundary,0x7D5,DI_debug,DI_tqSatMotorVoltage,yes,0,final_stable,,,,0
drive_boundary,0x7D5,DI_debug,DI_tqSatThermal,yes,0,pre_stable,,,,0
drive_boundary,0x7D5,DI_debug,DI_tqSatThermal,yes,0,door_open,,,,0
drive_boundary,0x7D5,DI_debug,DI_tqSatThermal,yes,0,door_closed,,,,0
drive_boundary,0x7D5,DI_debug,DI_tqSatThermal,yes,0,brake_pressed,,,,0
drive_boundary,0x7D5,DI_debug,DI_tqSatThermal,yes,0,post_brake,,,,0
drive_boundary,0x7D5,DI_debug,DI_tqSatThermal,yes,0,final_stable,,,,0
drive_boundary,0x7D5,DI_debug,DI_tqSatUiDriveTorque,yes,0,pre_stable,,,,0
drive_boundary,0x7D5,DI_debug,DI_tqSatUiDriveTorque,yes,0,door_open,,,,0
drive_boundary,0x7D5,DI_debug,DI_tqSatUiDriveTorque,yes,0,door_closed,,,,0
drive_boundary,0x7D5,DI_debug,DI_tqSatUiDriveTorque,yes,0,brake_pressed,,,,0
drive_boundary,0x7D5,DI_debug,DI_tqSatUiDriveTorque,yes,0,post_brake,,,,0
drive_boundary,0x7D5,DI_debug,DI_tqSatUiDriveTorque,yes,0,final_stable,,,,0
drive_boundary,0x7D5,DI_debug,DI_tqSatUiRegenTorque,yes,0,pre_stable,,,,0
drive_boundary,0x7D5,DI_debug,DI_tqSatUiRegenTorque,yes,0,door_open,,,,0
drive_boundary,0x7D5,DI_debug,DI_tqSatUiRegenTorque,yes,0,door_closed,,,,0
drive_boundary,0x7D5,DI_debug,DI_tqSatUiRegenTorque,yes,0,brake_pressed,,,,0
drive_boundary,0x7D5,DI_debug,DI_tqSatUiRegenTorque,yes,0,post_brake,,,,0
drive_boundary,0x7D5,DI_debug,DI_tqSatUiRegenTorque,yes,0,final_stable,,,,0
resolver_position,0x304,PM_alertMatrix1,PM_a055_resolver,no,0,pre_stable,,,,0
resolver_position,0x304,PM_alertMatrix1,PM_a055_resolver,no,0,door_open,,,,0
resolver_position,0x304,PM_alertMatrix1,PM_a055_resolver,no,0,door_closed,,,,0
resolver_position,0x304,PM_alertMatrix1,PM_a055_resolver,no,0,brake_pressed,,,,0
resolver_position,0x304,PM_alertMatrix1,PM_a055_resolver,no,0,post_brake,,,,0
resolver_position,0x304,PM_alertMatrix1,PM_a055_resolver,no,0,final_stable,,,,0
resolver_position,0x35A,DI_alertMatrix3,DI_a154_resolver,no,0,pre_stable,,,,0
resolver_position,0x35A,DI_alertMatrix3,DI_a154_resolver,no,0,door_open,,,,0
resolver_position,0x35A,DI_alertMatrix3,DI_a154_resolver,no,0,door_closed,,,,0
resolver_position,0x35A,DI_alertMatrix3,DI_a154_resolver,no,0,brake_pressed,,,,0
resolver_position,0x35A,DI_alertMatrix3,DI_a154_resolver,no,0,post_brake,,,,0
resolver_position,0x35A,DI_alertMatrix3,DI_a154_resolver,no,0,final_stable,,,,0
resolver_position,0x384,PMS_alertMatrix1,PMS_w055_resolver,yes,30,pre_stable,,,,0
resolver_position,0x384,PMS_alertMatrix1,PMS_w055_resolver,yes,30,door_open,,,,0
resolver_position,0x384,PMS_alertMatrix1,PMS_w055_resolver,yes,30,door_closed,,,,0
resolver_position,0x384,PMS_alertMatrix1,PMS_w055_resolver,yes,30,brake_pressed,0,0,0,0
resolver_position,0x384,PMS_alertMatrix1,PMS_w055_resolver,yes,30,post_brake,0,0,0,0
resolver_position,0x384,PMS_alertMatrix1,PMS_w055_resolver,yes,30,final_stable,0,0,0,0
resolver_position,0x3C5,DIS_alertMatrix3,DIS_a154_resolver,yes,30,pre_stable,,,,0
resolver_position,0x3C5,DIS_alertMatrix3,DIS_a154_resolver,yes,30,door_open,,,,0
resolver_position,0x3C5,DIS_alertMatrix3,DIS_a154_resolver,yes,30,door_closed,,,,0
resolver_position,0x3C5,DIS_alertMatrix3,DIS_a154_resolver,yes,30,brake_pressed,0,0,0,0
resolver_position,0x3C5,DIS_alertMatrix3,DIS_a154_resolver,yes,30,post_brake,0,0,0,0
resolver_position,0x3C5,DIS_alertMatrix3,DIS_a154_resolver,yes,30,final_stable,0,0,0,0
resolver_position,0x7D5,DI_debug,DI_internalAngleFilt,yes,0,pre_stable,,,,0
resolver_position,0x7D5,DI_debug,DI_internalAngleFilt,yes,0,door_open,,,,0
resolver_position,0x7D5,DI_debug,DI_internalAngleFilt,yes,0,door_closed,,,,0
resolver_position,0x7D5,DI_debug,DI_internalAngleFilt,yes,0,brake_pressed,,,,0
resolver_position,0x7D5,DI_debug,DI_internalAngleFilt,yes,0,post_brake,,,,0
resolver_position,0x7D5,DI_debug,DI_internalAngleFilt,yes,0,final_stable,,,,0
resolver_position,0x7D5,DI_debug,DI_loadAngle,yes,0,pre_stable,,,,0
resolver_position,0x7D5,DI_debug,DI_loadAngle,yes,0,door_open,,,,0
resolver_position,0x7D5,DI_debug,DI_loadAngle,yes,0,door_closed,,,,0
resolver_position,0x7D5,DI_debug,DI_loadAngle,yes,0,brake_pressed,,,,0
resolver_position,0x7D5,DI_debug,DI_loadAngle,yes,0,post_brake,,,,0
resolver_position,0x7D5,DI_debug,DI_loadAngle,yes,0,final_stable,,,,0
resolver_position,0x7D5,DI_debug,DI_loadAngleMargin,yes,0,pre_stable,,,,0
resolver_position,0x7D5,DI_debug,DI_loadAngleMargin,yes,0,door_open,,,,0
resolver_position,0x7D5,DI_debug,DI_loadAngleMargin,yes,0,door_closed,,,,0
resolver_position,0x7D5,DI_debug,DI_loadAngleMargin,yes,0,brake_pressed,,,,0
resolver_position,0x7D5,DI_debug,DI_loadAngleMargin,yes,0,post_brake,,,,0
resolver_position,0x7D5,DI_debug,DI_loadAngleMargin,yes,0,final_stable,,,,0
resolver_position,0x7D5,DI_debug,DI_resolverClaMIA,yes,0,pre_stable,,,,0
resolver_position,0x7D5,DI_debug,DI_resolverClaMIA,yes,0,door_open,,,,0
resolver_position,0x7D5,DI_debug,DI_resolverClaMIA,yes,0,door_closed,,,,0
resolver_position,0x7D5,DI_debug,DI_resolverClaMIA,yes,0,brake_pressed,,,,0
resolver_position,0x7D5,DI_debug,DI_resolverClaMIA,yes,0,post_brake,,,,0
resolver_position,0x7D5,DI_debug,DI_resolverClaMIA,yes,0,final_stable,,,,0
resolver_position,0x7D5,DI_debug,DI_resolverCommonGain,yes,0,pre_stable,,,,0
resolver_position,0x7D5,DI_debug,DI_resolverCommonGain,yes,0,door_open,,,,0
resolver_position,0x7D5,DI_debug,DI_resolverCommonGain,yes,0,door_closed,,,,0
resolver_position,0x7D5,DI_debug,DI_resolverCommonGain,yes,0,brake_pressed,,,,0
resolver_position,0x7D5,DI_debug,DI_resolverCommonGain,yes,0,post_brake,,,,0
resolver_position,0x7D5,DI_debug,DI_resolverCommonGain,yes,0,final_stable,,,,0
resolver_position,0x7D5,DI_debug,DI_resolverNoCarrier,yes,0,pre_stable,,,,0
resolver_position,0x7D5,DI_debug,DI_resolverNoCarrier,yes,0,door_open,,,,0
resolver_position,0x7D5,DI_debug,DI_resolverNoCarrier,yes,0,door_closed,,,,0
resolver_position,0x7D5,DI_debug,DI_resolverNoCarrier,yes,0,brake_pressed,,,,0
resolver_position,0x7D5,DI_debug,DI_resolverNoCarrier,yes,0,post_brake,,,,0
resolver_position,0x7D5,DI_debug,DI_resolverNoCarrier,yes,0,final_stable,,,,0
resolver_position,0x7D5,DI_debug,DI_resolverNoPhaseLock,yes,0,pre_stable,,,,0
resolver_position,0x7D5,DI_debug,DI_resolverNoPhaseLock,yes,0,door_open,,,,0
resolver_position,0x7D5,DI_debug,DI_resolverNoPhaseLock,yes,0,door_closed,,,,0
resolver_position,0x7D5,DI_debug,DI_resolverNoPhaseLock,yes,0,brake_pressed,,,,0
resolver_position,0x7D5,DI_debug,DI_resolverNoPhaseLock,yes,0,post_brake,,,,0
resolver_position,0x7D5,DI_debug,DI_resolverNoPhaseLock,yes,0,final_stable,,,,0
resolver_position,0x7D5,DI_debug,DI_resolverOffsetCos,yes,0,pre_stable,,,,0
resolver_position,0x7D5,DI_debug,DI_resolverOffsetCos,yes,0,door_open,,,,0
resolver_position,0x7D5,DI_debug,DI_resolverOffsetCos,yes,0,door_closed,,,,0
resolver_position,0x7D5,DI_debug,DI_resolverOffsetCos,yes,0,brake_pressed,,,,0
resolver_position,0x7D5,DI_debug,DI_resolverOffsetCos,yes,0,post_brake,,,,0
resolver_position,0x7D5,DI_debug,DI_resolverOffsetCos,yes,0,final_stable,,,,0
resolver_position,0x7D5,DI_debug,DI_resolverOffsetSin,yes,0,pre_stable,,,,0
resolver_position,0x7D5,DI_debug,DI_resolverOffsetSin,yes,0,door_open,,,,0
resolver_position,0x7D5,DI_debug,DI_resolverOffsetSin,yes,0,door_closed,,,,0
resolver_position,0x7D5,DI_debug,DI_resolverOffsetSin,yes,0,brake_pressed,,,,0
resolver_position,0x7D5,DI_debug,DI_resolverOffsetSin,yes,0,post_brake,,,,0
resolver_position,0x7D5,DI_debug,DI_resolverOffsetSin,yes,0,final_stable,,,,0
resolver_position,0x7D5,DI_debug,DI_resolverPhaseOffset,yes,0,pre_stable,,,,0
resolver_position,0x7D5,DI_debug,DI_resolverPhaseOffset,yes,0,door_open,,,,0
resolver_position,0x7D5,DI_debug,DI_resolverPhaseOffset,yes,0,door_closed,,,,0
resolver_position,0x7D5,DI_debug,DI_resolverPhaseOffset,yes,0,brake_pressed,,,,0
resolver_position,0x7D5,DI_debug,DI_resolverPhaseOffset,yes,0,post_brake,,,,0
resolver_position,0x7D5,DI_debug,DI_resolverPhaseOffset,yes,0,final_stable,,,,0
resolver_position,0x7D5,DI_debug,DI_rotorFlux,yes,0,pre_stable,,,,0
resolver_position,0x7D5,DI_debug,DI_rotorFlux,yes,0,door_open,,,,0
resolver_position,0x7D5,DI_debug,DI_rotorFlux,yes,0,door_closed,,,,0
resolver_position,0x7D5,DI_debug,DI_rotorFlux,yes,0,brake_pressed,,,,0
resolver_position,0x7D5,DI_debug,DI_rotorFlux,yes,0,post_brake,,,,0
resolver_position,0x7D5,DI_debug,DI_rotorFlux,yes,0,final_stable,,,,0
resolver_position,0x7D5,DI_debug,DI_rotorMaxMagnetTemp,yes,30,pre_stable,,,,0
resolver_position,0x7D5,DI_debug,DI_rotorMaxMagnetTemp,yes,30,door_open,,,,0
resolver_position,0x7D5,DI_debug,DI_rotorMaxMagnetTemp,yes,30,door_closed,,,,0
resolver_position,0x7D5,DI_debug,DI_rotorMaxMagnetTemp,yes,30,brake_pressed,36,36,36,0
resolver_position,0x7D5,DI_debug,DI_rotorMaxMagnetTemp,yes,30,post_brake,36,36,36,0
resolver_position,0x7D5,DI_debug,DI_rotorMaxMagnetTemp,yes,30,final_stable,36,36,36,0
