time_s,can_id,raw_hex,asc_dlc,current_raw_s15,current_onyx_a,current_factor_0_1_a,current_factor_0_125_a,voltage_raw_u13,voltage_onyx_v,fifth_byte
173.730300,0x29D,d5 06 79 13 00,5,1749,128.1084783,174.9,218.625,4985,365.11236699999995,0
173.829800,0x29D,d5 06 79 13 00,5,1749,128.1084783,174.9,218.625,4985,365.11236699999995,0
173.928800,0x29D,d5 06 79 13 00,5,1749,128.1084783,174.9,218.625,4985,365.11236699999995,0
174.029800,0x29D,d5 06 79 13 00,5,1749,128.1084783,174.9,218.625,4985,365.11236699999995,0
174.128800,0x29D,d5 06 79 13 00,5,1749,128.1084783,174.9,218.625,4985,365.11236699999995,0
174.228900,0x29D,d5 06 79 13 00,5,1749,128.1084783,174.9,218.625,4985,365.11236699999995,0
174.328800,0x29D,d5 06 79 13 00,5,1749,128.1084783,174.9,218.625,4985,365.11236699999995,0
174.428800,0x29D,d5 06 79 13 00,5,1749,128.1084783,174.9,218.625,4985,365.11236699999995,0
174.528800,0x29D,d5 06 79 13 00,5,1749,128.1084783,174.9,218.625,4985,365.11236699999995,0
174.628600,0x29D,d5 06 79 13 00,5,1749,128.1084783,174.9,218.625,4985,365.11236699999995,0
174.730900,0x29D,d5 06 79 13 00,5,1749,128.1084783,174.9,218.625,4985,365.11236699999995,0
174.829500,0x29D,d5 06 79 13 00,5,1749,128.1084783,174.9,218.625,4985,365.11236699999995,0
174.929300,0x29D,d5 06 79 13 00,5,1749,128.1084783,174.9,218.625,4985,365.11236699999995,0
175.029300,0x29D,d5 06 79 13 00,5,1749,128.1084783,174.9,218.625,4985,365.11236699999995,0
175.128900,0x29D,d5 06 79 13 00,5,1749,128.1084783,174.9,218.625,4985,365.11236699999995,0
175.228900,0x29D,d5 06 79 13 00,5,1749,128.1084783,174.9,218.625,4985,365.11236699999995,0
175.329000,0x29D,d5 06 79 13 00,5,1749,128.1084783,174.9,218.625,4985,365.11236699999995,0
175.428900,0x29D,d5 06 79 13 00,5,1749,128.1084783,174.9,218.625,4985,365.11236699999995,0
175.529000,0x29D,d5 06 79 13 00,5,1749,128.1084783,174.9,218.625,4985,365.11236699999995,0
175.628900,0x29D,d5 06 79 13 00,5,1749,128.1084783,174.9,218.625,4985,365.11236699999995,0
175.730300,0x29D,d5 06 79 13 00,5,1749,128.1084783,174.9,218.625,4985,365.11236699999995,0
175.829100,0x29D,d5 06 79 13 00,5,1749,128.1084783,174.9,218.625,4985,365.11236699999995,0
175.929100,0x29D,d5 06 79 13 00,5,1749,128.1084783,174.9,218.625,4985,365.11236699999995,0
176.029100,0x29D,d5 06 79 13 00,5,1749,128.1084783,174.9,218.625,4985,365.11236699999995,0
176.129100,0x29D,d5 06 79 13 00,5,1749,128.1084783,174.9,218.625,4985,365.11236699999995,0
176.228600,0x29D,d5 06 79 13 00,5,1749,128.1084783,174.9,218.625,4985,365.11236699999995,0
176.328600,0x29D,d5 06 79 13 00,5,1749,128.1084783,174.9,218.625,4985,365.11236699999995,0
176.428600,0x29D,d5 06 79 13 00,5,1749,128.1084783,174.9,218.625,4985,365.11236699999995,0
176.528600,0x29D,d5 06 79 13 00,5,1749,128.1084783,174.9,218.625,4985,365.11236699999995,0
176.628600,0x29D,d5 06 79 13 00,5,1749,128.1084783,174.9,218.625,4985,365.11236699999995,0
176.730700,0x29D,d5 06 79 13 00,5,1749,128.1084783,174.9,218.625,4985,365.11236699999995,0
176.829100,0x29D,d5 06 79 13 00,5,1749,128.1084783,174.9,218.625,4985,365.11236699999995,0
176.929100,0x29D,d5 06 79 13 00,5,1749,128.1084783,174.9,218.625,4985,365.11236699999995,0
177.029100,0x29D,d5 06 79 13 00,5,1749,128.1084783,174.9,218.625,4985,365.11236699999995,0
177.129100,0x29D,d5 06 79 13 00,5,1749,128.1084783,174.9,218.625,4985,365.11236699999995,0
177.228600,0x29D,d5 06 79 13 00,5,1749,128.1084783,174.9,218.625,4985,365.11236699999995,0
177.328600,0x29D,d5 06 79 13 00,5,1749,128.1084783,174.9,218.625,4985,365.11236699999995,0
177.428600,0x29D,d5 06 79 13 00,5,1749,128.1084783,174.9,218.625,4985,365.11236699999995,0
177.528600,0x29D,d5 06 79 13 00,5,1749,128.1084783,174.9,218.625,4985,365.11236699999995,0
177.628600,0x29D,d5 06 79 13 00,5,1749,128.1084783,174.9,218.625,4985,365.11236699999995,0
177.730800,0x29D,d5 06 79 13 00,5,1749,128.1084783,174.9,218.625,4985,365.11236699999995,0
177.829100,0x29D,d5 06 79 13 00,5,1749,128.1084783,174.9,218.625,4985,365.11236699999995,0
177.929200,0x29D,d5 06 79 13 00,5,1749,128.1084783,174.9,218.625,4985,365.11236699999995,0
178.029200,0x29D,d5 06 79 13 00,5,1749,128.1084783,174.9,218.625,4985,365.11236699999995,0
178.129100,0x29D,d5 06 79 13 00,5,1749,128.1084783,174.9,218.625,4985,365.11236699999995,0
178.228900,0x29D,d5 06 79 13 00,5,1749,128.1084783,174.9,218.625,4985,365.11236699999995,0
178.328900,0x29D,d5 06 79 13 00,5,1749,128.1084783,174.9,218.625,4985,365.11236699999995,0
178.428900,0x29D,d5 06 79 13 00,5,1749,128.1084783,174.9,218.625,4985,365.11236699999995,0
178.528900,0x29D,d5 06 79 13 00,5,1749,128.1084783,174.9,218.625,4985,365.11236699999995,0
178.628900,0x29D,d5 06 79 13 00,5,1749,128.1084783,174.9,218.625,4985,365.11236699999995,0
178.730500,0x29D,d5 06 79 13 00,5,1749,128.1084783,174.9,218.625,4985,365.11236699999995,0
178.830800,0x29D,d5 06 79 13 00,5,1749,128.1084783,174.9,218.625,4985,365.11236699999995,0
178.929100,0x29D,d5 06 79 13 00,5,1749,128.1084783,174.9,218.625,4985,365.11236699999995,0
179.029100,0x29D,d5 06 79 13 00,5,1749,128.1084783,174.9,218.625,4985,365.11236699999995,0
179.129100,0x29D,d5 06 7a 13 00,5,1749,128.1084783,174.9,218.625,4986,365.1856092,0
179.228900,0x29D,d5 06 7a 13 00,5,1749,128.1084783,174.9,218.625,4986,365.1856092,0
179.328500,0x29D,d5 06 7a 13 00,5,1749,128.1084783,174.9,218.625,4986,365.1856092,0
179.428900,0x29D,d5 06 7a 13 00,5,1749,128.1084783,174.9,218.625,4986,365.1856092,0
179.528700,0x29D,d5 06 7a 13 00,5,1749,128.1084783,174.9,218.625,4986,365.1856092,0
179.628700,0x29D,d5 06 7a 13 00,5,1749,128.1084783,174.9,218.625,4986,365.1856092,0
179.731300,0x29D,d5 06 7a 13 00,5,1749,128.1084783,174.9,218.625,4986,365.1856092,0
179.829200,0x29D,d5 06 7a 13 00,5,1749,128.1084783,174.9,218.625,4986,365.1856092,0
179.929300,0x29D,d5 06 7a 13 00,5,1749,128.1084783,174.9,218.625,4986,365.1856092,0
180.029200,0x29D,d5 06 7a 13 00,5,1749,128.1084783,174.9,218.625,4986,365.1856092,0
180.129600,0x29D,d5 06 7a 13 00,5,1749,128.1084783,174.9,218.625,4986,365.1856092,0
180.228700,0x29D,d5 06 7a 13 00,5,1749,128.1084783,174.9,218.625,4986,365.1856092,0
180.328700,0x29D,d5 06 7a 13 00,5,1749,128.1084783,174.9,218.625,4986,365.1856092,0
180.428700,0x29D,d5 06 7a 13 00,5,1749,128.1084783,174.9,218.625,4986,365.1856092,0
180.528700,0x29D,d5 06 7a 13 00,5,1749,128.1084783,174.9,218.625,4986,365.1856092,0
180.628600,0x29D,d5 06 7a 13 00,5,1749,128.1084783,174.9,218.625,4986,365.1856092,0
180.730700,0x29D,d5 06 7a 13 00,5,1749,128.1084783,174.9,218.625,4986,365.1856092,0
180.829400,0x29D,d5 06 7a 13 00,5,1749,128.1084783,174.9,218.625,4986,365.1856092,0
180.929500,0x29D,d5 06 7a 13 00,5,1749,128.1084783,174.9,218.625,4986,365.1856092,0
181.029400,0x29D,d5 06 7a 13 00,5,1749,128.1084783,174.9,218.625,4986,365.1856092,0
181.129300,0x29D,d5 06 7a 13 00,5,1749,128.1084783,174.9,218.625,4986,365.1856092,0
181.228900,0x29D,d5 06 7a 13 00,5,1749,128.1084783,174.9,218.625,4986,365.1856092,0
181.328600,0x29D,d5 06 7a 13 00,5,1749,128.1084783,174.9,218.625,4986,365.1856092,0
181.429100,0x29D,d5 06 7a 13 00,5,1749,128.1084783,174.9,218.625,4986,365.1856092,0
181.529000,0x29D,d5 06 7a 13 00,5,1749,128.1084783,174.9,218.625,4986,365.1856092,0
181.629000,0x29D,d5 06 7a 13 00,5,1749,128.1084783,174.9,218.625,4986,365.1856092,0
181.730700,0x29D,d5 06 7a 13 00,5,1749,128.1084783,174.9,218.625,4986,365.1856092,0
181.829600,0x29D,d5 06 7a 13 00,5,1749,128.1084783,174.9,218.625,4986,365.1856092,0
181.929200,0x29D,d5 06 7c 13 00,5,1749,128.1084783,174.9,218.625,4988,365.33209359999995,0
182.029200,0x29D,d5 06 7c 13 00,5,1749,128.1084783,174.9,218.625,4988,365.33209359999995,0
182.129000,0x29D,d5 06 7c 13 00,5,1749,128.1084783,174.9,218.625,4988,365.33209359999995,0
182.228600,0x29D,d5 06 7c 13 00,5,1749,128.1084783,174.9,218.625,4988,365.33209359999995,0
182.328600,0x29D,d5 06 7c 13 00,5,1749,128.1084783,174.9,218.625,4988,365.33209359999995,0
182.428600,0x29D,d5 06 7c 13 00,5,1749,128.1084783,174.9,218.625,4988,365.33209359999995,0
182.528600,0x29D,d5 06 7c 13 00,5,1749,128.1084783,174.9,218.625,4988,365.33209359999995,0
182.628600,0x29D,d5 06 7c 13 00,5,1749,128.1084783,174.9,218.625,4988,365.33209359999995,0
182.731000,0x29D,d5 06 7c 13 00,5,1749,128.1084783,174.9,218.625,4988,365.33209359999995,0
182.829200,0x29D,d5 06 7c 13 00,5,1749,128.1084783,174.9,218.625,4988,365.33209359999995,0
182.929200,0x29D,d5 06 7c 13 00,5,1749,128.1084783,174.9,218.625,4988,365.33209359999995,0
183.029200,0x29D,d5 06 7c 13 00,5,1749,128.1084783,174.9,218.625,4988,365.33209359999995,0
183.129200,0x29D,d5 06 7c 13 00,5,1749,128.1084783,174.9,218.625,4988,365.33209359999995,0
183.228700,0x29D,d5 06 7c 13 00,5,1749,128.1084783,174.9,218.625,4988,365.33209359999995,0
183.328700,0x29D,d5 06 7c 13 00,5,1749,128.1084783,174.9,218.625,4988,365.33209359999995,0
183.428700,0x29D,d5 06 7c 13 00,5,1749,128.1084783,174.9,218.625,4988,365.33209359999995,0
183.528700,0x29D,d5 06 7c 13 00,5,1749,128.1084783,174.9,218.625,4988,365.33209359999995,0
183.628700,0x29D,d5 06 7c 13 00,5,1749,128.1084783,174.9,218.625,4988,365.33209359999995,0
183.731200,0x29D,d5 06 7c 13 00,5,1749,128.1084783,174.9,218.625,4988,365.33209359999995,0
183.829200,0x29D,d5 06 7c 13 00,5,1749,128.1084783,174.9,218.625,4988,365.33209359999995,0
183.929300,0x29D,d5 06 7c 13 00,5,1749,128.1084783,174.9,218.625,4988,365.33209359999995,0
184.029300,0x29D,d5 06 7c 13 00,5,1749,128.1084783,174.9,218.625,4988,365.33209359999995,0
184.129200,0x29D,d5 06 7c 13 00,5,1749,128.1084783,174.9,218.625,4988,365.33209359999995,0
184.228800,0x29D,d5 06 7c 13 00,5,1749,128.1084783,174.9,218.625,4988,365.33209359999995,0
184.328800,0x29D,d5 06 7c 13 00,5,1749,128.1084783,174.9,218.625,4988,365.33209359999995,0
184.428800,0x29D,d5 06 7c 13 00,5,1749,128.1084783,174.9,218.625,4988,365.33209359999995,0
184.528800,0x29D,d5 06 7c 13 00,5,1749,128.1084783,174.9,218.625,4988,365.33209359999995,0
184.628800,0x29D,d5 06 7c 13 00,5,1749,128.1084783,174.9,218.625,4988,365.33209359999995,0
184.731500,0x29D,d5 06 7c 13 00,5,1749,128.1084783,174.9,218.625,4988,365.33209359999995,0
184.829300,0x29D,d5 06 7c 13 00,5,1749,128.1084783,174.9,218.625,4988,365.33209359999995,0
184.929300,0x29D,d5 06 7c 13 00,5,1749,128.1084783,174.9,218.625,4988,365.33209359999995,0
185.029300,0x29D,d5 06 7c 13 00,5,1749,128.1084783,174.9,218.625,4988,365.33209359999995,0
185.129200,0x29D,d5 06 7c 13 00,5,1749,128.1084783,174.9,218.625,4988,365.33209359999995,0
185.228900,0x29D,d5 06 7c 13 00,5,1749,128.1084783,174.9,218.625,4988,365.33209359999995,0
185.328900,0x29D,d5 06 7c 13 00,5,1749,128.1084783,174.9,218.625,4988,365.33209359999995,0
185.428900,0x29D,d5 06 7c 13 00,5,1749,128.1084783,174.9,218.625,4988,365.33209359999995,0
185.528900,0x29D,d5 06 7c 13 00,5,1749,128.1084783,174.9,218.625,4988,365.33209359999995,0
185.628900,0x29D,d5 06 7c 13 00,5,1749,128.1084783,174.9,218.625,4988,365.33209359999995,0
185.731300,0x29D,d5 06 7c 13 00,5,1749,128.1084783,174.9,218.625,4988,365.33209359999995,0
185.829300,0x29D,d5 06 7c 13 00,5,1749,128.1084783,174.9,218.625,4988,365.33209359999995,0
185.929200,0x29D,d5 06 7c 13 00,5,1749,128.1084783,174.9,218.625,4988,365.33209359999995,0
186.029300,0x29D,d5 06 7c 13 00,5,1749,128.1084783,174.9,218.625,4988,365.33209359999995,0
186.129700,0x29D,d5 06 7c 13 00,5,1749,128.1084783,174.9,218.625,4988,365.33209359999995,0
186.228900,0x29D,d5 06 7c 13 00,5,1749,128.1084783,174.9,218.625,4988,365.33209359999995,0
186.328900,0x29D,d5 06 7c 13 00,5,1749,128.1084783,174.9,218.625,4988,365.33209359999995,0
186.428900,0x29D,d5 06 7c 13 00,5,1749,128.1084783,174.9,218.625,4988,365.33209359999995,0
186.528900,0x29D,d5 06 7c 13 00,5,1749,128.1084783,174.9,218.625,4988,365.33209359999995,0
186.628900,0x29D,d5 06 7c 13 00,5,1749,128.1084783,174.9,218.625,4988,365.33209359999995,0
186.731400,0x29D,d5 06 7c 13 00,5,1749,128.1084783,174.9,218.625,4988,365.33209359999995,0
186.829800,0x29D,d5 06 7c 13 00,5,1749,128.1084783,174.9,218.625,4988,365.33209359999995,0
186.929400,0x29D,d5 06 7c 13 00,5,1749,128.1084783,174.9,218.625,4988,365.33209359999995,0
187.029400,0x29D,d5 06 7c 13 00,5,1749,128.1084783,174.9,218.625,4988,365.33209359999995,0
187.129400,0x29D,d5 06 7c 13 00,5,1749,128.1084783,174.9,218.625,4988,365.33209359999995,0
187.228900,0x29D,d5 06 7d 13 00,5,1749,128.1084783,174.9,218.625,4989,365.4053358,0
187.329000,0x29D,d5 06 7d 13 00,5,1749,128.1084783,174.9,218.625,4989,365.4053358,0
187.429100,0x29D,d5 06 7d 13 00,5,1749,128.1084783,174.9,218.625,4989,365.4053358,0
187.529100,0x29D,d5 06 7d 13 00,5,1749,128.1084783,174.9,218.625,4989,365.4053358,0
187.629400,0x29D,d5 06 7d 13 00,5,1749,128.1084783,174.9,218.625,4989,365.4053358,0
187.731300,0x29D,d5 06 7d 13 00,5,1749,128.1084783,174.9,218.625,4989,365.4053358,0
187.829900,0x29D,d5 06 7d 13 00,5,1749,128.1084783,174.9,218.625,4989,365.4053358,0
187.929700,0x29D,d5 06 7d 13 00,5,1749,128.1084783,174.9,218.625,4989,365.4053358,0
188.029900,0x29D,d5 06 7d 13 00,5,1749,128.1084783,174.9,218.625,4989,365.4053358,0
188.129700,0x29D,d5 06 7d 13 00,5,1749,128.1084783,174.9,218.625,4989,365.4053358,0
188.229500,0x29D,d5 06 7d 13 00,5,1749,128.1084783,174.9,218.625,4989,365.4053358,0
188.329400,0x29D,d5 06 7d 13 00,5,1749,128.1084783,174.9,218.625,4989,365.4053358,0
188.429300,0x29D,d5 06 7d 13 00,5,1749,128.1084783,174.9,218.625,4989,365.4053358,0
188.529200,0x29D,d5 06 7d 13 00,5,1749,128.1084783,174.9,218.625,4989,365.4053358,0
188.629500,0x29D,d5 06 7d 13 00,5,1749,128.1084783,174.9,218.625,4989,365.4053358,0
188.731300,0x29D,d5 06 7d 13 00,5,1749,128.1084783,174.9,218.625,4989,365.4053358,0
188.830000,0x29D,d5 06 7d 13 00,5,1749,128.1084783,174.9,218.625,4989,365.4053358,0
188.929700,0x29D,d5 06 7d 13 00,5,1749,128.1084783,174.9,218.625,4989,365.4053358,0
189.029900,0x29D,d5 06 7d 13 00,5,1749,128.1084783,174.9,218.625,4989,365.4053358,0
189.129900,0x29D,d5 06 7d 13 00,5,1749,128.1084783,174.9,218.625,4989,365.4053358,0
189.229300,0x29D,d5 06 7d 13 00,5,1749,128.1084783,174.9,218.625,4989,365.4053358,0
189.329300,0x29D,d5 06 7d 13 00,5,1749,128.1084783,174.9,218.625,4989,365.4053358,0
189.429300,0x29D,d5 06 7d 13 00,5,1749,128.1084783,174.9,218.625,4989,365.4053358,0
189.529300,0x29D,d5 06 7d 13 00,5,1749,128.1084783,174.9,218.625,4989,365.4053358,0
189.629300,0x29D,d5 06 7d 13 00,5,1749,128.1084783,174.9,218.625,4989,365.4053358,0
189.731200,0x29D,d5 06 7d 13 00,5,1749,128.1084783,174.9,218.625,4989,365.4053358,0
189.830000,0x29D,d5 06 7d 13 00,5,1749,128.1084783,174.9,218.625,4989,365.4053358,0
189.929800,0x29D,d5 06 7d 13 00,5,1749,128.1084783,174.9,218.625,4989,365.4053358,0
190.029800,0x29D,d5 06 7d 13 00,5,1749,128.1084783,174.9,218.625,4989,365.4053358,0
190.129600,0x29D,d5 06 7d 13 00,5,1749,128.1084783,174.9,218.625,4989,365.4053358,0
190.229300,0x29D,d5 06 7d 13 00,5,1749,128.1084783,174.9,218.625,4989,365.4053358,0
190.329600,0x29D,d5 06 7d 13 00,5,1749,128.1084783,174.9,218.625,4989,365.4053358,0
190.429600,0x29D,d5 06 7d 13 00,5,1749,128.1084783,174.9,218.625,4989,365.4053358,0
190.529800,0x29D,d5 06 7d 13 00,5,1749,128.1084783,174.9,218.625,4989,365.4053358,0
190.629400,0x29D,d5 06 7d 13 00,5,1749,128.1084783,174.9,218.625,4989,365.4053358,0
190.731600,0x29D,d5 06 7d 13 00,5,1749,128.1084783,174.9,218.625,4989,365.4053358,0
190.830400,0x29D,d5 06 7d 13 00,5,1749,128.1084783,174.9,218.625,4989,365.4053358,0
190.929700,0x29D,d5 06 7d 13 00,5,1749,128.1084783,174.9,218.625,4989,365.4053358,0
191.030600,0x29D,d5 06 7d 13 00,5,1749,128.1084783,174.9,218.625,4989,365.4053358,0
191.129700,0x29D,d5 06 7d 13 00,5,1749,128.1084783,174.9,218.625,4989,365.4053358,0
191.229400,0x29D,d5 06 7d 13 00,5,1749,128.1084783,174.9,218.625,4989,365.4053358,0
191.329700,0x29D,d5 06 7d 13 00,5,1749,128.1084783,174.9,218.625,4989,365.4053358,0
191.429700,0x29D,d5 06 7d 13 00,5,1749,128.1084783,174.9,218.625,4989,365.4053358,0
191.529600,0x29D,d5 06 7d 13 00,5,1749,128.1084783,174.9,218.625,4989,365.4053358,0
191.629600,0x29D,d5 06 7d 13 00,5,1749,128.1084783,174.9,218.625,4989,365.4053358,0
191.732600,0x29D,d5 06 7d 13 00,5,1749,128.1084783,174.9,218.625,4989,365.4053358,0
191.830600,0x29D,d5 06 7d 13 00,5,1749,128.1084783,174.9,218.625,4989,365.4053358,0
191.930400,0x29D,d5 06 7d 13 00,5,1749,128.1084783,174.9,218.625,4989,365.4053358,0
192.030400,0x29D,d5 06 7d 13 00,5,1749,128.1084783,174.9,218.625,4989,365.4053358,0
192.130400,0x29D,d5 06 7d 13 00,5,1749,128.1084783,174.9,218.625,4989,365.4053358,0
192.229700,0x29D,d5 06 7d 13 00,5,1749,128.1084783,174.9,218.625,4989,365.4053358,0
192.329700,0x29D,d5 06 7d 13 00,5,1749,128.1084783,174.9,218.625,4989,365.4053358,0
192.429700,0x29D,d5 06 7d 13 00,5,1749,128.1084783,174.9,218.625,4989,365.4053358,0
192.529700,0x29D,d5 06 7d 13 00,5,1749,128.1084783,174.9,218.625,4989,365.4053358,0
192.629700,0x29D,d5 06 7d 13 00,5,1749,128.1084783,174.9,218.625,4989,365.4053358,0
192.731700,0x29D,d5 06 7e 13 00,5,1749,128.1084783,174.9,218.625,4990,365.47857799999997,0
192.830200,0x29D,d5 06 7e 13 00,5,1749,128.1084783,174.9,218.625,4990,365.47857799999997,0
192.930300,0x29D,d5 06 7e 13 00,5,1749,128.1084783,174.9,218.625,4990,365.47857799999997,0
193.030400,0x29D,d5 06 7e 13 00,5,1749,128.1084783,174.9,218.625,4990,365.47857799999997,0
193.130400,0x29D,d5 06 7e 13 00,5,1749,128.1084783,174.9,218.625,4990,365.47857799999997,0
193.229800,0x29D,d5 06 7e 13 00,5,1749,128.1084783,174.9,218.625,4990,365.47857799999997,0
193.329800,0x29D,d5 06 7e 13 00,5,1749,128.1084783,174.9,218.625,4990,365.47857799999997,0
193.429800,0x29D,d5 06 7e 13 00,5,1749,128.1084783,174.9,218.625,4990,365.47857799999997,0
193.529400,0x29D,d5 06 7e 13 00,5,1749,128.1084783,174.9,218.625,4990,365.47857799999997,0
193.630400,0x29D,d5 06 7e 13 00,5,1749,128.1084783,174.9,218.625,4990,365.47857799999997,0
193.731500,0x29D,d5 06 7e 13 00,5,1749,128.1084783,174.9,218.625,4990,365.47857799999997,0
193.830400,0x29D,d5 06 7e 13 00,5,1749,128.1084783,174.9,218.625,4990,365.47857799999997,0
193.930400,0x29D,d5 06 7e 13 00,5,1749,128.1084783,174.9,218.625,4990,365.47857799999997,0
194.030600,0x29D,d5 06 7e 13 00,5,1749,128.1084783,174.9,218.625,4990,365.47857799999997,0
194.130500,0x29D,d5 06 7e 13 00,5,1749,128.1084783,174.9,218.625,4990,365.47857799999997,0
194.230100,0x29D,d5 06 7e 13 00,5,1749,128.1084783,174.9,218.625,4990,365.47857799999997,0
194.329400,0x29D,d5 06 7e 13 00,5,1749,128.1084783,174.9,218.625,4990,365.47857799999997,0
194.430400,0x29D,d5 06 7e 13 00,5,1749,128.1084783,174.9,218.625,4990,365.47857799999997,0
194.529600,0x29D,d5 06 7e 13 00,5,1749,128.1084783,174.9,218.625,4990,365.47857799999997,0
194.630400,0x29D,d5 06 7e 13 00,5,1749,128.1084783,174.9,218.625,4990,365.47857799999997,0
194.732400,0x29D,d5 06 7e 13 00,5,1749,128.1084783,174.9,218.625,4990,365.47857799999997,0
194.830600,0x29D,d5 06 7e 13 00,5,1749,128.1084783,174.9,218.625,4990,365.47857799999997,0
194.930400,0x29D,d5 06 7e 13 00,5,1749,128.1084783,174.9,218.625,4990,365.47857799999997,0
195.030300,0x29D,d5 06 7e 13 00,5,1749,128.1084783,174.9,218.625,4990,365.47857799999997,0
195.130300,0x29D,d5 06 7e 13 00,5,1749,128.1084783,174.9,218.625,4990,365.47857799999997,0
195.229700,0x29D,d5 06 7e 13 00,5,1749,128.1084783,174.9,218.625,4990,365.47857799999997,0
195.329600,0x29D,d5 06 7e 13 00,5,1749,128.1084783,174.9,218.625,4990,365.47857799999997,0
195.429600,0x29D,d5 06 7e 13 00,5,1749,128.1084783,174.9,218.625,4990,365.47857799999997,0
195.529700,0x29D,d5 06 7e 13 00,5,1749,128.1084783,174.9,218.625,4990,365.47857799999997,0
195.629700,0x29D,d5 06 7e 13 00,5,1749,128.1084783,174.9,218.625,4990,365.47857799999997,0
195.732100,0x29D,d5 06 7e 13 00,5,1749,128.1084783,174.9,218.625,4990,365.47857799999997,0
195.830300,0x29D,d5 06 7e 13 00,5,1749,128.1084783,174.9,218.625,4990,365.47857799999997,0
195.930200,0x29D,d5 06 7e 13 00,5,1749,128.1084783,174.9,218.625,4990,365.47857799999997,0
196.030400,0x29D,d5 06 7e 13 00,5,1749,128.1084783,174.9,218.625,4990,365.47857799999997,0
196.130200,0x29D,d5 06 7e 13 00,5,1749,128.1084783,174.9,218.625,4990,365.47857799999997,0
196.230100,0x29D,d5 06 7e 13 00,5,1749,128.1084783,174.9,218.625,4990,365.47857799999997,0
196.330200,0x29D,d5 06 7e 13 00,5,1749,128.1084783,174.9,218.625,4990,365.47857799999997,0
196.429900,0x29D,d5 06 7e 13 00,5,1749,128.1084783,174.9,218.625,4990,365.47857799999997,0
196.530000,0x29D,d5 06 7e 13 00,5,1749,128.1084783,174.9,218.625,4990,365.47857799999997,0
196.630100,0x29D,d5 06 7e 13 00,5,1749,128.1084783,174.9,218.625,4990,365.47857799999997,0
196.732500,0x29D,d5 06 7e 13 00,5,1749,128.1084783,174.9,218.625,4990,365.47857799999997,0
196.832200,0x29D,d5 06 7e 13 00,5,1749,128.1084783,174.9,218.625,4990,365.47857799999997,0
196.930400,0x29D,d5 06 7e 13 00,5,1749,128.1084783,174.9,218.625,4990,365.47857799999997,0
197.030600,0x29D,d5 06 7e 13 00,5,1749,128.1084783,174.9,218.625,4990,365.47857799999997,0
197.130200,0x29D,d5 06 7e 13 00,5,1749,128.1084783,174.9,218.625,4990,365.47857799999997,0
197.230100,0x29D,d5 06 7e 13 00,5,1749,128.1084783,174.9,218.625,4990,365.47857799999997,0
197.329800,0x29D,d5 06 7e 13 00,5,1749,128.1084783,174.9,218.625,4990,365.47857799999997,0
197.430200,0x29D,d5 06 7e 13 00,5,1749,128.1084783,174.9,218.625,4990,365.47857799999997,0
197.530300,0x29D,d5 06 7e 13 00,5,1749,128.1084783,174.9,218.625,4990,365.47857799999997,0
197.630100,0x29D,d5 06 7e 13 00,5,1749,128.1084783,174.9,218.625,4990,365.47857799999997,0
197.732300,0x29D,d5 06 7e 13 00,5,1749,128.1084783,174.9,218.625,4990,365.47857799999997,0
197.830500,0x29D,d5 06 7e 13 00,5,1749,128.1084783,174.9,218.625,4990,365.47857799999997,0
197.930500,0x29D,d5 06 7e 13 00,5,1749,128.1084783,174.9,218.625,4990,365.47857799999997,0
198.030500,0x29D,d5 06 7e 13 00,5,1749,128.1084783,174.9,218.625,4990,365.47857799999997,0
198.130300,0x29D,d5 06 7e 13 00,5,1749,128.1084783,174.9,218.625,4990,365.47857799999997,0
198.230200,0x29D,d5 06 7e 13 00,5,1749,128.1084783,174.9,218.625,4990,365.47857799999997,0
198.330300,0x29D,d5 06 7e 13 00,5,1749,128.1084783,174.9,218.625,4990,365.47857799999997,0
198.430000,0x29D,d5 06 7e 13 00,5,1749,128.1084783,174.9,218.625,4990,365.47857799999997,0
198.530300,0x29D,d5 06 7e 13 00,5,1749,128.1084783,174.9,218.625,4990,365.47857799999997,0
198.630300,0x29D,d5 06 7e 13 00,5,1749,128.1084783,174.9,218.625,4990,365.47857799999997,0
198.732300,0x29D,d5 06 7e 13 00,5,1749,128.1084783,174.9,218.625,4990,365.47857799999997,0
198.830500,0x29D,d5 06 7e 13 00,5,1749,128.1084783,174.9,218.625,4990,365.47857799999997,0
198.930500,0x29D,d5 06 7e 13 00,5,1749,128.1084783,174.9,218.625,4990,365.47857799999997,0
199.030500,0x29D,d5 06 7e 13 00,5,1749,128.1084783,174.9,218.625,4990,365.47857799999997,0
199.130300,0x29D,d5 06 7e 13 00,5,1749,128.1084783,174.9,218.625,4990,365.47857799999997,0
199.230100,0x29D,d5 06 7e 13 00,5,1749,128.1084783,174.9,218.625,4990,365.47857799999997,0
199.330100,0x29D,d5 06 7e 13 00,5,1749,128.1084783,174.9,218.625,4990,365.47857799999997,0
199.430300,0x29D,d5 06 7e 13 00,5,1749,128.1084783,174.9,218.625,4990,365.47857799999997,0
199.530200,0x29D,d5 06 7e 13 00,5,1749,128.1084783,174.9,218.625,4990,365.47857799999997,0
199.630100,0x29D,d5 06 7e 13 00,5,1749,128.1084783,174.9,218.625,4990,365.47857799999997,0
199.732600,0x29D,d5 06 7e 13 00,5,1749,128.1084783,174.9,218.625,4990,365.47857799999997,0
199.830500,0x29D,d5 06 7e 13 00,5,1749,128.1084783,174.9,218.625,4990,365.47857799999997,0
199.930500,0x29D,d5 06 7e 13 00,5,1749,128.1084783,174.9,218.625,4990,365.47857799999997,0
200.030300,0x29D,d5 06 7e 13 00,5,1749,128.1084783,174.9,218.625,4990,365.47857799999997,0
200.131000,0x29D,d5 06 7e 13 00,5,1749,128.1084783,174.9,218.625,4990,365.47857799999997,0
200.230300,0x29D,d5 06 7e 13 00,5,1749,128.1084783,174.9,218.625,4990,365.47857799999997,0
200.330300,0x29D,d5 06 7e 13 00,5,1749,128.1084783,174.9,218.625,4990,365.47857799999997,0
200.430300,0x29D,d5 06 7e 13 00,5,1749,128.1084783,174.9,218.625,4990,365.47857799999997,0
200.530200,0x29D,d5 06 7e 13 00,5,1749,128.1084783,174.9,218.625,4990,365.47857799999997,0
200.630400,0x29D,d5 06 7e 13 00,5,1749,128.1084783,174.9,218.625,4990,365.47857799999997,0
200.732600,0x29D,d5 06 7e 13 00,5,1749,128.1084783,174.9,218.625,4990,365.47857799999997,0
200.830500,0x29D,d5 06 7e 13 00,5,1749,128.1084783,174.9,218.625,4990,365.47857799999997,0
200.931100,0x29D,d5 06 7e 13 00,5,1749,128.1084783,174.9,218.625,4990,365.47857799999997,0
201.030800,0x29D,d5 06 7e 13 00,5,1749,128.1084783,174.9,218.625,4990,365.47857799999997,0
201.130300,0x29D,d5 06 7e 13 00,5,1749,128.1084783,174.9,218.625,4990,365.47857799999997,0
201.230400,0x29D,d5 06 7e 13 00,5,1749,128.1084783,174.9,218.625,4990,365.47857799999997,0
201.330300,0x29D,d5 06 7e 13 00,5,1749,128.1084783,174.9,218.625,4990,365.47857799999997,0
201.430400,0x29D,d5 06 7e 13 00,5,1749,128.1084783,174.9,218.625,4990,365.47857799999997,0
201.530100,0x29D,d5 06 7e 13 00,5,1749,128.1084783,174.9,218.625,4990,365.47857799999997,0
201.630400,0x29D,d5 06 7e 13 00,5,1749,128.1084783,174.9,218.625,4990,365.47857799999997,0
201.732000,0x29D,d5 06 7e 13 00,5,1749,128.1084783,174.9,218.625,4990,365.47857799999997,0
201.830900,0x29D,d5 06 7e 13 00,5,1749,128.1084783,174.9,218.625,4990,365.47857799999997,0
201.930200,0x29D,d5 06 7e 13 00,5,1749,128.1084783,174.9,218.625,4990,365.47857799999997,0
202.030900,0x29D,d5 06 7e 13 00,5,1749,128.1084783,174.9,218.625,4990,365.47857799999997,0
202.130200,0x29D,d5 06 7e 13 00,5,1749,128.1084783,174.9,218.625,4990,365.47857799999997,0
202.230400,0x29D,d5 06 7e 13 00,5,1749,128.1084783,174.9,218.625,4990,365.47857799999997,0
202.330200,0x29D,d5 06 7e 13 00,5,1749,128.1084783,174.9,218.625,4990,365.47857799999997,0
202.430200,0x29D,d5 06 7e 13 00,5,1749,128.1084783,174.9,218.625,4990,365.47857799999997,0
202.530100,0x29D,d5 06 7e 13 00,5,1749,128.1084783,174.9,218.625,4990,365.47857799999997,0
202.630500,0x29D,d5 06 7e 13 00,5,1749,128.1084783,174.9,218.625,4990,365.47857799999997,0
202.732500,0x29D,d5 06 7e 13 00,5,1749,128.1084783,174.9,218.625,4990,365.47857799999997,0
202.831000,0x29D,d5 06 7e 13 00,5,1749,128.1084783,174.9,218.625,4990,365.47857799999997,0
202.930500,0x29D,d5 06 7e 13 00,5,1749,128.1084783,174.9,218.625,4990,365.47857799999997,0
203.031000,0x29D,d5 06 7e 13 00,5,1749,128.1084783,174.9,218.625,4990,365.47857799999997,0
203.130500,0x29D,d5 06 7e 13 00,5,1749,128.1084783,174.9,218.625,4990,365.47857799999997,0
203.230400,0x29D,d5 06 7e 13 00,5,1749,128.1084783,174.9,218.625,4990,365.47857799999997,0
203.330200,0x29D,d5 06 7e 13 00,5,1749,128.1084783,174.9,218.625,4990,365.47857799999997,0
203.430500,0x29D,d5 06 7e 13 00,5,1749,128.1084783,174.9,218.625,4990,365.47857799999997,0
203.530400,0x29D,d5 06 7e 13 00,5,1749,128.1084783,174.9,218.625,4990,365.47857799999997,0
203.630400,0x29D,d5 06 7e 13 00,5,1749,128.1084783,174.9,218.625,4990,365.47857799999997,0
203.732200,0x29D,d5 06 7e 13 00,5,1749,128.1084783,174.9,218.625,4990,365.47857799999997,0
203.830900,0x29D,d5 06 7e 13 00,5,1749,128.1084783,174.9,218.625,4990,365.47857799999997,0
203.930500,0x29D,d5 06 7e 13 00,5,1749,128.1084783,174.9,218.625,4990,365.47857799999997,0
204.031300,0x29D,d5 06 7e 13 00,5,1749,128.1084783,174.9,218.625,4990,365.47857799999997,0
204.130500,0x29D,d5 06 7e 13 00,5,1749,128.1084783,174.9,218.625,4990,365.47857799999997,0
204.230700,0x29D,d5 06 7e 13 00,5,1749,128.1084783,174.9,218.625,4990,365.47857799999997,0
204.330600,0x29D,d5 06 7e 13 00,5,1749,128.1084783,174.9,218.625,4990,365.47857799999997,0
204.430400,0x29D,d5 06 7e 13 00,5,1749,128.1084783,174.9,218.625,4990,365.47857799999997,0
204.530500,0x29D,d5 06 7e 13 00,5,1749,128.1084783,174.9,218.625,4990,365.47857799999997,0
204.630500,0x29D,d5 06 7e 13 00,5,1749,128.1084783,174.9,218.625,4990,365.47857799999997,0
204.732700,0x29D,d5 06 7e 13 00,5,1749,128.1084783,174.9,218.625,4990,365.47857799999997,0
204.831400,0x29D,d5 06 7e 13 00,5,1749,128.1084783,174.9,218.625,4990,365.47857799999997,0
204.930600,0x29D,d5 06 7e 13 00,5,1749,128.1084783,174.9,218.625,4990,365.47857799999997,0
205.031600,0x29D,d5 06 7e 13 00,5,1749,128.1084783,174.9,218.625,4990,365.47857799999997,0
205.130600,0x29D,d5 06 7e 13 00,5,1749,128.1084783,174.9,218.625,4990,365.47857799999997,0
205.230500,0x29D,d5 06 7e 13 00,5,1749,128.1084783,174.9,218.625,4990,365.47857799999997,0
205.330600,0x29D,d5 06 7e 13 00,5,1749,128.1084783,174.9,218.625,4990,365.47857799999997,0
205.430600,0x29D,d5 06 7e 13 00,5,1749,128.1084783,174.9,218.625,4990,365.47857799999997,0
205.530500,0x29D,d5 06 7e 13 00,5,1749,128.1084783,174.9,218.625,4990,365.47857799999997,0
205.630600,0x29D,d5 06 7e 13 00,5,1749,128.1084783,174.9,218.625,4990,365.47857799999997,0
205.732400,0x29D,d5 06 7e 13 00,5,1749,128.1084783,174.9,218.625,4990,365.47857799999997,0
205.831400,0x29D,d5 06 7e 13 00,5,1749,128.1084783,174.9,218.625,4990,365.47857799999997,0
205.931400,0x29D,d5 06 7e 13 00,5,1749,128.1084783,174.9,218.625,4990,365.47857799999997,0
206.031400,0x29D,d5 06 7e 13 00,5,1749,128.1084783,174.9,218.625,4990,365.47857799999997,0
206.131200,0x29D,d5 06 7e 13 00,5,1749,128.1084783,174.9,218.625,4990,365.47857799999997,0
206.230400,0x29D,d5 06 7e 13 00,5,1749,128.1084783,174.9,218.625,4990,365.47857799999997,0
206.330400,0x29D,d5 06 7e 13 00,5,1749,128.1084783,174.9,218.625,4990,365.47857799999997,0
206.430400,0x29D,d5 06 7e 13 00,5,1749,128.1084783,174.9,218.625,4990,365.47857799999997,0
206.530600,0x29D,d5 06 7e 13 00,5,1749,128.1084783,174.9,218.625,4990,365.47857799999997,0
206.630400,0x29D,d5 06 7e 13 00,5,1749,128.1084783,174.9,218.625,4990,365.47857799999997,0
206.732200,0x29D,d5 06 7e 13 00,5,1749,128.1084783,174.9,218.625,4990,365.47857799999997,0
206.831200,0x29D,d5 06 7e 13 00,5,1749,128.1084783,174.9,218.625,4990,365.47857799999997,0
206.931200,0x29D,d5 06 7e 13 00,5,1749,128.1084783,174.9,218.625,4990,365.47857799999997,0
207.031500,0x29D,d5 06 7e 13 00,5,1749,128.1084783,174.9,218.625,4990,365.47857799999997,0
207.131400,0x29D,d5 06 7e 13 00,5,1749,128.1084783,174.9,218.625,4990,365.47857799999997,0
207.230400,0x29D,d5 06 7e 13 00,5,1749,128.1084783,174.9,218.625,4990,365.47857799999997,0
207.330500,0x29D,d5 06 7e 13 00,5,1749,128.1084783,174.9,218.625,4990,365.47857799999997,0
207.430400,0x29D,d5 06 7e 13 00,5,1749,128.1084783,174.9,218.625,4990,365.47857799999997,0
207.530400,0x29D,d5 06 7e 13 00,5,1749,128.1084783,174.9,218.625,4990,365.47857799999997,0
207.631000,0x29D,d5 06 7e 13 00,5,1749,128.1084783,174.9,218.625,4990,365.47857799999997,0
207.732900,0x29D,d5 06 7e 13 00,5,1749,128.1084783,174.9,218.625,4990,365.47857799999997,0
207.831200,0x29D,d5 06 7e 13 00,5,1749,128.1084783,174.9,218.625,4990,365.47857799999997,0
207.931500,0x29D,d5 06 7e 13 00,5,1749,128.1084783,174.9,218.625,4990,365.47857799999997,0
208.031200,0x29D,d5 06 7e 13 00,5,1749,128.1084783,174.9,218.625,4990,365.47857799999997,0
208.131300,0x29D,d5 06 7e 13 00,5,1749,128.1084783,174.9,218.625,4990,365.47857799999997,0
208.231300,0x29D,d5 06 7e 13 00,5,1749,128.1084783,174.9,218.625,4990,365.47857799999997,0
208.330600,0x29D,d5 06 7e 13 00,5,1749,128.1084783,174.9,218.625,4990,365.47857799999997,0
208.430500,0x29D,d5 06 7e 13 00,5,1749,128.1084783,174.9,218.625,4990,365.47857799999997,0
208.531200,0x29D,d5 06 7e 13 00,5,1749,128.1084783,174.9,218.625,4990,365.47857799999997,0
208.631100,0x29D,d5 06 7e 13 00,5,1749,128.1084783,174.9,218.625,4990,365.47857799999997,0
208.732900,0x29D,d5 06 7e 13 00,5,1749,128.1084783,174.9,218.625,4990,365.47857799999997,0
208.831400,0x29D,d5 06 7d 13 00,5,1749,128.1084783,174.9,218.625,4989,365.4053358,0
208.931400,0x29D,d5 06 7d 13 00,5,1749,128.1084783,174.9,218.625,4989,365.4053358,0
209.031300,0x29D,d5 06 7d 13 00,5,1749,128.1084783,174.9,218.625,4989,365.4053358,0
209.130600,0x29D,d5 06 7d 13 00,5,1749,128.1084783,174.9,218.625,4989,365.4053358,0
209.230500,0x29D,d5 06 7d 13 00,5,1749,128.1084783,174.9,218.625,4989,365.4053358,0
209.331100,0x29D,d5 06 7d 13 00,5,1749,128.1084783,174.9,218.625,4989,365.4053358,0
209.430600,0x29D,d5 06 7d 13 00,5,1749,128.1084783,174.9,218.625,4989,365.4053358,0
209.531100,0x29D,d5 06 7d 13 00,5,1749,128.1084783,174.9,218.625,4989,365.4053358,0
209.631200,0x29D,d5 06 7d 13 00,5,1749,128.1084783,174.9,218.625,4989,365.4053358,0
209.733000,0x29D,d5 06 7d 13 00,5,1749,128.1084783,174.9,218.625,4989,365.4053358,0
209.831400,0x29D,d5 06 7d 13 00,5,1749,128.1084783,174.9,218.625,4989,365.4053358,0
209.930900,0x29D,d5 06 7d 13 00,5,1749,128.1084783,174.9,218.625,4989,365.4053358,0
210.031400,0x29D,d5 06 7d 13 00,5,1749,128.1084783,174.9,218.625,4989,365.4053358,0
210.131200,0x29D,d5 06 7d 13 00,5,1749,128.1084783,174.9,218.625,4989,365.4053358,0
210.230900,0x29D,d5 06 7d 13 00,5,1749,128.1084783,174.9,218.625,4989,365.4053358,0
210.331100,0x29D,d5 06 7d 13 00,5,1749,128.1084783,174.9,218.625,4989,365.4053358,0
210.431300,0x29D,d5 06 7d 13 00,5,1749,128.1084783,174.9,218.625,4989,365.4053358,0
210.531000,0x29D,d5 06 7d 13 00,5,1749,128.1084783,174.9,218.625,4989,365.4053358,0
210.631100,0x29D,d5 06 7d 13 00,5,1749,128.1084783,174.9,218.625,4989,365.4053358,0
210.732600,0x29D,d5 06 7d 13 00,5,1749,128.1084783,174.9,218.625,4989,365.4053358,0
210.831800,0x29D,d5 06 7d 13 00,5,1749,128.1084783,174.9,218.625,4989,365.4053358,0
210.931200,0x29D,d5 06 7d 13 00,5,1749,128.1084783,174.9,218.625,4989,365.4053358,0
211.031700,0x29D,d5 06 7d 13 00,5,1749,128.1084783,174.9,218.625,4989,365.4053358,0
211.131300,0x29D,d5 06 7d 13 00,5,1749,128.1084783,174.9,218.625,4989,365.4053358,0
211.231200,0x29D,d5 06 7d 13 00,5,1749,128.1084783,174.9,218.625,4989,365.4053358,0
211.331200,0x29D,d5 06 7d 13 00,5,1749,128.1084783,174.9,218.625,4989,365.4053358,0
211.431000,0x29D,d5 06 7d 13 00,5,1749,128.1084783,174.9,218.625,4989,365.4053358,0
211.531200,0x29D,d5 06 7d 13 00,5,1749,128.1084783,174.9,218.625,4989,365.4053358,0
211.631200,0x29D,d5 06 7e 13 00,5,1749,128.1084783,174.9,218.625,4990,365.47857799999997,0
211.732500,0x29D,d5 06 7e 13 00,5,1749,128.1084783,174.9,218.625,4990,365.47857799999997,0
211.831500,0x29D,d5 06 7e 13 00,5,1749,128.1084783,174.9,218.625,4990,365.47857799999997,0
211.931200,0x29D,d5 06 7e 13 00,5,1749,128.1084783,174.9,218.625,4990,365.47857799999997,0
212.031500,0x29D,d5 06 7e 13 00,5,1749,128.1084783,174.9,218.625,4990,365.47857799999997,0
212.131200,0x29D,d5 06 7e 13 00,5,1749,128.1084783,174.9,218.625,4990,365.47857799999997,0
212.231200,0x29D,d5 06 7e 13 00,5,1749,128.1084783,174.9,218.625,4990,365.47857799999997,0
212.331200,0x29D,d5 06 7e 13 00,5,1749,128.1084783,174.9,218.625,4990,365.47857799999997,0
212.430900,0x29D,d5 06 7e 13 00,5,1749,128.1084783,174.9,218.625,4990,365.47857799999997,0
212.531300,0x29D,d5 06 7e 13 00,5,1749,128.1084783,174.9,218.625,4990,365.47857799999997,0
212.631200,0x29D,d5 06 7e 13 00,5,1749,128.1084783,174.9,218.625,4990,365.47857799999997,0
212.732700,0x29D,d5 06 7e 13 00,5,1749,128.1084783,174.9,218.625,4990,365.47857799999997,0
212.831400,0x29D,d5 06 7e 13 00,5,1749,128.1084783,174.9,218.625,4990,365.47857799999997,0
212.931800,0x29D,d5 06 7e 13 00,5,1749,128.1084783,174.9,218.625,4990,365.47857799999997,0
213.031500,0x29D,d5 06 7e 13 00,5,1749,128.1084783,174.9,218.625,4990,365.47857799999997,0
213.131200,0x29D,d5 06 7e 13 00,5,1749,128.1084783,174.9,218.625,4990,365.47857799999997,0
213.231200,0x29D,d5 06 7e 13 00,5,1749,128.1084783,174.9,218.625,4990,365.47857799999997,0
213.331200,0x29D,d5 06 7e 13 00,5,1749,128.1084783,174.9,218.625,4990,365.47857799999997,0
213.431200,0x29D,d5 06 7e 13 00,5,1749,128.1084783,174.9,218.625,4990,365.47857799999997,0
213.531100,0x29D,d5 06 7e 13 00,5,1749,128.1084783,174.9,218.625,4990,365.47857799999997,0
213.631500,0x29D,d5 06 7e 13 00,5,1749,128.1084783,174.9,218.625,4990,365.47857799999997,0
213.732800,0x29D,d5 06 7e 13 00,5,1749,128.1084783,174.9,218.625,4990,365.47857799999997,0
213.832000,0x29D,d5 06 7e 13 00,5,1749,128.1084783,174.9,218.625,4990,365.47857799999997,0
213.931400,0x29D,d5 06 7e 13 00,5,1749,128.1084783,174.9,218.625,4990,365.47857799999997,0
214.032000,0x29D,d5 06 7e 13 00,5,1749,128.1084783,174.9,218.625,4990,365.47857799999997,0
214.131500,0x29D,d5 06 7e 13 00,5,1749,128.1084783,174.9,218.625,4990,365.47857799999997,0
214.231300,0x29D,d5 06 7e 13 00,5,1749,128.1084783,174.9,218.625,4990,365.47857799999997,0
214.331300,0x29D,d5 06 7e 13 00,5,1749,128.1084783,174.9,218.625,4990,365.47857799999997,0
214.431000,0x29D,d5 06 7e 13 00,5,1749,128.1084783,174.9,218.625,4990,365.47857799999997,0
214.531400,0x29D,d5 06 7e 13 00,5,1749,128.1084783,174.9,218.625,4990,365.47857799999997,0
214.631500,0x29D,d5 06 7e 13 00,5,1749,128.1084783,174.9,218.625,4990,365.47857799999997,0
214.732900,0x29D,d5 06 7e 13 00,5,1749,128.1084783,174.9,218.625,4990,365.47857799999997,0
214.831600,0x29D,d5 06 7e 13 00,5,1749,128.1084783,174.9,218.625,4990,365.47857799999997,0
214.931100,0x29D,d5 06 7e 13 00,5,1749,128.1084783,174.9,218.625,4990,365.47857799999997,0
215.031800,0x29D,d5 06 7e 13 00,5,1749,128.1084783,174.9,218.625,4990,365.47857799999997,0
215.131300,0x29D,d5 06 7e 13 00,5,1749,128.1084783,174.9,218.625,4990,365.47857799999997,0
215.231500,0x29D,d5 06 7e 13 00,5,1749,128.1084783,174.9,218.625,4990,365.47857799999997,0
215.331300,0x29D,d5 06 7e 13 00,5,1749,128.1084783,174.9,218.625,4990,365.47857799999997,0
215.431600,0x29D,d5 06 7e 13 00,5,1749,128.1084783,174.9,218.625,4990,365.47857799999997,0
215.531300,0x29D,d5 06 7e 13 00,5,1749,128.1084783,174.9,218.625,4990,365.47857799999997,0
215.631300,0x29D,d5 06 7e 13 00,5,1749,128.1084783,174.9,218.625,4990,365.47857799999997,0
215.732900,0x29D,d5 06 7e 13 00,5,1749,128.1084783,174.9,218.625,4990,365.47857799999997,0
215.832100,0x29D,d5 06 7e 13 00,5,1749,128.1084783,174.9,218.625,4990,365.47857799999997,0
215.931600,0x29D,d5 06 7e 13 00,5,1749,128.1084783,174.9,218.625,4990,365.47857799999997,0
216.031900,0x29D,d5 06 7e 13 00,5,1749,128.1084783,174.9,218.625,4990,365.47857799999997,0
216.131300,0x29D,d5 06 7e 13 00,5,1749,128.1084783,174.9,218.625,4990,365.47857799999997,0
216.231300,0x29D,d5 06 7e 13 00,5,1749,128.1084783,174.9,218.625,4990,365.47857799999997,0
216.331400,0x29D,d5 06 7e 13 00,5,1749,128.1084783,174.9,218.625,4990,365.47857799999997,0
216.431300,0x29D,d5 06 7e 13 00,5,1749,128.1084783,174.9,218.625,4990,365.47857799999997,0
216.531300,0x29D,d5 06 7e 13 00,5,1749,128.1084783,174.9,218.625,4990,365.47857799999997,0
216.631300,0x29D,d5 06 7e 13 00,5,1749,128.1084783,174.9,218.625,4990,365.47857799999997,0
216.733200,0x29D,d5 06 7e 13 00,5,1749,128.1084783,174.9,218.625,4990,365.47857799999997,0
216.831900,0x29D,d5 06 7e 13 00,5,1749,128.1084783,174.9,218.625,4990,365.47857799999997,0
216.931500,0x29D,d5 06 7e 13 00,5,1749,128.1084783,174.9,218.625,4990,365.47857799999997,0
217.031900,0x29D,d5 06 7e 13 00,5,1749,128.1084783,174.9,218.625,4990,365.47857799999997,0
217.131400,0x29D,d5 06 7e 13 00,5,1749,128.1084783,174.9,218.625,4990,365.47857799999997,0
217.231700,0x29D,d5 06 7e 13 00,5,1749,128.1084783,174.9,218.625,4990,365.47857799999997,0
217.331500,0x29D,d5 06 7e 13 00,5,1749,128.1084783,174.9,218.625,4990,365.47857799999997,0
217.431500,0x29D,d5 06 7e 13 00,5,1749,128.1084783,174.9,218.625,4990,365.47857799999997,0
217.531400,0x29D,d5 06 7e 13 00,5,1749,128.1084783,174.9,218.625,4990,365.47857799999997,0
217.631500,0x29D,d5 06 7e 13 00,5,1749,128.1084783,174.9,218.625,4990,365.47857799999997,0
217.733400,0x29D,d5 06 7e 13 00,5,1749,128.1084783,174.9,218.625,4990,365.47857799999997,0
217.832200,0x29D,d5 06 7e 13 00,5,1749,128.1084783,174.9,218.625,4990,365.47857799999997,0
217.931800,0x29D,d5 06 7e 13 00,5,1749,128.1084783,174.9,218.625,4990,365.47857799999997,0
218.032200,0x29D,d5 06 7e 13 00,5,1749,128.1084783,174.9,218.625,4990,365.47857799999997,0
218.131800,0x29D,d5 06 7e 13 00,5,1749,128.1084783,174.9,218.625,4990,365.47857799999997,0
218.231800,0x29D,d5 06 7e 13 00,5,1749,128.1084783,174.9,218.625,4990,365.47857799999997,0
218.331800,0x29D,d5 06 7e 13 00,5,1749,128.1084783,174.9,218.625,4990,365.47857799999997,0
218.431600,0x29D,d5 06 7e 13 00,5,1749,128.1084783,174.9,218.625,4990,365.47857799999997,0
218.531700,0x29D,d5 06 7e 13 00,5,1749,128.1084783,174.9,218.625,4990,365.47857799999997,0
218.631800,0x29D,d5 06 7e 13 00,5,1749,128.1084783,174.9,218.625,4990,365.47857799999997,0
218.733400,0x29D,d5 06 7e 13 00,5,1749,128.1084783,174.9,218.625,4990,365.47857799999997,0
218.832300,0x29D,d5 06 7e 13 00,5,1749,128.1084783,174.9,218.625,4990,365.47857799999997,0
218.931800,0x29D,d5 06 7e 13 00,5,1749,128.1084783,174.9,218.625,4990,365.47857799999997,0
219.032300,0x29D,d5 06 7e 13 00,5,1749,128.1084783,174.9,218.625,4990,365.47857799999997,0
219.131800,0x29D,d5 06 7e 13 00,5,1749,128.1084783,174.9,218.625,4990,365.47857799999997,0
219.231900,0x29D,d5 06 7e 13 00,5,1749,128.1084783,174.9,218.625,4990,365.47857799999997,0
219.331600,0x29D,d5 06 7e 13 00,5,1749,128.1084783,174.9,218.625,4990,365.47857799999997,0
219.431900,0x29D,d5 06 7e 13 00,5,1749,128.1084783,174.9,218.625,4990,365.47857799999997,0
219.531800,0x29D,d5 06 7e 13 00,5,1749,128.1084783,174.9,218.625,4990,365.47857799999997,0
219.631900,0x29D,d5 06 7e 13 00,5,1749,128.1084783,174.9,218.625,4990,365.47857799999997,0
219.733700,0x29D,d5 06 7e 13 00,5,1749,128.1084783,174.9,218.625,4990,365.47857799999997,0
219.832300,0x29D,d5 06 7e 13 00,5,1749,128.1084783,174.9,218.625,4990,365.47857799999997,0
219.931900,0x29D,d5 06 7e 13 00,5,1749,128.1084783,174.9,218.625,4990,365.47857799999997,0
220.032400,0x29D,d5 06 7e 13 00,5,1749,128.1084783,174.9,218.625,4990,365.47857799999997,0
220.131900,0x29D,d5 06 7e 13 00,5,1749,128.1084783,174.9,218.625,4990,365.47857799999997,0
220.231900,0x29D,d5 06 7e 13 00,5,1749,128.1084783,174.9,218.625,4990,365.47857799999997,0
220.331900,0x29D,d5 06 7e 13 00,5,1749,128.1084783,174.9,218.625,4990,365.47857799999997,0
220.431900,0x29D,d5 06 7e 13 00,5,1749,128.1084783,174.9,218.625,4990,365.47857799999997,0
220.531800,0x29D,d5 06 7e 13 00,5,1749,128.1084783,174.9,218.625,4990,365.47857799999997,0
220.631900,0x29D,d5 06 7e 13 00,5,1749,128.1084783,174.9,218.625,4990,365.47857799999997,0
220.733200,0x29D,d5 06 7e 13 00,5,1749,128.1084783,174.9,218.625,4990,365.47857799999997,0
220.832400,0x29D,d5 06 7e 13 00,5,1749,128.1084783,174.9,218.625,4990,365.47857799999997,0
220.932000,0x29D,d5 06 7e 13 00,5,1749,128.1084783,174.9,218.625,4990,365.47857799999997,0
221.032400,0x29D,d5 06 7e 13 00,5,1749,128.1084783,174.9,218.625,4990,365.47857799999997,0
221.132600,0x29D,d5 06 7e 13 00,5,1749,128.1084783,174.9,218.625,4990,365.47857799999997,0
221.232000,0x29D,d5 06 7e 13 00,5,1749,128.1084783,174.9,218.625,4990,365.47857799999997,0
221.332000,0x29D,d5 06 7e 13 00,5,1749,128.1084783,174.9,218.625,4990,365.47857799999997,0
221.432000,0x29D,d5 06 7e 13 00,5,1749,128.1084783,174.9,218.625,4990,365.47857799999997,0
221.532100,0x29D,d5 06 7e 13 00,5,1749,128.1084783,174.9,218.625,4990,365.47857799999997,0
221.632100,0x29D,d5 06 7e 13 00,5,1749,128.1084783,174.9,218.625,4990,365.47857799999997,0
221.733300,0x29D,d5 06 7e 13 00,5,1749,128.1084783,174.9,218.625,4990,365.47857799999997,0
221.832300,0x29D,d5 06 7e 13 00,5,1749,128.1084783,174.9,218.625,4990,365.47857799999997,0
221.932300,0x29D,d5 06 7e 13 00,5,1749,128.1084783,174.9,218.625,4990,365.47857799999997,0
222.032600,0x29D,d5 06 7e 13 00,5,1749,128.1084783,174.9,218.625,4990,365.47857799999997,0
222.132600,0x29D,d5 06 7e 13 00,5,1749,128.1084783,174.9,218.625,4990,365.47857799999997,0
222.232300,0x29D,d5 06 7e 13 00,5,1749,128.1084783,174.9,218.625,4990,365.47857799999997,0
222.332000,0x29D,d5 06 7e 13 00,5,1749,128.1084783,174.9,218.625,4990,365.47857799999997,0
222.431900,0x29D,d5 06 7e 13 00,5,1749,128.1084783,174.9,218.625,4990,365.47857799999997,0
222.532000,0x29D,d5 06 7e 13 00,5,1749,128.1084783,174.9,218.625,4990,365.47857799999997,0
222.631900,0x29D,d5 06 7e 13 00,5,1749,128.1084783,174.9,218.625,4990,365.47857799999997,0
222.733600,0x29D,d5 06 7e 13 00,5,1749,128.1084783,174.9,218.625,4990,365.47857799999997,0
222.832200,0x29D,d5 06 7e 13 00,5,1749,128.1084783,174.9,218.625,4990,365.47857799999997,0
222.931900,0x29D,d5 06 7e 13 00,5,1749,128.1084783,174.9,218.625,4990,365.47857799999997,0
223.032400,0x29D,d5 06 7e 13 00,5,1749,128.1084783,174.9,218.625,4990,365.47857799999997,0
223.132100,0x29D,d5 06 7e 13 00,5,1749,128.1084783,174.9,218.625,4990,365.47857799999997,0
223.231700,0x29D,d5 06 7e 13 00,5,1749,128.1084783,174.9,218.625,4990,365.47857799999997,0
223.331800,0x29D,d5 06 7e 13 00,5,1749,128.1084783,174.9,218.625,4990,365.47857799999997,0
223.431900,0x29D,d5 06 7e 13 00,5,1749,128.1084783,174.9,218.625,4990,365.47857799999997,0
223.531800,0x29D,d5 06 7e 13 00,5,1749,128.1084783,174.9,218.625,4990,365.47857799999997,0
223.631800,0x29D,d5 06 7e 13 00,5,1749,128.1084783,174.9,218.625,4990,365.47857799999997,0
223.733800,0x29D,d5 06 7e 13 00,5,1749,128.1084783,174.9,218.625,4990,365.47857799999997,0
223.832200,0x29D,d5 06 7e 13 00,5,1749,128.1084783,174.9,218.625,4990,365.47857799999997,0
223.932200,0x29D,d5 06 7e 13 00,5,1749,128.1084783,174.9,218.625,4990,365.47857799999997,0
224.032200,0x29D,d5 06 7e 13 00,5,1749,128.1084783,174.9,218.625,4990,365.47857799999997,0
224.132500,0x29D,d5 06 7e 13 00,5,1749,128.1084783,174.9,218.625,4990,365.47857799999997,0
224.232200,0x29D,d5 06 7e 13 00,5,1749,128.1084783,174.9,218.625,4990,365.47857799999997,0
224.331900,0x29D,d5 06 7e 13 00,5,1749,128.1084783,174.9,218.625,4990,365.47857799999997,0
224.431700,0x29D,d5 06 7e 13 00,5,1749,128.1084783,174.9,218.625,4990,365.47857799999997,0
224.531700,0x29D,d5 06 7e 13 00,5,1749,128.1084783,174.9,218.625,4990,365.47857799999997,0
224.632000,0x29D,d5 06 7e 13 00,5,1749,128.1084783,174.9,218.625,4990,365.47857799999997,0
224.733700,0x29D,d5 06 7e 13 00,5,1749,128.1084783,174.9,218.625,4990,365.47857799999997,0
224.832500,0x29D,d5 06 7e 13 00,5,1749,128.1084783,174.9,218.625,4990,365.47857799999997,0
224.932200,0x29D,d5 06 7e 13 00,5,1749,128.1084783,174.9,218.625,4990,365.47857799999997,0
225.032700,0x29D,d5 06 7e 13 00,5,1749,128.1084783,174.9,218.625,4990,365.47857799999997,0
225.132300,0x29D,d5 06 7e 13 00,5,1749,128.1084783,174.9,218.625,4990,365.47857799999997,0
225.232200,0x29D,d5 06 7e 13 00,5,1749,128.1084783,174.9,218.625,4990,365.47857799999997,0
225.331700,0x29D,d5 06 7e 13 00,5,1749,128.1084783,174.9,218.625,4990,365.47857799999997,0
225.432100,0x29D,d5 06 7e 13 00,5,1749,128.1084783,174.9,218.625,4990,365.47857799999997,0
225.531900,0x29D,d5 06 7e 13 00,5,1749,128.1084783,174.9,218.625,4990,365.47857799999997,0
225.632300,0x29D,d5 06 7e 13 00,5,1749,128.1084783,174.9,218.625,4990,365.47857799999997,0
225.734200,0x29D,d5 06 7e 13 00,5,1749,128.1084783,174.9,218.625,4990,365.47857799999997,0
225.832200,0x29D,d5 06 7e 13 00,5,1749,128.1084783,174.9,218.625,4990,365.47857799999997,0
225.932100,0x29D,d5 06 7e 13 00,5,1749,128.1084783,174.9,218.625,4990,365.47857799999997,0
226.032900,0x29D,d5 06 7e 13 00,5,1749,128.1084783,174.9,218.625,4990,365.47857799999997,0
226.131900,0x29D,d5 06 7e 13 00,5,1749,128.1084783,174.9,218.625,4990,365.47857799999997,0
226.232300,0x29D,d5 06 7e 13 00,5,1749,128.1084783,174.9,218.625,4990,365.47857799999997,0
226.332100,0x29D,d5 06 7e 13 00,5,1749,128.1084783,174.9,218.625,4990,365.47857799999997,0
226.432300,0x29D,d5 06 7e 13 00,5,1749,128.1084783,174.9,218.625,4990,365.47857799999997,0
226.532200,0x29D,d5 06 7e 13 00,5,1749,128.1084783,174.9,218.625,4990,365.47857799999997,0
226.631900,0x29D,d5 06 7e 13 00,5,1749,128.1084783,174.9,218.625,4990,365.47857799999997,0
226.733500,0x29D,d5 06 7e 13 00,5,1749,128.1084783,174.9,218.625,4990,365.47857799999997,0
226.832400,0x29D,d5 06 7e 13 00,5,1749,128.1084783,174.9,218.625,4990,365.47857799999997,0
226.932400,0x29D,d5 06 7e 13 00,5,1749,128.1084783,174.9,218.625,4990,365.47857799999997,0
227.033000,0x29D,d5 06 7e 13 00,5,1749,128.1084783,174.9,218.625,4990,365.47857799999997,0
227.132400,0x29D,d5 06 7e 13 00,5,1749,128.1084783,174.9,218.625,4990,365.47857799999997,0
227.232100,0x29D,d5 06 7e 13 00,5,1749,128.1084783,174.9,218.625,4990,365.47857799999997,0
227.332100,0x29D,d5 06 7e 13 00,5,1749,128.1084783,174.9,218.625,4990,365.47857799999997,0
227.432000,0x29D,d5 06 7e 13 00,5,1749,128.1084783,174.9,218.625,4990,365.47857799999997,0
227.532000,0x29D,d5 06 7e 13 00,5,1749,128.1084783,174.9,218.625,4990,365.47857799999997,0
227.632300,0x29D,d5 06 7e 13 00,5,1749,128.1084783,174.9,218.625,4990,365.47857799999997,0
227.733800,0x29D,d5 06 7e 13 00,5,1749,128.1084783,174.9,218.625,4990,365.47857799999997,0
227.832600,0x29D,d5 06 7e 13 00,5,1749,128.1084783,174.9,218.625,4990,365.47857799999997,0
227.932400,0x29D,d5 06 7e 13 00,5,1749,128.1084783,174.9,218.625,4990,365.47857799999997,0
228.032700,0x29D,d5 06 7e 13 00,5,1749,128.1084783,174.9,218.625,4990,365.47857799999997,0
228.132100,0x29D,d5 06 7e 13 00,5,1749,128.1084783,174.9,218.625,4990,365.47857799999997,0
228.232200,0x29D,d5 06 7e 13 00,5,1749,128.1084783,174.9,218.625,4990,365.47857799999997,0
228.332300,0x29D,d5 06 7e 13 00,5,1749,128.1084783,174.9,218.625,4990,365.47857799999997,0
228.431900,0x29D,d5 06 7e 13 00,5,1749,128.1084783,174.9,218.625,4990,365.47857799999997,0
228.531900,0x29D,d5 06 7e 13 00,5,1749,128.1084783,174.9,218.625,4990,365.47857799999997,0
228.631800,0x29D,d5 06 7e 13 00,5,1749,128.1084783,174.9,218.625,4990,365.47857799999997,0
228.733900,0x29D,d5 06 7e 13 00,5,1749,128.1084783,174.9,218.625,4990,365.47857799999997,0
228.832500,0x29D,d5 06 7e 13 00,5,1749,128.1084783,174.9,218.625,4990,365.47857799999997,0
228.932300,0x29D,d5 06 7e 13 00,5,1749,128.1084783,174.9,218.625,4990,365.47857799999997,0
229.032300,0x29D,d5 06 7e 13 00,5,1749,128.1084783,174.9,218.625,4990,365.47857799999997,0
229.132200,0x29D,d5 06 7e 13 00,5,1749,128.1084783,174.9,218.625,4990,365.47857799999997,0
229.232100,0x29D,d5 06 7e 13 00,5,1749,128.1084783,174.9,218.625,4990,365.47857799999997,0
229.332000,0x29D,d5 06 7e 13 00,5,1749,128.1084783,174.9,218.625,4990,365.47857799999997,0
229.431800,0x29D,d5 06 7e 13 00,5,1749,128.1084783,174.9,218.625,4990,365.47857799999997,0
229.532200,0x29D,d5 06 7e 13 00,5,1749,128.1084783,174.9,218.625,4990,365.47857799999997,0
229.632100,0x29D,d5 06 7e 13 00,5,1749,128.1084783,174.9,218.625,4990,365.47857799999997,0
229.734100,0x29D,d5 06 7e 13 00,5,1749,128.1084783,174.9,218.625,4990,365.47857799999997,0
229.832300,0x29D,d5 06 7e 13 00,5,1749,128.1084783,174.9,218.625,4990,365.47857799999997,0
229.932100,0x29D,d5 06 7e 13 00,5,1749,128.1084783,174.9,218.625,4990,365.47857799999997,0
230.032400,0x29D,d5 06 7e 13 00,5,1749,128.1084783,174.9,218.625,4990,365.47857799999997,0
230.132100,0x29D,d5 06 7e 13 00,5,1749,128.1084783,174.9,218.625,4990,365.47857799999997,0
230.232000,0x29D,d5 06 7e 13 00,5,1749,128.1084783,174.9,218.625,4990,365.47857799999997,0
230.332100,0x29D,d5 06 7e 13 00,5,1749,128.1084783,174.9,218.625,4990,365.47857799999997,0
230.431900,0x29D,d5 06 7e 13 00,5,1749,128.1084783,174.9,218.625,4990,365.47857799999997,0
230.532000,0x29D,d5 06 7e 13 00,5,1749,128.1084783,174.9,218.625,4990,365.47857799999997,0
230.632000,0x29D,d5 06 7e 13 00,5,1749,128.1084783,174.9,218.625,4990,365.47857799999997,0
230.733700,0x29D,d5 06 7e 13 00,5,1749,128.1084783,174.9,218.625,4990,365.47857799999997,0
230.832400,0x29D,d5 06 7e 13 00,5,1749,128.1084783,174.9,218.625,4990,365.47857799999997,0
230.932200,0x29D,d5 06 7e 13 00,5,1749,128.1084783,174.9,218.625,4990,365.47857799999997,0
231.032500,0x29D,d5 06 7e 13 00,5,1749,128.1084783,174.9,218.625,4990,365.47857799999997,0
231.132600,0x29D,d5 06 7e 13 00,5,1749,128.1084783,174.9,218.625,4990,365.47857799999997,0
231.232100,0x29D,d5 06 7e 13 00,5,1749,128.1084783,174.9,218.625,4990,365.47857799999997,0
231.332400,0x29D,d5 06 7e 13 00,5,1749,128.1084783,174.9,218.625,4990,365.47857799999997,0
231.432100,0x29D,d5 06 7e 13 00,5,1749,128.1084783,174.9,218.625,4990,365.47857799999997,0
231.532100,0x29D,d5 06 7e 13 00,5,1749,128.1084783,174.9,218.625,4990,365.47857799999997,0
231.632000,0x29D,d5 06 7e 13 00,5,1749,128.1084783,174.9,218.625,4990,365.47857799999997,0
231.734200,0x29D,d5 06 7e 13 00,5,1749,128.1084783,174.9,218.625,4990,365.47857799999997,0
231.832500,0x29D,d5 06 7e 13 00,5,1749,128.1084783,174.9,218.625,4990,365.47857799999997,0
231.932300,0x29D,d5 06 7e 13 00,5,1749,128.1084783,174.9,218.625,4990,365.47857799999997,0
232.032500,0x29D,d5 06 7e 13 00,5,1749,128.1084783,174.9,218.625,4990,365.47857799999997,0
232.132200,0x29D,d5 06 7e 13 00,5,1749,128.1084783,174.9,218.625,4990,365.47857799999997,0
232.232000,0x29D,d5 06 7e 13 00,5,1749,128.1084783,174.9,218.625,4990,365.47857799999997,0
232.332200,0x29D,d5 06 7e 13 00,5,1749,128.1084783,174.9,218.625,4990,365.47857799999997,0
232.432000,0x29D,d5 06 7e 13 00,5,1749,128.1084783,174.9,218.625,4990,365.47857799999997,0
232.532300,0x29D,d5 06 7e 13 00,5,1749,128.1084783,174.9,218.625,4990,365.47857799999997,0
232.632100,0x29D,d5 06 7e 13 00,5,1749,128.1084783,174.9,218.625,4990,365.47857799999997,0
232.733900,0x29D,d5 06 7e 13 00,5,1749,128.1084783,174.9,218.625,4990,365.47857799999997,0
232.832500,0x29D,d5 06 7e 13 00,5,1749,128.1084783,174.9,218.625,4990,365.47857799999997,0
232.932200,0x29D,d5 06 7e 13 00,5,1749,128.1084783,174.9,218.625,4990,365.47857799999997,0
233.032500,0x29D,d5 06 7e 13 00,5,1749,128.1084783,174.9,218.625,4990,365.47857799999997,0
233.132300,0x29D,d5 06 7e 13 00,5,1749,128.1084783,174.9,218.625,4990,365.47857799999997,0
