time_s,can_id,raw_hex,asc_dlc,raw_start38,onyx_start38_kw,raw_start40,model3can_start40_kw
173.790000,0x212,59 dc 6f 41 83 47 52 53,8,286,35.75,583,72.875
173.891800,0x212,59 9c 6f 41 03 47 52 53,8,284,35.5,583,72.875
173.991000,0x212,59 9c 6f 41 83 47 52 53,8,286,35.75,583,72.875
174.090000,0x212,59 9c 6f 41 03 47 52 53,8,284,35.5,583,72.875
174.189900,0x212,59 5c 6f 41 83 47 52 53,8,286,35.75,583,72.875
174.290000,0x212,59 5c 6f 41 83 47 52 53,8,286,35.75,583,72.875
174.390000,0x212,59 1c 6f 41 83 47 52 53,8,286,35.75,583,72.875
174.490100,0x212,59 1c 6f 41 83 47 52 53,8,286,35.75,583,72.875
174.590000,0x212,59 dc 6e 41 03 47 52 53,8,284,35.5,583,72.875
174.690000,0x212,59 dc 6e 41 03 47 52 53,8,284,35.5,583,72.875
174.790300,0x212,59 9c 6e 41 83 47 52 53,8,286,35.75,583,72.875
174.892200,0x212,59 9c 6e 41 83 47 52 53,8,286,35.75,583,72.875
174.991100,0x212,59 9c 6e 41 03 47 52 53,8,284,35.5,583,72.875
175.090000,0x212,59 5c 6e 41 83 47 52 53,8,286,35.75,583,72.875
175.190000,0x212,59 5c 6e 41 83 47 52 53,8,286,35.75,583,72.875
175.290000,0x212,59 1c 6e 41 83 47 52 53,8,286,35.75,583,72.875
175.389900,0x212,59 1c 6e 41 83 47 52 53,8,286,35.75,583,72.875
175.489900,0x212,59 dc 6d 41 03 47 52 53,8,284,35.5,583,72.875
175.590000,0x212,59 dc 6d 41 83 47 52 53,8,286,35.75,583,72.875
175.690100,0x212,59 dc 6d 41 83 47 52 53,8,286,35.75,583,72.875
175.790100,0x212,59 9c 6d 41 83 47 52 53,8,286,35.75,583,72.875
175.891900,0x212,59 9c 6d 41 83 47 52 53,8,286,35.75,583,72.875
175.991000,0x212,59 5c 6d 41 03 47 52 53,8,284,35.5,583,72.875
176.090000,0x212,59 1c 6d 41 83 47 52 53,8,286,35.75,583,72.875
176.191000,0x212,59 1c 6d 41 83 47 52 53,8,286,35.75,583,72.875
176.289000,0x212,59 dc 6c 41 83 47 52 53,8,286,35.75,583,72.875
176.389900,0x212,59 dc 6c 41 03 47 52 53,8,284,35.5,583,72.875
176.490200,0x212,59 9c 6c 41 03 47 52 53,8,284,35.5,583,72.875
176.590100,0x212,59 9c 6c 41 03 47 52 53,8,284,35.5,583,72.875
176.690100,0x212,59 5c 6c 41 83 47 52 53,8,286,35.75,583,72.875
176.790200,0x212,59 5c 6c 41 83 47 52 53,8,286,35.75,583,72.875
176.891500,0x212,59 1c 6c 41 83 47 52 53,8,286,35.75,583,72.875
176.990000,0x212,59 dc 6b 41 83 47 52 53,8,286,35.75,583,72.875
177.091000,0x212,59 dc 6b 41 83 47 52 53,8,286,35.75,583,72.875
177.190600,0x212,59 9c 6b 41 83 47 52 53,8,286,35.75,583,72.875
177.290100,0x212,59 9c 6b 41 83 47 52 53,8,286,35.75,583,72.875
177.389900,0x212,59 5c 6b 41 83 47 52 53,8,286,35.75,583,72.875
177.490300,0x212,59 5c 6b 41 83 47 52 53,8,286,35.75,583,72.875
177.589600,0x212,59 1c 6b 41 83 47 52 53,8,286,35.75,583,72.875
177.690100,0x212,59 1c 6b 41 83 47 52 53,8,286,35.75,583,72.875
177.790100,0x212,59 1c 6b 41 03 47 52 53,8,284,35.5,583,72.875
177.892000,0x212,59 dc 6a 41 03 47 52 53,8,284,35.5,583,72.875
177.990400,0x212,59 dc 6a 41 83 47 52 53,8,286,35.75,583,72.875
178.090100,0x212,59 dc 6a 41 83 47 52 53,8,286,35.75,583,72.875
178.190300,0x212,59 9c 6a 41 83 47 52 53,8,286,35.75,583,72.875
178.290300,0x212,59 9c 6a 41 83 47 52 53,8,286,35.75,583,72.875
178.390100,0x212,59 9c 6a 41 83 47 52 53,8,286,35.75,583,72.875
178.490000,0x212,59 5c 6a 41 83 47 52 53,8,286,35.75,583,72.875
178.590100,0x212,59 5c 6a 41 83 47 52 53,8,286,35.75,583,72.875
178.690100,0x212,59 5c 6a 41 83 47 52 53,8,286,35.75,583,72.875
178.790100,0x212,59 5c 6a 41 83 47 52 53,8,286,35.75,583,72.875
178.891900,0x212,59 5c 6a 41 83 47 52 53,8,286,35.75,583,72.875
178.991200,0x212,59 5c 6a 41 83 47 52 53,8,286,35.75,583,72.875
179.090200,0x212,59 1c 6a 41 83 47 52 53,8,286,35.75,583,72.875
179.190200,0x212,59 1c 6a 41 83 47 52 53,8,286,35.75,583,72.875
179.290100,0x212,59 1c 6a 41 83 47 52 53,8,286,35.75,583,72.875
179.390000,0x212,59 1c 6a 41 83 47 52 53,8,286,35.75,583,72.875
179.490000,0x212,59 1c 6a 41 83 47 52 53,8,286,35.75,583,72.875
179.590000,0x212,59 1c 6a 41 83 47 52 53,8,286,35.75,583,72.875
179.690000,0x212,59 dc 69 41 83 47 52 53,8,286,35.75,583,72.875
179.790200,0x212,59 dc 69 41 83 47 52 53,8,286,35.75,583,72.875
179.892000,0x212,59 dc 69 41 83 47 52 53,8,286,35.75,583,72.875
179.990000,0x212,59 dc 69 41 83 47 52 53,8,286,35.75,583,72.875
180.090100,0x212,59 9c 69 41 83 47 52 53,8,286,35.75,583,72.875
180.190100,0x212,59 9c 69 41 83 47 52 53,8,286,35.75,583,72.875
180.289200,0x212,59 9c 69 41 83 47 52 53,8,286,35.75,583,72.875
180.390000,0x212,59 9c 69 41 83 47 52 53,8,286,35.75,583,72.875
180.490000,0x212,59 9c 69 41 83 47 52 53,8,286,35.75,583,72.875
180.590100,0x212,59 5c 69 41 03 48 52 53,8,288,36.0,584,73.0
180.690200,0x212,59 5c 69 41 83 47 52 53,8,286,35.75,583,72.875
180.790200,0x212,59 5c 69 41 83 47 52 53,8,286,35.75,583,72.875
180.891500,0x212,59 5c 69 41 03 48 52 53,8,288,36.0,584,73.0
180.990200,0x212,59 5c 69 41 83 47 52 53,8,286,35.75,583,72.875
181.090200,0x212,59 1c 69 41 83 47 52 53,8,286,35.75,583,72.875
181.190100,0x212,59 1c 69 41 83 47 52 53,8,286,35.75,583,72.875
181.290200,0x212,59 1c 69 41 83 47 52 53,8,286,35.75,583,72.875
181.390000,0x212,59 1c 69 41 03 48 52 53,8,288,36.0,584,73.0
181.489600,0x212,59 dc 68 41 03 48 52 53,8,288,36.0,584,73.0
181.589300,0x212,59 dc 68 41 83 47 52 53,8,286,35.75,583,72.875
181.690100,0x212,59 dc 68 41 83 47 52 53,8,286,35.75,583,72.875
181.790200,0x212,59 dc 68 41 83 47 52 53,8,286,35.75,583,72.875
181.892000,0x212,59 9c 68 41 03 48 52 53,8,288,36.0,584,73.0
181.991000,0x212,59 9c 68 41 03 48 52 53,8,288,36.0,584,73.0
182.090200,0x212,59 9c 68 41 03 48 52 53,8,288,36.0,584,73.0
182.190000,0x212,59 9c 68 41 03 48 52 53,8,288,36.0,584,73.0
182.290200,0x212,59 5c 68 41 83 47 52 53,8,286,35.75,583,72.875
182.390000,0x212,59 5c 68 41 03 48 52 53,8,288,36.0,584,73.0
182.490100,0x212,59 5c 68 41 03 48 52 53,8,288,36.0,584,73.0
182.590100,0x212,59 5c 68 41 83 47 52 53,8,286,35.75,583,72.875
182.690100,0x212,59 1c 68 41 83 47 52 53,8,286,35.75,583,72.875
182.790100,0x212,59 1c 68 41 83 47 52 53,8,286,35.75,583,72.875
182.891600,0x212,59 1c 68 41 03 48 52 53,8,288,36.0,584,73.0
182.991500,0x212,59 1c 68 41 83 47 52 53,8,286,35.75,583,72.875
183.090900,0x212,59 dc 67 41 03 48 52 53,8,288,36.0,584,73.0
183.190400,0x212,59 dc 67 41 03 48 52 53,8,288,36.0,584,73.0
183.290100,0x212,59 dc 67 41 03 48 52 53,8,288,36.0,584,73.0
183.390100,0x212,59 dc 67 41 83 47 52 53,8,286,35.75,583,72.875
183.490100,0x212,59 9c 67 41 03 48 52 53,8,288,36.0,584,73.0
183.590200,0x212,59 9c 67 41 83 47 52 53,8,286,35.75,583,72.875
183.690100,0x212,59 9c 67 41 03 48 52 53,8,288,36.0,584,73.0
183.790200,0x212,59 9c 67 41 03 48 52 53,8,288,36.0,584,73.0
183.892300,0x212,59 9c 67 41 03 48 52 53,8,288,36.0,584,73.0
183.991400,0x212,59 9c 67 41 03 48 52 53,8,288,36.0,584,73.0
184.090200,0x212,59 5c 67 41 03 48 52 53,8,288,36.0,584,73.0
184.190200,0x212,59 5c 67 41 03 48 52 53,8,288,36.0,584,73.0
184.289200,0x212,59 5c 67 41 03 48 52 53,8,288,36.0,584,73.0
184.390100,0x212,59 5c 67 41 03 48 52 53,8,288,36.0,584,73.0
184.490400,0x212,59 5c 67 41 03 48 52 53,8,288,36.0,584,73.0
184.590200,0x212,59 1c 67 41 03 48 52 53,8,288,36.0,584,73.0
184.690200,0x212,59 1c 67 41 03 48 52 53,8,288,36.0,584,73.0
184.790300,0x212,59 1c 67 41 03 48 52 53,8,288,36.0,584,73.0
184.891800,0x212,59 1c 67 41 03 48 52 53,8,288,36.0,584,73.0
184.991300,0x212,59 1c 67 41 03 48 52 53,8,288,36.0,584,73.0
185.090300,0x212,59 1c 67 41 03 48 52 53,8,288,36.0,584,73.0
185.190100,0x212,59 dc 66 41 03 48 52 53,8,288,36.0,584,73.0
185.291200,0x212,59 dc 66 41 03 48 52 53,8,288,36.0,584,73.0
185.390900,0x212,59 dc 66 41 03 48 52 53,8,288,36.0,584,73.0
185.489600,0x212,59 dc 66 41 03 48 52 53,8,288,36.0,584,73.0
185.589300,0x212,59 dc 66 41 03 48 52 53,8,288,36.0,584,73.0
185.690900,0x212,59 dc 66 41 03 48 52 53,8,288,36.0,584,73.0
185.790800,0x212,59 9c 66 41 03 48 52 53,8,288,36.0,584,73.0
185.892100,0x212,59 9c 66 41 03 48 52 53,8,288,36.0,584,73.0
185.990100,0x212,59 9c 66 41 03 48 52 53,8,288,36.0,584,73.0
186.090700,0x212,59 9c 66 41 03 48 52 53,8,288,36.0,584,73.0
186.191400,0x212,59 5c 66 41 03 48 52 53,8,288,36.0,584,73.0
186.291400,0x212,59 5c 66 41 03 48 52 53,8,288,36.0,584,73.0
186.391600,0x212,59 5c 66 41 03 48 52 53,8,288,36.0,584,73.0
186.491300,0x212,59 5c 66 41 03 48 52 53,8,288,36.0,584,73.0
186.590000,0x212,59 5c 66 41 03 48 52 53,8,288,36.0,584,73.0
186.691100,0x212,59 5c 66 41 03 48 52 53,8,288,36.0,584,73.0
186.791300,0x212,59 1c 66 41 03 48 52 53,8,288,36.0,584,73.0
186.892200,0x212,59 1c 66 41 03 48 52 53,8,288,36.0,584,73.0
186.991400,0x212,59 1c 66 41 03 48 52 53,8,288,36.0,584,73.0
187.091300,0x212,59 1c 66 41 03 48 52 53,8,288,36.0,584,73.0
187.191300,0x212,59 1c 66 41 03 48 52 53,8,288,36.0,584,73.0
187.291400,0x212,59 1c 66 41 03 48 52 53,8,288,36.0,584,73.0
187.391300,0x212,59 dc 65 41 03 48 52 53,8,288,36.0,584,73.0
187.491400,0x212,59 dc 65 41 03 48 52 53,8,288,36.0,584,73.0
187.591200,0x212,59 dc 65 41 03 48 52 53,8,288,36.0,584,73.0
187.691200,0x212,59 dc 65 41 03 48 52 53,8,288,36.0,584,73.0
187.791000,0x212,59 dc 65 41 03 48 52 53,8,288,36.0,584,73.0
187.892100,0x212,59 dc 65 41 03 48 52 53,8,288,36.0,584,73.0
187.991300,0x212,59 9c 65 41 03 48 52 53,8,288,36.0,584,73.0
188.091300,0x212,59 9c 65 41 03 48 52 53,8,288,36.0,584,73.0
188.191200,0x212,59 9c 65 41 03 48 52 53,8,288,36.0,584,73.0
188.290600,0x212,59 9c 65 41 03 48 52 53,8,288,36.0,584,73.0
188.390200,0x212,59 9c 65 41 03 48 52 53,8,288,36.0,584,73.0
188.491400,0x212,59 9c 65 41 03 48 52 53,8,288,36.0,584,73.0
188.590500,0x212,59 9c 65 41 03 48 52 53,8,288,36.0,584,73.0
188.691300,0x212,59 9c 65 41 03 48 52 53,8,288,36.0,584,73.0
188.791400,0x212,59 5c 65 41 03 48 52 53,8,288,36.0,584,73.0
188.891800,0x212,59 5c 65 41 03 48 52 53,8,288,36.0,584,73.0
188.991400,0x212,59 5c 65 41 03 48 52 53,8,288,36.0,584,73.0
189.090500,0x212,59 5c 65 41 03 48 52 53,8,288,36.0,584,73.0
189.190600,0x212,59 5c 65 41 03 48 52 53,8,288,36.0,584,73.0
189.291300,0x212,59 5c 65 41 03 48 52 53,8,288,36.0,584,73.0
189.390600,0x212,59 5c 65 41 03 48 52 53,8,288,36.0,584,73.0
189.491200,0x212,59 1c 65 41 03 48 52 53,8,288,36.0,584,73.0
189.589300,0x212,59 1c 65 41 03 48 52 53,8,288,36.0,584,73.0
189.691200,0x212,59 1c 65 41 03 48 52 53,8,288,36.0,584,73.0
189.791300,0x212,59 1c 65 41 03 48 52 53,8,288,36.0,584,73.0
189.892500,0x212,59 1c 65 41 03 48 52 53,8,288,36.0,584,73.0
189.991300,0x212,59 1c 65 41 03 48 52 53,8,288,36.0,584,73.0
190.091300,0x212,59 1c 65 41 03 48 52 53,8,288,36.0,584,73.0
190.190800,0x212,59 dc 64 41 03 48 52 53,8,288,36.0,584,73.0
190.291200,0x212,59 dc 64 41 03 48 52 53,8,288,36.0,584,73.0
190.391300,0x212,59 dc 64 41 03 48 52 53,8,288,36.0,584,73.0
190.491400,0x212,59 dc 64 41 03 48 52 53,8,288,36.0,584,73.0
190.591200,0x212,59 dc 64 41 03 48 52 53,8,288,36.0,584,73.0
190.690900,0x212,59 dc 64 41 03 48 52 53,8,288,36.0,584,73.0
190.791300,0x212,59 9c 64 41 03 48 52 53,8,288,36.0,584,73.0
190.891900,0x212,59 9c 64 41 03 48 52 53,8,288,36.0,584,73.0
190.991400,0x212,59 9c 64 41 03 48 52 53,8,288,36.0,584,73.0
191.091300,0x212,59 9c 64 41 03 48 52 53,8,288,36.0,584,73.0
191.191400,0x212,59 9c 64 41 03 48 52 53,8,288,36.0,584,73.0
191.291700,0x212,59 9c 64 41 03 48 52 53,8,288,36.0,584,73.0
191.392100,0x212,59 5c 64 41 03 48 52 53,8,288,36.0,584,73.0
191.491600,0x212,59 5c 64 41 03 48 52 53,8,288,36.0,584,73.0
191.591400,0x212,59 5c 64 41 03 48 52 53,8,288,36.0,584,73.0
191.691300,0x212,59 5c 64 41 03 48 52 53,8,288,36.0,584,73.0
191.791400,0x212,59 5c 64 41 03 48 52 53,8,288,36.0,584,73.0
191.892300,0x212,59 5c 64 41 03 48 52 53,8,288,36.0,584,73.0
191.991400,0x212,59 5c 64 41 03 48 52 53,8,288,36.0,584,73.0
192.091300,0x212,59 1c 64 41 03 48 52 53,8,288,36.0,584,73.0
192.191400,0x212,59 1c 64 41 03 48 52 53,8,288,36.0,584,73.0
192.290400,0x212,59 1c 64 41 03 48 52 53,8,288,36.0,584,73.0
192.391400,0x212,59 1c 64 41 03 48 52 53,8,288,36.0,584,73.0
192.491600,0x212,59 1c 64 41 03 48 52 53,8,288,36.0,584,73.0
192.591400,0x212,59 1c 64 41 03 48 52 53,8,288,36.0,584,73.0
192.691400,0x212,59 1c 64 41 03 48 52 53,8,288,36.0,584,73.0
192.791500,0x212,59 dc 63 41 03 48 52 53,8,288,36.0,584,73.0
192.892200,0x212,59 dc 63 41 03 48 52 53,8,288,36.0,584,73.0
192.991500,0x212,59 dc 63 41 03 48 52 53,8,288,36.0,584,73.0
193.091500,0x212,59 dc 63 41 03 48 52 53,8,288,36.0,584,73.0
193.191500,0x212,59 9c 63 41 03 48 52 53,8,288,36.0,584,73.0
193.291500,0x212,59 9c 63 41 03 48 52 53,8,288,36.0,584,73.0
193.391500,0x212,59 9c 63 41 03 48 52 53,8,288,36.0,584,73.0
193.491400,0x212,59 9c 63 41 03 48 52 53,8,288,36.0,584,73.0
193.591700,0x212,59 9c 63 41 03 48 52 53,8,288,36.0,584,73.0
193.692300,0x212,59 5c 63 41 03 48 52 53,8,288,36.0,584,73.0
193.791500,0x212,59 5c 63 41 03 48 52 53,8,288,36.0,584,73.0
193.892200,0x212,59 5c 63 41 03 48 52 53,8,288,36.0,584,73.0
193.992300,0x212,59 5c 63 41 03 48 52 53,8,288,36.0,584,73.0
194.091600,0x212,59 5c 63 41 03 48 52 53,8,288,36.0,584,73.0
194.191300,0x212,59 1c 63 41 03 48 52 53,8,288,36.0,584,73.0
194.291300,0x212,59 1c 63 41 03 48 52 53,8,288,36.0,584,73.0
194.390400,0x212,59 1c 63 41 03 48 52 53,8,288,36.0,584,73.0
194.490600,0x212,59 1c 63 41 03 48 52 53,8,288,36.0,584,73.0
194.590300,0x212,59 1c 63 41 03 48 52 53,8,288,36.0,584,73.0
194.690700,0x212,59 1c 63 41 03 48 52 53,8,288,36.0,584,73.0
194.790700,0x212,59 1c 63 41 03 48 52 53,8,288,36.0,584,73.0
194.892100,0x212,59 1c 63 41 03 48 52 53,8,288,36.0,584,73.0
194.991600,0x212,59 dc 62 41 03 48 52 53,8,288,36.0,584,73.0
195.090500,0x212,59 dc 62 41 03 48 52 53,8,288,36.0,584,73.0
195.191500,0x212,59 dc 62 41 03 48 52 53,8,288,36.0,584,73.0
195.290200,0x212,59 dc 62 41 03 48 52 53,8,288,36.0,584,73.0
195.390200,0x212,59 dc 62 41 03 48 52 53,8,288,36.0,584,73.0
195.490400,0x212,59 dc 62 41 03 48 52 53,8,288,36.0,584,73.0
195.590400,0x212,59 dc 62 41 03 48 52 53,8,288,36.0,584,73.0
195.691600,0x212,59 dc 62 41 03 48 52 53,8,288,36.0,584,73.0
195.790300,0x212,59 9c 62 41 03 48 52 53,8,288,36.0,584,73.0
195.892300,0x212,59 9c 62 41 03 48 52 53,8,288,36.0,584,73.0
195.992000,0x212,59 9c 62 41 03 48 52 53,8,288,36.0,584,73.0
196.091400,0x212,59 9c 62 41 03 48 52 53,8,288,36.0,584,73.0
196.191400,0x212,59 9c 62 41 03 48 52 53,8,288,36.0,584,73.0
196.290400,0x212,59 9c 62 41 03 48 52 53,8,288,36.0,584,73.0
196.390600,0x212,59 9c 62 41 03 48 52 53,8,288,36.0,584,73.0
196.490600,0x212,59 9c 62 41 03 48 52 53,8,288,36.0,584,73.0
196.590600,0x212,59 5c 62 41 03 48 52 53,8,288,36.0,584,73.0
196.690600,0x212,59 5c 62 41 03 48 52 53,8,288,36.0,584,73.0
196.790700,0x212,59 5c 62 41 03 48 52 53,8,288,36.0,584,73.0
196.892400,0x212,59 5c 62 41 03 48 52 53,8,288,36.0,584,73.0
196.992200,0x212,59 5c 62 41 03 48 52 53,8,288,36.0,584,73.0
197.090300,0x212,59 1c 62 41 03 48 52 53,8,288,36.0,584,73.0
197.190400,0x212,59 1c 62 41 83 47 52 53,8,286,35.75,583,72.875
197.290600,0x212,59 1c 62 41 03 48 52 53,8,288,36.0,584,73.0
197.390400,0x212,59 1c 62 41 83 47 52 53,8,286,35.75,583,72.875
197.490300,0x212,59 dc 61 41 83 47 52 53,8,286,35.75,583,72.875
197.589900,0x212,59 dc 61 41 03 48 52 53,8,288,36.0,584,73.0
197.690500,0x212,59 dc 61 41 03 48 52 53,8,288,36.0,584,73.0
197.790400,0x212,59 dc 61 41 83 47 52 53,8,286,35.75,583,72.875
197.892300,0x212,59 dc 61 41 03 48 52 53,8,288,36.0,584,73.0
197.992100,0x212,59 9c 61 41 83 47 52 53,8,286,35.75,583,72.875
198.090600,0x212,59 9c 61 41 03 48 52 53,8,288,36.0,584,73.0
198.190400,0x212,59 9c 61 41 83 47 52 53,8,286,35.75,583,72.875
198.290500,0x212,59 9c 61 41 03 48 52 53,8,288,36.0,584,73.0
198.392000,0x212,59 9c 61 41 03 48 52 53,8,288,36.0,584,73.0
198.491600,0x212,59 9c 61 41 03 48 52 53,8,288,36.0,584,73.0
198.590700,0x212,59 9c 61 41 03 48 52 53,8,288,36.0,584,73.0
198.690600,0x212,59 9c 61 41 03 48 52 53,8,288,36.0,584,73.0
198.790700,0x212,59 5c 61 41 03 48 52 53,8,288,36.0,584,73.0
198.892300,0x212,59 5c 61 41 03 48 52 53,8,288,36.0,584,73.0
198.991600,0x212,59 5c 61 41 83 47 52 53,8,286,35.75,583,72.875
199.090600,0x212,59 5c 61 41 03 48 52 53,8,288,36.0,584,73.0
199.192000,0x212,59 5c 61 41 83 47 52 53,8,286,35.75,583,72.875
199.291800,0x212,59 5c 61 41 03 48 52 53,8,288,36.0,584,73.0
199.390400,0x212,59 5c 61 41 03 48 52 53,8,288,36.0,584,73.0
199.490700,0x212,59 1c 61 41 03 48 52 53,8,288,36.0,584,73.0
199.591000,0x212,59 1c 61 41 03 48 52 53,8,288,36.0,584,73.0
199.691100,0x212,59 1c 61 41 03 48 52 53,8,288,36.0,584,73.0
199.790700,0x212,59 1c 61 41 03 48 52 53,8,288,36.0,584,73.0
199.892500,0x212,59 1c 61 41 03 48 52 53,8,288,36.0,584,73.0
199.991500,0x212,59 1c 61 41 03 48 52 53,8,288,36.0,584,73.0
200.090700,0x212,59 1c 61 41 83 47 52 53,8,286,35.75,583,72.875
200.190600,0x212,59 dc 60 41 03 48 52 53,8,288,36.0,584,73.0
200.289800,0x212,59 dc 60 41 03 48 52 53,8,288,36.0,584,73.0
200.390500,0x212,59 dc 60 41 03 48 52 53,8,288,36.0,584,73.0
200.490800,0x212,59 dc 60 41 03 48 52 53,8,288,36.0,584,73.0
200.590700,0x212,59 dc 60 41 03 48 52 53,8,288,36.0,584,73.0
200.690600,0x212,59 dc 60 41 03 48 52 53,8,288,36.0,584,73.0
200.790700,0x212,59 dc 60 41 03 48 52 53,8,288,36.0,584,73.0
200.892400,0x212,59 9c 60 41 03 48 52 53,8,288,36.0,584,73.0
200.990600,0x212,59 9c 60 41 03 48 52 53,8,288,36.0,584,73.0
201.090700,0x212,59 9c 60 41 03 48 52 53,8,288,36.0,584,73.0
201.190600,0x212,59 9c 60 41 03 48 52 53,8,288,36.0,584,73.0
201.290600,0x212,59 9c 60 41 03 48 52 53,8,288,36.0,584,73.0
201.390500,0x212,59 9c 60 41 03 48 52 53,8,288,36.0,584,73.0
201.490400,0x212,59 9c 60 41 03 48 52 53,8,288,36.0,584,73.0
201.589800,0x212,59 9c 60 41 03 48 52 53,8,288,36.0,584,73.0
201.690400,0x212,59 5c 60 41 03 48 52 53,8,288,36.0,584,73.0
201.790600,0x212,59 5c 60 41 83 47 52 53,8,286,35.75,583,72.875
201.893400,0x212,59 5c 60 41 03 48 52 53,8,288,36.0,584,73.0
201.990900,0x212,59 5c 60 41 83 47 52 53,8,286,35.75,583,72.875
202.090500,0x212,59 5c 60 41 03 48 52 53,8,288,36.0,584,73.0
202.190500,0x212,59 5c 60 41 03 48 52 53,8,288,36.0,584,73.0
202.290700,0x212,59 5c 60 41 83 47 52 53,8,286,35.75,583,72.875
202.391900,0x212,59 1c 60 41 83 47 52 53,8,286,35.75,583,72.875
202.492000,0x212,59 1c 60 41 03 48 52 53,8,288,36.0,584,73.0
202.590600,0x212,59 1c 60 41 03 48 52 53,8,288,36.0,584,73.0
202.690600,0x212,59 1c 60 41 03 48 52 53,8,288,36.0,584,73.0
202.791800,0x212,59 1c 60 41 03 48 52 53,8,288,36.0,584,73.0
202.892800,0x212,59 1c 60 41 03 48 52 53,8,288,36.0,584,73.0
202.991600,0x212,59 1c 60 41 03 48 52 53,8,288,36.0,584,73.0
203.091600,0x212,59 dc 5f 41 03 48 52 53,8,288,36.0,584,73.0
203.190800,0x212,59 dc 5f 41 03 48 52 53,8,288,36.0,584,73.0
203.290600,0x212,59 dc 5f 41 03 48 52 53,8,288,36.0,584,73.0
203.390700,0x212,59 dc 5f 41 03 48 52 53,8,288,36.0,584,73.0
203.490700,0x212,59 dc 5f 41 03 48 52 53,8,288,36.0,584,73.0
203.590800,0x212,59 dc 5f 41 03 48 52 53,8,288,36.0,584,73.0
203.690600,0x212,59 dc 5f 41 03 48 52 53,8,288,36.0,584,73.0
203.790700,0x212,59 9c 5f 41 03 48 52 53,8,288,36.0,584,73.0
203.892600,0x212,59 9c 5f 41 03 48 52 53,8,288,36.0,584,73.0
203.990600,0x212,59 9c 5f 41 03 48 52 53,8,288,36.0,584,73.0
204.090600,0x212,59 9c 5f 41 03 48 52 53,8,288,36.0,584,73.0
204.190500,0x212,59 9c 5f 41 83 47 52 53,8,286,35.75,583,72.875
204.289800,0x212,59 9c 5f 41 03 48 52 53,8,288,36.0,584,73.0
204.390700,0x212,59 9c 5f 41 03 48 52 53,8,288,36.0,584,73.0
204.490700,0x212,59 5c 5f 41 83 47 52 53,8,286,35.75,583,72.875
204.590700,0x212,59 5c 5f 41 03 48 52 53,8,288,36.0,584,73.0
204.690600,0x212,59 5c 5f 41 03 48 52 53,8,288,36.0,584,73.0
204.790800,0x212,59 5c 5f 41 83 47 52 53,8,286,35.75,583,72.875
204.892500,0x212,59 5c 5f 41 83 47 52 53,8,286,35.75,583,72.875
204.990800,0x212,59 5c 5f 41 83 47 52 53,8,286,35.75,583,72.875
205.090800,0x212,59 5c 5f 41 03 48 52 53,8,288,36.0,584,73.0
205.190800,0x212,59 5c 5f 41 03 48 52 53,8,288,36.0,584,73.0
205.290700,0x212,59 5c 5f 41 03 48 52 53,8,288,36.0,584,73.0
205.390700,0x212,59 1c 5f 41 83 47 52 53,8,286,35.75,583,72.875
205.490600,0x212,59 1c 5f 41 03 48 52 53,8,288,36.0,584,73.0
205.590000,0x212,59 1c 5f 41 83 47 52 53,8,286,35.75,583,72.875
205.690700,0x212,59 1c 5f 41 03 48 52 53,8,288,36.0,584,73.0
205.790700,0x212,59 1c 5f 41 03 48 52 53,8,288,36.0,584,73.0
205.892600,0x212,59 dc 5e 41 03 48 52 53,8,288,36.0,584,73.0
205.990600,0x212,59 dc 5e 41 83 47 52 53,8,286,35.75,583,72.875
206.090700,0x212,59 dc 5e 41 83 47 52 53,8,286,35.75,583,72.875
206.190600,0x212,59 dc 5e 41 03 48 52 53,8,288,36.0,584,73.0
206.290500,0x212,59 dc 5e 41 03 48 52 53,8,288,36.0,584,73.0
206.390500,0x212,59 dc 5e 41 03 48 52 53,8,288,36.0,584,73.0
206.490600,0x212,59 9c 5e 41 83 47 52 53,8,286,35.75,583,72.875
206.590800,0x212,59 9c 5e 41 03 48 52 53,8,288,36.0,584,73.0
206.690700,0x212,59 9c 5e 41 83 47 52 53,8,286,35.75,583,72.875
206.790800,0x212,59 9c 5e 41 83 47 52 53,8,286,35.75,583,72.875
206.892600,0x212,59 9c 5e 41 83 47 52 53,8,286,35.75,583,72.875
206.991600,0x212,59 9c 5e 41 83 47 52 53,8,286,35.75,583,72.875
207.091300,0x212,59 9c 5e 41 83 47 52 53,8,286,35.75,583,72.875
207.190600,0x212,59 5c 5e 41 03 48 52 53,8,288,36.0,584,73.0
207.290700,0x212,59 5c 5e 41 03 48 52 53,8,288,36.0,584,73.0
207.390700,0x212,59 5c 5e 41 03 48 52 53,8,288,36.0,584,73.0
207.491300,0x212,59 5c 5e 41 03 48 52 53,8,288,36.0,584,73.0
207.591100,0x212,59 5c 5e 41 83 47 52 53,8,286,35.75,583,72.875
207.691000,0x212,59 5c 5e 41 83 47 52 53,8,286,35.75,583,72.875
207.791300,0x212,59 5c 5e 41 83 47 52 53,8,286,35.75,583,72.875
207.892700,0x212,59 5c 5e 41 83 47 52 53,8,286,35.75,583,72.875
207.991300,0x212,59 1c 5e 41 03 48 52 53,8,288,36.0,584,73.0
208.091600,0x212,59 1c 5e 41 03 48 52 53,8,288,36.0,584,73.0
208.191100,0x212,59 1c 5e 41 03 48 52 53,8,288,36.0,584,73.0
208.289800,0x212,59 1c 5e 41 03 48 52 53,8,288,36.0,584,73.0
208.391200,0x212,59 1c 5e 41 03 48 52 53,8,288,36.0,584,73.0
208.491400,0x212,59 1c 5e 41 03 48 52 53,8,288,36.0,584,73.0
208.591100,0x212,59 1c 5e 41 03 48 52 53,8,288,36.0,584,73.0
208.691800,0x212,59 1c 5e 41 03 48 52 53,8,288,36.0,584,73.0
208.790900,0x212,59 1c 5e 41 03 48 52 53,8,288,36.0,584,73.0
208.892800,0x212,59 dc 5d 41 03 48 52 53,8,288,36.0,584,73.0
208.991800,0x212,59 dc 5d 41 03 48 52 53,8,288,36.0,584,73.0
209.091100,0x212,59 dc 5d 41 03 48 52 53,8,288,36.0,584,73.0
209.191100,0x212,59 dc 5d 41 03 48 52 53,8,288,36.0,584,73.0
209.291100,0x212,59 dc 5d 41 03 48 52 53,8,288,36.0,584,73.0
209.390900,0x212,59 dc 5d 41 03 48 52 53,8,288,36.0,584,73.0
209.491300,0x212,59 dc 5d 41 03 48 52 53,8,288,36.0,584,73.0
209.590100,0x212,59 dc 5d 41 03 48 52 53,8,288,36.0,584,73.0
209.691200,0x212,59 dc 5d 41 03 48 52 53,8,288,36.0,584,73.0
209.791100,0x212,59 dc 5d 41 03 48 52 53,8,288,36.0,584,73.0
209.892700,0x212,59 dc 5d 41 03 48 52 53,8,288,36.0,584,73.0
209.991100,0x212,59 dc 5d 41 03 48 52 53,8,288,36.0,584,73.0
210.090800,0x212,59 dc 5d 41 03 48 52 53,8,288,36.0,584,73.0
210.191100,0x212,59 dc 5d 41 03 48 52 53,8,288,36.0,584,73.0
210.291700,0x212,59 dc 5d 41 03 48 52 53,8,288,36.0,584,73.0
210.391300,0x212,59 dc 5d 41 03 48 52 53,8,288,36.0,584,73.0
210.491000,0x212,59 dc 5d 41 03 48 52 53,8,288,36.0,584,73.0
210.591100,0x212,59 dc 5d 41 03 48 52 53,8,288,36.0,584,73.0
210.691000,0x212,59 dc 5d 41 03 48 52 53,8,288,36.0,584,73.0
210.791400,0x212,59 dc 5d 41 03 48 52 53,8,288,36.0,584,73.0
210.893000,0x212,59 dc 5d 41 03 48 52 53,8,288,36.0,584,73.0
210.991900,0x212,59 dc 5d 41 03 48 52 53,8,288,36.0,584,73.0
211.091100,0x212,59 dc 5d 41 03 48 52 53,8,288,36.0,584,73.0
211.191100,0x212,59 dc 5d 41 03 48 52 53,8,288,36.0,584,73.0
211.291200,0x212,59 dc 5d 41 03 48 52 53,8,288,36.0,584,73.0
211.391200,0x212,59 dc 5d 41 03 48 52 53,8,288,36.0,584,73.0
211.491200,0x212,59 dc 5d 41 03 48 52 53,8,288,36.0,584,73.0
211.591400,0x212,59 dc 5d 41 03 48 52 53,8,288,36.0,584,73.0
211.690800,0x212,59 dc 5d 41 03 48 52 53,8,288,36.0,584,73.0
211.791200,0x212,59 dc 5d 41 03 48 52 53,8,288,36.0,584,73.0
211.892800,0x212,59 dc 5d 41 03 48 52 53,8,288,36.0,584,73.0
211.990800,0x212,59 dc 5d 41 03 48 52 53,8,288,36.0,584,73.0
212.090900,0x212,59 dc 5d 41 03 48 52 53,8,288,36.0,584,73.0
212.191200,0x212,59 dc 5d 41 03 48 52 53,8,288,36.0,584,73.0
212.290100,0x212,59 dc 5d 41 03 48 52 53,8,288,36.0,584,73.0
212.390900,0x212,59 dc 5d 41 03 48 52 53,8,288,36.0,584,73.0
212.491100,0x212,59 dc 5d 41 03 48 52 53,8,288,36.0,584,73.0
212.590900,0x212,59 dc 5d 41 03 48 52 53,8,288,36.0,584,73.0
212.690900,0x212,59 dc 5d 41 03 48 52 53,8,288,36.0,584,73.0
212.790900,0x212,59 1c 5e 41 03 48 52 53,8,288,36.0,584,73.0
212.892800,0x212,59 1c 5e 41 03 48 52 53,8,288,36.0,584,73.0
212.990900,0x212,59 1c 5e 41 03 48 52 53,8,288,36.0,584,73.0
213.090900,0x212,59 1c 5e 41 03 48 52 53,8,288,36.0,584,73.0
213.190900,0x212,59 1c 5e 41 03 48 52 53,8,288,36.0,584,73.0
213.290900,0x212,59 1c 5e 41 03 48 52 53,8,288,36.0,584,73.0
213.390900,0x212,59 1c 5e 41 03 48 52 53,8,288,36.0,584,73.0
213.490900,0x212,59 1c 5e 41 03 48 52 53,8,288,36.0,584,73.0
213.590200,0x212,59 1c 5e 41 03 48 52 53,8,288,36.0,584,73.0
213.690900,0x212,59 1c 5e 41 03 48 52 53,8,288,36.0,584,73.0
213.791100,0x212,59 1c 5e 41 03 48 52 53,8,288,36.0,584,73.0
213.892800,0x212,59 1c 5e 41 03 48 52 53,8,288,36.0,584,73.0
213.990900,0x212,59 1c 5e 41 03 48 52 53,8,288,36.0,584,73.0
214.090900,0x212,59 1c 5e 41 03 48 52 53,8,288,36.0,584,73.0
214.191100,0x212,59 1c 5e 41 03 48 52 53,8,288,36.0,584,73.0
214.290900,0x212,59 1c 5e 41 03 48 52 53,8,288,36.0,584,73.0
214.390800,0x212,59 1c 5e 41 03 48 52 53,8,288,36.0,584,73.0
214.490900,0x212,59 1c 5e 41 03 48 52 53,8,288,36.0,584,73.0
214.590900,0x212,59 1c 5e 41 03 48 52 53,8,288,36.0,584,73.0
214.691100,0x212,59 1c 5e 41 03 48 52 53,8,288,36.0,584,73.0
214.791000,0x212,59 1c 5e 41 03 48 52 53,8,288,36.0,584,73.0
214.892800,0x212,59 1c 5e 41 03 48 52 53,8,288,36.0,584,73.0
214.990900,0x212,59 1c 5e 41 03 48 52 53,8,288,36.0,584,73.0
215.090900,0x212,59 1c 5e 41 03 48 52 53,8,288,36.0,584,73.0
215.190900,0x212,59 1c 5e 41 03 48 52 53,8,288,36.0,584,73.0
215.290900,0x212,59 1c 5e 41 03 48 52 53,8,288,36.0,584,73.0
215.390900,0x212,59 1c 5e 41 03 48 52 53,8,288,36.0,584,73.0
215.490900,0x212,59 1c 5e 41 03 48 52 53,8,288,36.0,584,73.0
215.590900,0x212,59 1c 5e 41 03 48 52 53,8,288,36.0,584,73.0
215.690900,0x212,59 1c 5e 41 03 48 52 53,8,288,36.0,584,73.0
215.790900,0x212,59 1c 5e 41 03 48 52 53,8,288,36.0,584,73.0
215.892800,0x212,59 1c 5e 41 03 48 52 53,8,288,36.0,584,73.0
215.991900,0x212,59 1c 5e 41 03 48 52 53,8,288,36.0,584,73.0
216.090900,0x212,59 1c 5e 41 03 48 52 53,8,288,36.0,584,73.0
216.190900,0x212,59 1c 5e 41 03 48 52 53,8,288,36.0,584,73.0
216.290000,0x212,59 1c 5e 41 03 48 52 53,8,288,36.0,584,73.0
216.391100,0x212,59 1c 5e 41 03 48 52 53,8,288,36.0,584,73.0
216.491800,0x212,59 1c 5e 41 03 48 52 53,8,288,36.0,584,73.0
216.591100,0x212,59 1c 5e 41 03 48 52 53,8,288,36.0,584,73.0
216.690800,0x212,59 1c 5e 41 03 48 52 53,8,288,36.0,584,73.0
216.791100,0x212,59 1c 5e 41 03 48 52 53,8,288,36.0,584,73.0
216.892900,0x212,59 1c 5e 41 03 48 52 53,8,288,36.0,584,73.0
216.992100,0x212,59 1c 5e 41 03 48 52 53,8,288,36.0,584,73.0
217.091100,0x212,59 1c 5e 41 03 48 52 53,8,288,36.0,584,73.0
217.191000,0x212,59 1c 5e 41 03 48 52 53,8,288,36.0,584,73.0
217.291200,0x212,59 1c 5e 41 03 48 52 53,8,288,36.0,584,73.0
217.391000,0x212,59 1c 5e 41 03 48 52 53,8,288,36.0,584,73.0
217.491000,0x212,59 1c 5e 41 03 48 52 53,8,288,36.0,584,73.0
217.590700,0x212,59 1c 5e 41 03 48 52 53,8,288,36.0,584,73.0
217.690800,0x212,59 1c 5e 41 03 48 52 53,8,288,36.0,584,73.0
217.791000,0x212,59 5c 5e 41 03 48 52 53,8,288,36.0,584,73.0
217.892900,0x212,59 5c 5e 41 03 48 52 53,8,288,36.0,584,73.0
217.992000,0x212,59 5c 5e 41 03 48 52 53,8,288,36.0,584,73.0
218.091000,0x212,59 5c 5e 41 03 48 52 53,8,288,36.0,584,73.0
218.191100,0x212,59 5c 5e 41 03 48 52 53,8,288,36.0,584,73.0
218.290800,0x212,59 5c 5e 41 03 48 52 53,8,288,36.0,584,73.0
218.390800,0x212,59 5c 5e 41 03 48 52 53,8,288,36.0,584,73.0
218.491000,0x212,59 5c 5e 41 03 48 52 53,8,288,36.0,584,73.0
218.591000,0x212,59 5c 5e 41 03 48 52 53,8,288,36.0,584,73.0
218.691900,0x212,59 5c 5e 41 03 48 52 53,8,288,36.0,584,73.0
218.791700,0x212,59 5c 5e 41 03 48 52 53,8,288,36.0,584,73.0
218.892900,0x212,59 5c 5e 41 03 48 52 53,8,288,36.0,584,73.0
218.990900,0x212,59 5c 5e 41 03 48 52 53,8,288,36.0,584,73.0
219.091100,0x212,59 5c 5e 41 03 48 52 53,8,288,36.0,584,73.0
219.191300,0x212,59 5c 5e 41 03 48 52 53,8,288,36.0,584,73.0
219.291200,0x212,59 5c 5e 41 03 48 52 53,8,288,36.0,584,73.0
219.390900,0x212,59 5c 5e 41 03 48 52 53,8,288,36.0,584,73.0
219.491100,0x212,59 5c 5e 41 03 48 52 53,8,288,36.0,584,73.0
219.591300,0x212,59 5c 5e 41 03 48 52 53,8,288,36.0,584,73.0
219.691300,0x212,59 5c 5e 41 03 48 52 53,8,288,36.0,584,73.0
219.791200,0x212,59 5c 5e 41 03 48 52 53,8,288,36.0,584,73.0
219.893200,0x212,59 5c 5e 41 03 48 52 53,8,288,36.0,584,73.0
219.992900,0x212,59 5c 5e 41 03 48 52 53,8,288,36.0,584,73.0
220.091400,0x212,59 5c 5e 41 03 48 52 53,8,288,36.0,584,73.0
220.191400,0x212,59 5c 5e 41 03 48 52 53,8,288,36.0,584,73.0
220.290700,0x212,59 5c 5e 41 03 48 52 53,8,288,36.0,584,73.0
220.391500,0x212,59 5c 5e 41 03 48 52 53,8,288,36.0,584,73.0
220.491700,0x212,59 5c 5e 41 03 48 52 53,8,288,36.0,584,73.0
220.591700,0x212,59 5c 5e 41 03 48 52 53,8,288,36.0,584,73.0
220.691500,0x212,59 5c 5e 41 03 48 52 53,8,288,36.0,584,73.0
220.791800,0x212,59 5c 5e 41 03 48 52 53,8,288,36.0,584,73.0
220.893300,0x212,59 5c 5e 41 03 48 52 53,8,288,36.0,584,73.0
220.992500,0x212,59 5c 5e 41 03 48 52 53,8,288,36.0,584,73.0
221.091800,0x212,59 5c 5e 41 03 48 52 53,8,288,36.0,584,73.0
221.191800,0x212,59 5c 5e 41 03 48 52 53,8,288,36.0,584,73.0
221.291800,0x212,59 5c 5e 41 03 48 52 53,8,288,36.0,584,73.0
221.391800,0x212,59 5c 5e 41 03 48 52 53,8,288,36.0,584,73.0
221.491800,0x212,59 5c 5e 41 03 48 52 53,8,288,36.0,584,73.0
221.591800,0x212,59 5c 5e 41 03 48 52 53,8,288,36.0,584,73.0
221.691400,0x212,59 5c 5e 41 03 48 52 53,8,288,36.0,584,73.0
221.791500,0x212,59 5c 5e 41 03 48 52 53,8,288,36.0,584,73.0
221.893300,0x212,59 5c 5e 41 03 48 52 53,8,288,36.0,584,73.0
221.992500,0x212,59 5c 5e 41 03 48 52 53,8,288,36.0,584,73.0
222.091500,0x212,59 5c 5e 41 03 48 52 53,8,288,36.0,584,73.0
222.191500,0x212,59 5c 5e 41 03 48 52 53,8,288,36.0,584,73.0
222.290600,0x212,59 5c 5e 41 03 48 52 53,8,288,36.0,584,73.0
222.392500,0x212,59 5c 5e 41 03 48 52 53,8,288,36.0,584,73.0
222.492900,0x212,59 5c 5e 41 03 48 52 53,8,288,36.0,584,73.0
222.592500,0x212,59 5c 5e 41 03 48 52 53,8,288,36.0,584,73.0
222.692400,0x212,59 5c 5e 41 03 48 52 53,8,288,36.0,584,73.0
222.791500,0x212,59 5c 5e 41 03 48 52 53,8,288,36.0,584,73.0
222.893400,0x212,59 5c 5e 41 03 48 52 53,8,288,36.0,584,73.0
222.992500,0x212,59 5c 5e 41 03 48 52 53,8,288,36.0,584,73.0
223.091500,0x212,59 5c 5e 41 03 48 52 53,8,288,36.0,584,73.0
223.191600,0x212,59 5c 5e 41 03 48 52 53,8,288,36.0,584,73.0
223.291600,0x212,59 5c 5e 41 03 48 52 53,8,288,36.0,584,73.0
223.391500,0x212,59 5c 5e 41 03 48 52 53,8,288,36.0,584,73.0
223.491900,0x212,59 5c 5e 41 03 48 52 53,8,288,36.0,584,73.0
223.592900,0x212,59 5c 5e 41 03 48 52 53,8,288,36.0,584,73.0
223.691900,0x212,59 5c 5e 41 03 48 52 53,8,288,36.0,584,73.0
223.792000,0x212,59 5c 5e 41 03 48 52 53,8,288,36.0,584,73.0
223.893500,0x212,59 5c 5e 41 03 48 52 53,8,288,36.0,584,73.0
223.992900,0x212,59 5c 5e 41 03 48 52 53,8,288,36.0,584,73.0
224.091900,0x212,59 5c 5e 41 03 48 52 53,8,288,36.0,584,73.0
224.192000,0x212,59 5c 5e 41 03 48 52 53,8,288,36.0,584,73.0
224.291900,0x212,59 5c 5e 41 03 48 52 53,8,288,36.0,584,73.0
224.391100,0x212,59 5c 5e 41 03 48 52 53,8,288,36.0,584,73.0
224.492000,0x212,59 5c 5e 41 03 48 52 53,8,288,36.0,584,73.0
224.592000,0x212,59 5c 5e 41 03 48 52 53,8,288,36.0,584,73.0
224.692000,0x212,59 5c 5e 41 03 48 52 53,8,288,36.0,584,73.0
224.792400,0x212,59 5c 5e 41 03 48 52 53,8,288,36.0,584,73.0
224.894400,0x212,59 5c 5e 41 03 48 52 53,8,288,36.0,584,73.0
224.993200,0x212,59 5c 5e 41 03 48 52 53,8,288,36.0,584,73.0
225.091100,0x212,59 5c 5e 41 03 48 52 53,8,288,36.0,584,73.0
225.192100,0x212,59 5c 5e 41 03 48 52 53,8,288,36.0,584,73.0
225.292100,0x212,59 5c 5e 41 03 48 52 53,8,288,36.0,584,73.0
225.392100,0x212,59 5c 5e 41 03 48 52 53,8,288,36.0,584,73.0
225.493400,0x212,59 5c 5e 41 03 48 52 53,8,288,36.0,584,73.0
225.592100,0x212,59 5c 5e 41 03 48 52 53,8,288,36.0,584,73.0
225.692100,0x212,59 5c 5e 41 03 48 52 53,8,288,36.0,584,73.0
225.792300,0x212,59 5c 5e 41 03 48 52 53,8,288,36.0,584,73.0
225.893700,0x212,59 5c 5e 41 03 48 52 53,8,288,36.0,584,73.0
225.993100,0x212,59 5c 5e 41 03 48 52 53,8,288,36.0,584,73.0
226.092100,0x212,59 5c 5e 41 03 48 52 53,8,288,36.0,584,73.0
226.192100,0x212,59 5c 5e 41 03 48 52 53,8,288,36.0,584,73.0
226.292100,0x212,59 5c 5e 41 03 48 52 53,8,288,36.0,584,73.0
226.393100,0x212,59 5c 5e 41 03 48 52 53,8,288,36.0,584,73.0
226.491000,0x212,59 5c 5e 41 03 48 52 53,8,288,36.0,584,73.0
226.592100,0x212,59 5c 5e 41 03 48 52 53,8,288,36.0,584,73.0
226.692000,0x212,59 5c 5e 41 03 48 52 53,8,288,36.0,584,73.0
226.792200,0x212,59 5c 5e 41 03 48 52 53,8,288,36.0,584,73.0
226.893900,0x212,59 9c 5e 41 03 48 52 53,8,288,36.0,584,73.0
226.993100,0x212,59 9c 5e 41 03 48 52 53,8,288,36.0,584,73.0
227.093000,0x212,59 9c 5e 41 03 48 52 53,8,288,36.0,584,73.0
227.192500,0x212,59 9c 5e 41 03 48 52 53,8,288,36.0,584,73.0
227.292100,0x212,59 9c 5e 41 03 48 52 53,8,288,36.0,584,73.0
227.392100,0x212,59 9c 5e 41 03 48 52 53,8,288,36.0,584,73.0
227.492200,0x212,59 9c 5e 41 03 48 52 53,8,288,36.0,584,73.0
227.593500,0x212,59 9c 5e 41 03 48 52 53,8,288,36.0,584,73.0
227.692200,0x212,59 9c 5e 41 03 48 52 53,8,288,36.0,584,73.0
227.792200,0x212,59 9c 5e 41 03 48 52 53,8,288,36.0,584,73.0
227.893900,0x212,59 9c 5e 41 03 48 52 53,8,288,36.0,584,73.0
227.993200,0x212,59 9c 5e 41 03 48 52 53,8,288,36.0,584,73.0
228.092200,0x212,59 9c 5e 41 03 48 52 53,8,288,36.0,584,73.0
228.192300,0x212,59 9c 5e 41 03 48 52 53,8,288,36.0,584,73.0
228.292500,0x212,59 9c 5e 41 03 48 52 53,8,288,36.0,584,73.0
228.392300,0x212,59 9c 5e 41 03 48 52 53,8,288,36.0,584,73.0
228.492100,0x212,59 9c 5e 41 03 48 52 53,8,288,36.0,584,73.0
228.591300,0x212,59 9c 5e 41 03 48 52 53,8,288,36.0,584,73.0
228.692200,0x212,59 9c 5e 41 03 48 52 53,8,288,36.0,584,73.0
228.792300,0x212,59 9c 5e 41 03 48 52 53,8,288,36.0,584,73.0
228.894000,0x212,59 9c 5e 41 03 48 52 53,8,288,36.0,584,73.0
228.992200,0x212,59 9c 5e 41 03 48 52 53,8,288,36.0,584,73.0
229.092200,0x212,59 9c 5e 41 03 48 52 53,8,288,36.0,584,73.0
229.192300,0x212,59 9c 5e 41 03 48 52 53,8,288,36.0,584,73.0
229.291100,0x212,59 9c 5e 41 03 48 52 53,8,288,36.0,584,73.0
229.393100,0x212,59 9c 5e 41 03 48 52 53,8,288,36.0,584,73.0
229.492300,0x212,59 9c 5e 41 03 48 52 53,8,288,36.0,584,73.0
229.593200,0x212,59 9c 5e 41 03 48 52 53,8,288,36.0,584,73.0
229.693100,0x212,59 9c 5e 41 03 48 52 53,8,288,36.0,584,73.0
229.793200,0x212,59 9c 5e 41 03 48 52 53,8,288,36.0,584,73.0
229.893900,0x212,59 9c 5e 41 03 48 52 53,8,288,36.0,584,73.0
229.992400,0x212,59 9c 5e 41 03 48 52 53,8,288,36.0,584,73.0
230.092200,0x212,59 9c 5e 41 03 48 52 53,8,288,36.0,584,73.0
230.192100,0x212,59 9c 5e 41 03 48 52 53,8,288,36.0,584,73.0
230.293100,0x212,59 9c 5e 41 03 48 52 53,8,288,36.0,584,73.0
230.393100,0x212,59 9c 5e 41 03 48 52 53,8,288,36.0,584,73.0
230.492200,0x212,59 9c 5e 41 03 48 52 53,8,288,36.0,584,73.0
230.593100,0x212,59 9c 5e 41 03 48 52 53,8,288,36.0,584,73.0
230.691000,0x212,59 9c 5e 41 03 48 52 53,8,288,36.0,584,73.0
230.792200,0x212,59 9c 5e 41 03 48 52 53,8,288,36.0,584,73.0
230.893700,0x212,59 9c 5e 41 03 48 52 53,8,288,36.0,584,73.0
230.993200,0x212,59 9c 5e 41 03 48 52 53,8,288,36.0,584,73.0
231.093100,0x212,59 9c 5e 41 03 48 52 53,8,288,36.0,584,73.0
231.193200,0x212,59 9c 5e 41 03 48 52 53,8,288,36.0,584,73.0
231.292100,0x212,59 9c 5e 41 03 48 52 53,8,288,36.0,584,73.0
231.392200,0x212,59 9c 5e 41 03 48 52 53,8,288,36.0,584,73.0
231.493200,0x212,59 9c 5e 41 03 48 52 53,8,288,36.0,584,73.0
231.593100,0x212,59 9c 5e 41 03 48 52 53,8,288,36.0,584,73.0
231.693100,0x212,59 9c 5e 41 03 48 52 53,8,288,36.0,584,73.0
231.793200,0x212,59 9c 5e 41 03 48 52 53,8,288,36.0,584,73.0
231.894100,0x212,59 9c 5e 41 03 48 52 53,8,288,36.0,584,73.0
231.992200,0x212,59 9c 5e 41 03 48 52 53,8,288,36.0,584,73.0
232.093100,0x212,59 9c 5e 41 03 48 52 53,8,288,36.0,584,73.0
232.193100,0x212,59 9c 5e 41 03 48 52 53,8,288,36.0,584,73.0
232.293100,0x212,59 9c 5e 41 03 48 52 53,8,288,36.0,584,73.0
232.393100,0x212,59 9c 5e 41 03 48 52 53,8,288,36.0,584,73.0
232.493200,0x212,59 9c 5e 41 03 48 52 53,8,288,36.0,584,73.0
232.593200,0x212,59 9c 5e 41 03 48 52 53,8,288,36.0,584,73.0
232.693000,0x212,59 dc 5e 41 03 48 52 53,8,288,36.0,584,73.0
232.791200,0x212,59 dc 5e 41 03 48 52 53,8,288,36.0,584,73.0
232.894200,0x212,59 dc 5e 41 03 48 52 53,8,288,36.0,584,73.0
232.993300,0x212,59 dc 5e 41 03 48 52 53,8,288,36.0,584,73.0
233.092300,0x212,59 dc 5e 41 03 48 52 53,8,288,36.0,584,73.0
233.192600,0x212,59 dc 5e 41 03 48 52 53,8,288,36.0,584,73.0
