message,can_id,signal,json_start_position,dbc_start_bit,json_endianness,dbc_byte_order,bit_length,conversion_policy,reference_source,mux_id
APP_cameraTemperatures,0x499,APP_lRepeaterCameraTemperature,32,32,LITTLE,little_endian,8,JSON_DIRECT,,
APP_cameraTemperatures,0x499,APP_rRepeaterCameraTemperature,24,24,LITTLE,little_endian,8,JSON_DIRECT,,
APS_status,0x3CA,APS_canMaster,8,8,LITTLE,little_endian,2,JSON_DIRECT,,
BMS_bmbMinMax,0x332,BMS_bmbMinMaxMultiplexer,0,0,LITTLE,little_endian,2,JSON_DIRECT,,
BMS_bmbMinMax,0x332,BMS_brickNumVoltageMax,32,32,LITTLE,little_endian,7,JSON_DIRECT,,1
BMS_bmbMinMax,0x332,BMS_brickNumVoltageMin,40,40,LITTLE,little_endian,7,JSON_DIRECT,,1
BMS_bmbMinMax,0x332,BMS_brickVoltageMax,2,2,LITTLE,little_endian,12,JSON_DIRECT,,1
BMS_bmbMinMax,0x332,BMS_brickVoltageMin,16,16,LITTLE,little_endian,12,JSON_DIRECT,,1
BMS_contactorRequest,0x232,BMS_hvilCoverVSense,32,32,LITTLE,little_endian,16,JSON_DIRECT,,
BMS_contactorRequest,0x232,BMS_internalHvilSenseV,16,16,LITTLE,little_endian,16,JSON_DIRECT,,
BMS_hvBusStatus,0x132,BMS_packCurrent,16,16,LITTLE,little_endian,16,JSON_DIRECT,,
BMS_log1,0x374,BMS_log1MuxId,0,0,LITTLE,little_endian,8,JSON_DIRECT,,
BMS_log1,0x374,BMS_maxModeledPackTemp,19,19,LITTLE,little_endian,11,JSON_DIRECT,,10
BMS_log1,0x374,BMS_minModeledPackTemp,8,8,LITTLE,little_endian,11,JSON_DIRECT,,10
BMS_packConfig,0x392,BMS_packConfigMultiplexer,0,0,LITTLE,little_endian,8,JSON_DIRECT,,
BMS_packConfig,0x392,BMS_reservedConfig_0,8,8,LITTLE,little_endian,5,JSON_DIRECT,,0
BMS_socStatus,0x292,BMS_socAvg,30,30,LITTLE,little_endian,10,JSON_DIRECT,,
BMS_socStatus,0x292,BMS_socMax,20,20,LITTLE,little_endian,10,JSON_DIRECT,,
BMS_socStatus,0x292,BMS_socMin,0,0,LITTLE,little_endian,10,JSON_DIRECT,,
BMS_socStatus,0x292,BMS_socUI,10,10,LITTLE,little_endian,10,JSON_DIRECT,,
BMS_stateOfHealth,0x492,BMS_sohTestState,48,48,LITTLE,little_endian,4,JSON_DIRECT,,
BMS_stateOfHealth,0x492,BMS_stateOfHealth,0,0,LITTLE,little_endian,10,JSON_DIRECT,,
BMS_stateOfHealth,0x492,BMS_timeSinceSohUpdate,16,16,LITTLE,little_endian,32,JSON_DIRECT,,
BMS_status,0x212,BMS_contactorState,8,8,LITTLE,little_endian,3,JSON_DIRECT,,
BMS_status,0x212,BMS_ecuLogUploadRequest,14,14,LITTLE,little_endian,2,JSON_DIRECT,,
BMS_status,0x212,BMS_hvState,16,16,LITTLE,little_endian,3,JSON_DIRECT,,
BMS_status,0x212,BMS_isolationResistance,19,19,LITTLE,little_endian,10,JSON_DIRECT,,
BMS_status,0x212,BMS_state,32,32,LITTLE,little_endian,4,JSON_DIRECT,,
BMS_status,0x212,BMS_userChargeStatus,11,11,LITTLE,little_endian,3,JSON_DIRECT,,
BMS_udsResponse,0x612,BMS_udsResponseData,7,0,BIG,big_endian,64,LOCAL_DBC_START_BIT_ADAPTATION,dbc/tesla_model3.dbc,
CMPD_udsResponse,0x617,CMPD_udsResponseData,7,7,BIG,big_endian,64,JSON_BIG_ENDIAN_UNVERIFIED_START,,
CMP_udsResponse,0x613,CMP_udsResponseData,7,0,BIG,big_endian,64,LOCAL_DBC_START_BIT_ADAPTATION,dbc/tesla_model3.dbc,
CP_evseStatus,0x21D,CP_evseChargeType_UI,38,38,LITTLE,little_endian,2,JSON_DIRECT,,
CP_evseStatus,0x21D,CP_gbState,42,42,LITTLE,little_endian,4,JSON_DIRECT,,
CP_evseStatus,0x21D,CP_proximity,2,2,LITTLE,little_endian,2,JSON_DIRECT,,
CP_loggingFast,0x75D,CP_chargeCablePresent,61,61,LITTLE,little_endian,1,JSON_DIRECT,,0
CP_loggingFast,0x75D,CP_loggingFastSelect,0,0,LITTLE,little_endian,4,JSON_DIRECT,,
CP_status,0x210,CP_chargeCableState,14,14,LITTLE,little_endian,2,JSON_DIRECT,,
CP_udsResponse,0x61E,CP_udsResponseData,7,0,BIG,big_endian,64,LOCAL_DBC_START_BIT_ADAPTATION,dbc/tesla_model3.dbc,
DAS_udsResponse,0x659,DAS_udsResponseData,7,0,BIG,big_endian,64,LOCAL_DBC_START_BIT_ADAPTATION,dbc/tesla_model3.dbc,
DIF_alertMatrix3,0x35A,DIF_a154_resolver,25,25,LITTLE,little_endian,1,JSON_DIRECT,,
DIF_lvStatus,0x27A,DIF_hvilCmVoltage,20,20,LITTLE,little_endian,8,JSON_DIRECT,,
DIF_lvStatus,0x27A,DIF_hvilCurrent,12,12,LITTLE,little_endian,8,JSON_DIRECT,,
DIF_lvStatus,0x27A,DIF_hvilStatus,28,28,LITTLE,little_endian,2,JSON_DIRECT,,
DIF_status,0x2D5,DIF_wasteState,32,32,LITTLE,little_endian,2,JSON_DIRECT,,
DIF_udsResponse,0x615,DIF_udsResponseData,7,7,BIG,big_endian,64,JSON_BIG_ENDIAN_UNVERIFIED_START,,
DIR_alertMatrix3,0x3C5,DIR_a154_resolver,25,25,LITTLE,little_endian,1,JSON_DIRECT,,
DIR_lvStatus,0x279,DIR_hvilCmVoltage,20,20,LITTLE,little_endian,8,JSON_DIRECT,,
DIR_lvStatus,0x279,DIR_hvilCurrent,12,12,LITTLE,little_endian,8,JSON_DIRECT,,
DIR_lvStatus,0x279,DIR_hvilStatus,28,28,LITTLE,little_endian,2,JSON_DIRECT,,
DIR_status,0x256,DIR_state,12,12,LITTLE,little_endian,3,JSON_DIRECT,,
DIR_status,0x256,DIR_wasteState,32,32,LITTLE,little_endian,2,JSON_DIRECT,,
DIR_udsResponse,0x616,DIR_udsResponseData,7,7,BIG,big_endian,64,JSON_BIG_ENDIAN_UNVERIFIED_START,,
DI_speed,0x257,DI_vehicleSpeed,43,43,LITTLE,little_endian,13,JSON_DIRECT,,
DI_systemStatus,0x118,DI_brakePedalState,19,19,LITTLE,little_endian,2,JSON_DIRECT,,
DI_systemStatus,0x118,DI_gear,21,21,LITTLE,little_endian,3,JSON_DIRECT,,
DI_systemStatus,0x118,DI_hvilSystemStatus,27,27,LITTLE,little_endian,2,JSON_DIRECT,,
DI_vehicleEstimates,0x267,DI_steeringAngleOffset,56,56,LITTLE,little_endian,8,JSON_DIRECT,,
EPAS3P_angleCalibration,0x3D1,EPAS3P_appliedAngleOffset,0,0,LITTLE,little_endian,8,JSON_DIRECT,,
EPAS3P_sysStatus,0x373,EPAS3P_internalSAS,37,32,BIG,big_endian,14,LOCAL_DBC_START_BIT_ADAPTATION,dbc/tesla_model3.dbc,
EPAS3P_sysStatus,0x373,EPAS3P_torsionBarTorque,19,16,BIG,big_endian,12,LOCAL_DBC_START_BIT_ADAPTATION,dbc/tesla_model3.dbc,
EPAS3P_udsResponseCH,0x638,EPAS3P_udsResponseDataCH,7,0,BIG,big_endian,64,LOCAL_DBC_START_BIT_ADAPTATION,dbc/tesla_model3.dbc,
EPAS3S_sysStatus,0x372,EPAS3S_torsionBarTorque,19,16,BIG,big_endian,12,LOCAL_DBC_START_BIT_ADAPTATION,dbc/tesla_model3.dbc,
EPAS3S_udsResponse,0x738,EPAS3S_udsResponseData,7,0,BIG,big_endian,64,LOCAL_DBC_START_BIT_ADAPTATION,dbc/tesla_model3.dbc,
EPBL_status,0x2A9,EPBL_systemStatus,0,0,LITTLE,little_endian,4,JSON_DIRECT,,
EPBL_udsResponse,0x625,EPBL_udsResponseData_H,7,0,BIG,big_endian,32,LOCAL_DBC_START_BIT_ADAPTATION,dbc/tesla_model3.dbc,
EPBL_udsResponse,0x625,EPBL_udsResponseData_L,39,32,BIG,big_endian,32,LOCAL_DBC_START_BIT_ADAPTATION,dbc/tesla_model3.dbc,
EPBR_status,0x2E8,EPBR_systemStatus,0,0,LITTLE,little_endian,4,JSON_DIRECT,,
EPBR_udsResponse,0x627,EPBR_udsResponseData_H,7,0,BIG,big_endian,32,LOCAL_DBC_START_BIT_ADAPTATION,dbc/tesla_model3.dbc,
EPBR_udsResponse,0x627,EPBR_udsResponseData_L,39,32,BIG,big_endian,32,LOCAL_DBC_START_BIT_ADAPTATION,dbc/tesla_model3.dbc,
ESP_status,0x145,ESP_stabilityControlSts2,14,14,LITTLE,little_endian,2,JSON_DIRECT,,
ESP_udsResponse,0x655,ESP_udsResponseData,7,0,BIG,big_endian,64,LOCAL_DBC_START_BIT_ADAPTATION,dbc/tesla_model3.dbc,
ESP_wheelSpeeds,0x175,ESP_wheelSpeedFrL,0,0,LITTLE,little_endian,13,JSON_DIRECT,,
ESP_wheelSpeeds,0x175,ESP_wheelSpeedFrR,13,13,LITTLE,little_endian,13,JSON_DIRECT,,
ESP_wheelSpeeds,0x175,ESP_wheelSpeedReL,26,26,LITTLE,little_endian,13,JSON_DIRECT,,
ESP_wheelSpeeds,0x175,ESP_wheelSpeedReR,39,39,LITTLE,little_endian,13,JSON_DIRECT,,
GTW_canStatus,0x388,GTW_CH_canBusActivity,2,2,LITTLE,little_endian,1,JSON_DIRECT,,
GTW_canStatus,0x388,GTW_CH_faultConfinement,13,13,LITTLE,little_endian,2,JSON_DIRECT,,
GTW_canStatus,0x388,GTW_PARTY_canBusActivity,1,1,LITTLE,little_endian,1,JSON_DIRECT,,
GTW_canStatus,0x388,GTW_PARTY_faultConfinement,11,11,LITTLE,little_endian,2,JSON_DIRECT,,
GTW_canStatus,0x388,GTW_VEH_canBusActivity,0,0,LITTLE,little_endian,1,JSON_DIRECT,,
GTW_canStatus,0x388,GTW_VEH_faultConfinement,9,9,LITTLE,little_endian,2,JSON_DIRECT,,
GTW_carConfig,0x7FF,GTW_carConfigMultiplexer,0,0,LITTLE,little_endian,8,JSON_DIRECT,,
GTW_carConfig,0x7FF,GTW_chassisType,18,18,LITTLE,little_endian,3,JSON_DIRECT,,3
GTW_carConfig,0x7FF,GTW_deliveryStatus,8,8,LITTLE,little_endian,1,JSON_DIRECT,,1
GTW_carConfig,0x7FF,GTW_drivetrainType,56,56,LITTLE,little_endian,4,JSON_DIRECT,,1
GTW_carConfig,0x7FF,GTW_epasType,33,33,LITTLE,little_endian,3,JSON_DIRECT,,6
GTW_carConfig,0x7FF,GTW_headlightLevelerType,59,59,LITTLE,little_endian,2,JSON_DIRECT,,2
GTW_carConfig,0x7FF,GTW_mapRegion,8,8,LITTLE,little_endian,4,JSON_DIRECT,,3
GTW_carConfig,0x7FF,GTW_numberHVILNodes,62,62,LITTLE,little_endian,2,JSON_DIRECT,,2
GTW_diagSession,0x666,GTW_diagLevel,17,17,LITTLE,little_endian,7,JSON_DIRECT,,
GTW_diagSession,0x666,GTW_diagRemainingSeconds,0,0,LITTLE,little_endian,16,JSON_DIRECT,,
GTW_factoryEcuPresent,0x560,GTW_BMSpresent,3,3,LITTLE,little_endian,1,JSON_DIRECT,,
GTW_factoryEcuPresent,0x560,GTW_CMPpresent,20,20,LITTLE,little_endian,1,JSON_DIRECT,,
GTW_factoryEcuPresent,0x560,GTW_CPpresent,4,4,LITTLE,little_endian,1,JSON_DIRECT,,
GTW_factoryEcuPresent,0x560,GTW_DASpresent,21,21,LITTLE,little_endian,1,JSON_DIRECT,,
GTW_factoryEcuPresent,0x560,GTW_DIFpresent,28,28,LITTLE,little_endian,1,JSON_DIRECT,,
GTW_factoryEcuPresent,0x560,GTW_DIRpresent,27,27,LITTLE,little_endian,1,JSON_DIRECT,,
GTW_factoryEcuPresent,0x560,GTW_EPAS3Ppresent,8,8,LITTLE,little_endian,1,JSON_DIRECT,,
GTW_factoryEcuPresent,0x560,GTW_EPAS3Spresent,19,19,LITTLE,little_endian,1,JSON_DIRECT,,
GTW_factoryEcuPresent,0x560,GTW_EPBLpresent,9,9,LITTLE,little_endian,1,JSON_DIRECT,,
GTW_factoryEcuPresent,0x560,GTW_EPBRpresent,10,10,LITTLE,little_endian,1,JSON_DIRECT,,
GTW_factoryEcuPresent,0x560,GTW_ESPpresent,11,11,LITTLE,little_endian,1,JSON_DIRECT,,
GTW_factoryEcuPresent,0x560,GTW_HVPpresent,2,2,LITTLE,little_endian,1,JSON_DIRECT,,
GTW_factoryEcuPresent,0x560,GTW_IBSTpresent,12,12,LITTLE,little_endian,1,JSON_DIRECT,,
GTW_factoryEcuPresent,0x560,GTW_OCS1Ppresent,0,0,LITTLE,little_endian,1,JSON_DIRECT,,
GTW_factoryEcuPresent,0x560,GTW_PARKpresent,13,13,LITTLE,little_endian,1,JSON_DIRECT,,
GTW_factoryEcuPresent,0x560,GTW_PCSpresent,1,1,LITTLE,little_endian,1,JSON_DIRECT,,
GTW_factoryEcuPresent,0x560,GTW_PMFpresent,26,26,LITTLE,little_endian,1,JSON_DIRECT,,
GTW_factoryEcuPresent,0x560,GTW_PMRpresent,25,25,LITTLE,little_endian,1,JSON_DIRECT,,
GTW_factoryEcuPresent,0x560,GTW_PTCpresent,22,22,LITTLE,little_endian,1,JSON_DIRECT,,
GTW_factoryEcuPresent,0x560,GTW_RADCpresent,14,14,LITTLE,little_endian,1,JSON_DIRECT,,
GTW_factoryEcuPresent,0x560,GTW_RCMpresent,5,5,LITTLE,little_endian,1,JSON_DIRECT,,
GTW_factoryEcuPresent,0x560,GTW_SCCMpresent,6,6,LITTLE,little_endian,1,JSON_DIRECT,,
GTW_factoryEcuPresent,0x560,GTW_SWCpresent,23,23,LITTLE,little_endian,1,JSON_DIRECT,,
GTW_factoryEcuPresent,0x560,GTW_TPMSpresent,15,15,LITTLE,little_endian,1,JSON_DIRECT,,
GTW_factoryEcuPresent,0x560,GTW_VCFRONTpresent,16,16,LITTLE,little_endian,1,JSON_DIRECT,,
GTW_factoryEcuPresent,0x560,GTW_VCLEFTpresent,17,17,LITTLE,little_endian,1,JSON_DIRECT,,
GTW_factoryEcuPresent,0x560,GTW_VCRIGHTpresent,18,18,LITTLE,little_endian,1,JSON_DIRECT,,
GTW_factoryEcuPresent,0x560,GTW_VCSECpresent,7,7,LITTLE,little_endian,1,JSON_DIRECT,,
HVP_contactorState,0x20A,HVP_hvilDiag,40,40,LITTLE,little_endian,4,JSON_DIRECT,,
HVP_debugMessage,0x7AA,HVP_debugMessageMultiplexer,0,0,LITTLE,little_endian,4,JSON_DIRECT,,
HVP_debugMessage,0x7AA,HVP_ecuLogUploadRequest,46,46,LITTLE,little_endian,2,JSON_DIRECT,,0
HVP_debugMessage,0x7AA,HVP_hvilInVoltage,28,28,LITTLE,little_endian,12,JSON_DIRECT,,4
HVP_debugMessage,0x7AA,HVP_hvilOutVoltage,40,40,LITTLE,little_endian,12,JSON_DIRECT,,4
HVP_hvpFaults,0x682,HVP_fcContactorHwFault,18,18,LITTLE,little_endian,1,JSON_DIRECT,,
HVP_hvpFaults,0x682,HVP_hvilStatus,30,30,LITTLE,little_endian,2,JSON_DIRECT,,
HVP_hvpFaults,0x682,HVP_packContactorHwFault,17,17,LITTLE,little_endian,1,JSON_DIRECT,,
HVP_udsResponse,0x611,HVP_udsResponseData,7,0,BIG,big_endian,64,LOCAL_DBC_START_BIT_ADAPTATION,dbc/tesla_model3.dbc,
IBST_status,0x39D,IBST_driverBrakeApply,16,16,LITTLE,little_endian,2,JSON_DIRECT,,
IBST_status,0x39D,IBST_iBoosterStatus,12,12,LITTLE,little_endian,3,JSON_DIRECT,,
IBST_udsResponse,0x65D,IBST_udsResponseData,7,0,BIG,big_endian,64,LOCAL_DBC_START_BIT_ADAPTATION,dbc/tesla_model3.dbc,
ICR_udsResponse,0x658,ICR_udsResponseData,7,7,BIG,big_endian,64,JSON_BIG_ENDIAN_UNVERIFIED_START,,
OCS1P_status,0x303,OCS1P_occupiedState,9,9,LITTLE,little_endian,2,JSON_DIRECT,,
OCS1P_udsResponse,0x653,OCS1P_udsResponseData,0,0,LITTLE,little_endian,64,JSON_DIRECT,,
ODIN_IsoTpPipeVCSEC,0x480,ODIN_IsoTpPipeVCSEC0,7,0,BIG,little_endian,8,LOCAL_DBC_START_BIT_ADAPTATION,dbc/tesla_model3.dbc,
ODIN_IsoTpPipeVCSEC,0x480,ODIN_IsoTpPipeVCSEC1,15,8,BIG,little_endian,8,LOCAL_DBC_START_BIT_ADAPTATION,dbc/tesla_model3.dbc,
ODIN_IsoTpPipeVCSEC,0x480,ODIN_IsoTpPipeVCSEC2,23,16,BIG,little_endian,8,LOCAL_DBC_START_BIT_ADAPTATION,dbc/tesla_model3.dbc,
ODIN_IsoTpPipeVCSEC,0x480,ODIN_IsoTpPipeVCSEC3,31,24,BIG,little_endian,8,LOCAL_DBC_START_BIT_ADAPTATION,dbc/tesla_model3.dbc,
ODIN_IsoTpPipeVCSEC,0x480,ODIN_IsoTpPipeVCSEC4,39,32,BIG,little_endian,8,LOCAL_DBC_START_BIT_ADAPTATION,dbc/tesla_model3.dbc,
ODIN_IsoTpPipeVCSEC,0x480,ODIN_IsoTpPipeVCSEC5,47,40,BIG,little_endian,8,LOCAL_DBC_START_BIT_ADAPTATION,dbc/tesla_model3.dbc,
ODIN_IsoTpPipeVCSEC,0x480,ODIN_IsoTpPipeVCSEC6,55,48,BIG,little_endian,8,LOCAL_DBC_START_BIT_ADAPTATION,dbc/tesla_model3.dbc,
ODIN_IsoTpPipeVCSEC,0x480,ODIN_IsoTpPipeVCSEC7,63,56,BIG,little_endian,8,LOCAL_DBC_START_BIT_ADAPTATION,dbc/tesla_model3.dbc,
PARK_status2,0x30E,PARK_sdiActive,24,24,LITTLE,little_endian,1,JSON_DIRECT,,
PARK_udsResponse,0x65E,PARK_udsResponseData,0,0,LITTLE,little_endian,64,JSON_DIRECT,,
PCS_dcdcRailStatus,0x2B4,PCS_dcdcLvBusVolt,0,0,LITTLE,little_endian,13,JSON_DIRECT,,
PCS_dcdcRailStatus,0x2B4,PCS_dcdcLvOutputCurrent,32,32,LITTLE,little_endian,13,JSON_DIRECT,,
PCS_dcdcStatus,0x224,PCS_dcdcLvSupportStatus,2,2,LITTLE,little_endian,2,JSON_DIRECT,,
PCS_dcdcStatus,0x224,PCS_ecuLogUploadRequest,54,54,LITTLE,little_endian,2,JSON_DIRECT,,
PCS_udsResponse,0x629,PCS_udsResponseData,7,0,BIG,big_endian,64,LOCAL_DBC_START_BIT_ADAPTATION,dbc/tesla_model3.dbc,
PLG_udsResponse,0x663,PLG_udsResponseData,7,7,BIG,big_endian,64,JSON_BIG_ENDIAN_UNVERIFIED_START,,
PMF_state4,0x1D5,PMF_hvilStatus,37,37,LITTLE,little_endian,2,JSON_DIRECT,,
PMF_udsResponse,0x654,PMF_udsResponseData,7,7,BIG,big_endian,64,JSON_BIG_ENDIAN_UNVERIFIED_START,,
PMR_state4,0x1D8,PMR_hvilStatus,37,37,LITTLE,little_endian,2,JSON_DIRECT,,
PMR_udsResponse,0x614,PMR_udsResponseData,7,7,BIG,big_endian,64,JSON_BIG_ENDIAN_UNVERIFIED_START,,
PM_systemState,0x1CF,PM_hvilSystemStatus,24,24,LITTLE,little_endian,2,JSON_DIRECT,,
PM_udsResponse,0x640,PM_udsResponseData,7,7,BIG,big_endian,64,JSON_BIG_ENDIAN_UNVERIFIED_START,,
PTC_udsResponse,0x6D6,PTC_udsResponseData,7,0,BIG,big_endian,64,LOCAL_DBC_START_BIT_ADAPTATION,dbc/tesla_model3.dbc,
RADC_udsResponse,0x681,RADC_udsResponseData,7,0,BIG,big_endian,64,LOCAL_DBC_START_BIT_ADAPTATION,dbc/tesla_model3.dbc,
RCM_inertial1,0x101,RCM_pitchRate,16,16,LITTLE,little_endian,15,JSON_DIRECT,,
RCM_inertial1,0x101,RCM_rollRate,31,31,LITTLE,little_endian,15,JSON_DIRECT,,
RCM_inertial1,0x101,RCM_yawRate,0,0,LITTLE,little_endian,16,JSON_DIRECT,,
RCM_inertial2,0x116,RCM_lateralAccel,16,16,LITTLE,little_endian,16,JSON_DIRECT,,
RCM_inertial2,0x116,RCM_longitudinalAccel,0,0,LITTLE,little_endian,16,JSON_DIRECT,,
RCM_inertial2,0x116,RCM_verticalAccel,32,32,LITTLE,little_endian,16,JSON_DIRECT,,
RCM_status,0x211,RCM_armStatus,12,12,LITTLE,little_endian,2,JSON_DIRECT,,
RCM_udsResponse,0x651,RCM_udsResponseData,7,0,BIG,big_endian,64,LOCAL_DBC_START_BIT_ADAPTATION,dbc/tesla_model3.dbc,
SCCM_steeringAngleSensor,0x129,SCCM_steeringAngle,16,16,LITTLE,little_endian,14,JSON_DIRECT,,
SCCM_udsResponse,0x690,SCCM_functionalResponseData_0,7,0,BIG,little_endian,8,LOCAL_DBC_START_BIT_ADAPTATION,dbc/tesla_model3.dbc,
SCCM_udsResponse,0x690,SCCM_functionalResponseData_1,15,8,BIG,little_endian,8,LOCAL_DBC_START_BIT_ADAPTATION,dbc/tesla_model3.dbc,
SCCM_udsResponse,0x690,SCCM_functionalResponseData_2,23,16,BIG,little_endian,8,LOCAL_DBC_START_BIT_ADAPTATION,dbc/tesla_model3.dbc,
SCCM_udsResponse,0x690,SCCM_functionalResponseData_3,31,24,BIG,little_endian,8,LOCAL_DBC_START_BIT_ADAPTATION,dbc/tesla_model3.dbc,
SCCM_udsResponse,0x690,SCCM_functionalResponseData_4,39,32,BIG,little_endian,8,LOCAL_DBC_START_BIT_ADAPTATION,dbc/tesla_model3.dbc,
SCCM_udsResponse,0x690,SCCM_functionalResponseData_5,47,40,BIG,little_endian,8,LOCAL_DBC_START_BIT_ADAPTATION,dbc/tesla_model3.dbc,
SCCM_udsResponse,0x690,SCCM_functionalResponseData_6,55,48,BIG,little_endian,8,LOCAL_DBC_START_BIT_ADAPTATION,dbc/tesla_model3.dbc,
SCCM_udsResponse,0x690,SCCM_functionalResponseData_7,63,56,BIG,little_endian,8,LOCAL_DBC_START_BIT_ADAPTATION,dbc/tesla_model3.dbc,
SDCR_udsResponse,0x6FB,SDCR_udsResponseData,7,7,BIG,big_endian,64,JSON_BIG_ENDIAN_UNVERIFIED_START,,
TAS_udsResponse,0x65B,TAS_udsResponseData,7,0,BIG,big_endian,64,LOCAL_DBC_START_BIT_ADAPTATION,dbc/tesla_model3.dbc,
TPMS_udsResponse,0x65F,TPMS_udsResponseData,7,0,BIG,big_endian,64,LOCAL_DBC_START_BIT_ADAPTATION,dbc/tesla_model3.dbc,
UDS_KOSTIAsccmRequest,0x669,UDS_KOSTIAsccmRequestData,7,0,BIG,big_endian,64,LOCAL_DBC_START_BIT_ADAPTATION,dbc/tesla_model3.dbc,
UDS_bmsRequest,0x602,UDS_bmsRequestData,7,0,BIG,big_endian,64,LOCAL_DBC_START_BIT_ADAPTATION,dbc/tesla_model3.dbc,
UDS_ccRequest,0x62B,UDS_ccRequestData,7,0,BIG,big_endian,64,LOCAL_DBC_START_BIT_ADAPTATION,dbc/tesla_model3.dbc,
UDS_cmpRequest,0x603,UDS_cmpRequestData,7,0,BIG,big_endian,64,LOCAL_DBC_START_BIT_ADAPTATION,dbc/tesla_model3.dbc,
UDS_cmpdRequest,0x607,UDS_cmpdRequestData,7,7,BIG,big_endian,64,JSON_BIG_ENDIAN_UNVERIFIED_START,,
UDS_cpRequest,0x60E,UDS_cpRequestData,7,0,BIG,big_endian,64,LOCAL_DBC_START_BIT_ADAPTATION,dbc/tesla_model3.dbc,
UDS_dasRequest,0x649,UDS_dasRequestData,7,0,BIG,big_endian,64,LOCAL_DBC_START_BIT_ADAPTATION,dbc/tesla_model3.dbc,
UDS_diRequest,0x635,UDS_diRequestData,7,7,BIG,big_endian,64,JSON_BIG_ENDIAN_UNVERIFIED_START,,
UDS_difRequest,0x605,UDS_difRequestData,7,7,BIG,big_endian,64,JSON_BIG_ENDIAN_UNVERIFIED_START,,
UDS_dirRequest,0x606,UDS_dirRequestData,7,7,BIG,big_endian,64,JSON_BIG_ENDIAN_UNVERIFIED_START,,
UDS_epas3pRequest,0x630,UDS_epas3pRequestData,7,0,BIG,big_endian,64,LOCAL_DBC_START_BIT_ADAPTATION,dbc/tesla_model3.dbc,
UDS_epas3sRequest,0x730,UDS_epas3sRequestData,7,0,BIG,big_endian,64,LOCAL_DBC_START_BIT_ADAPTATION,dbc/tesla_model3.dbc,
UDS_epblRequest,0x624,UDS_epblRequestData_H,7,0,BIG,big_endian,32,LOCAL_DBC_START_BIT_ADAPTATION,dbc/tesla_model3.dbc,
UDS_epblRequest,0x624,UDS_epblRequestData_L,39,32,BIG,big_endian,32,LOCAL_DBC_START_BIT_ADAPTATION,dbc/tesla_model3.dbc,
UDS_epbrRequest,0x626,UDS_epbrRequestData_H,7,0,BIG,big_endian,32,LOCAL_DBC_START_BIT_ADAPTATION,dbc/tesla_model3.dbc,
UDS_epbrRequest,0x626,UDS_epbrRequestData_L,39,32,BIG,big_endian,32,LOCAL_DBC_START_BIT_ADAPTATION,dbc/tesla_model3.dbc,
UDS_espRequest,0x645,UDS_espRequestData,7,0,BIG,big_endian,64,LOCAL_DBC_START_BIT_ADAPTATION,dbc/tesla_model3.dbc,
UDS_functionalRequest,0x7DF,UDS_functionalRequestData_0,7,0,BIG,little_endian,8,LOCAL_DBC_START_BIT_ADAPTATION,dbc/tesla_model3.dbc,
UDS_functionalRequest,0x7DF,UDS_functionalRequestData_1,15,8,BIG,little_endian,8,LOCAL_DBC_START_BIT_ADAPTATION,dbc/tesla_model3.dbc,
UDS_functionalRequest,0x7DF,UDS_functionalRequestData_2,23,16,BIG,little_endian,8,LOCAL_DBC_START_BIT_ADAPTATION,dbc/tesla_model3.dbc,
UDS_functionalRequest,0x7DF,UDS_functionalRequestData_3,31,24,BIG,little_endian,8,LOCAL_DBC_START_BIT_ADAPTATION,dbc/tesla_model3.dbc,
UDS_functionalRequest,0x7DF,UDS_functionalRequestData_4,39,32,BIG,little_endian,8,LOCAL_DBC_START_BIT_ADAPTATION,dbc/tesla_model3.dbc,
UDS_functionalRequest,0x7DF,UDS_functionalRequestData_5,47,40,BIG,little_endian,8,LOCAL_DBC_START_BIT_ADAPTATION,dbc/tesla_model3.dbc,
UDS_functionalRequest,0x7DF,UDS_functionalRequestData_6,55,48,BIG,little_endian,8,LOCAL_DBC_START_BIT_ADAPTATION,dbc/tesla_model3.dbc,
UDS_functionalRequest,0x7DF,UDS_functionalRequestData_7,63,56,BIG,little_endian,8,LOCAL_DBC_START_BIT_ADAPTATION,dbc/tesla_model3.dbc,
UDS_functionalRequest_CH,0x7DE,UDS_functionalRequestDataCH,7,7,BIG,big_endian,64,JSON_BIG_ENDIAN_UNVERIFIED_START,,
UDS_hvpRequest,0x610,UDS_hvpRequestData,7,0,BIG,big_endian,64,LOCAL_DBC_START_BIT_ADAPTATION,dbc/tesla_model3.dbc,
UDS_ibstRequest,0x64D,UDS_ibstRequestData,7,0,BIG,big_endian,64,LOCAL_DBC_START_BIT_ADAPTATION,dbc/tesla_model3.dbc,
UDS_icrRequest,0x618,UDS_icrRequestData,7,7,BIG,big_endian,64,JSON_BIG_ENDIAN_UNVERIFIED_START,,
UDS_ocs1pRequest,0x643,UDS_ocs1pRequestData,7,0,BIG,big_endian,64,LOCAL_DBC_START_BIT_ADAPTATION,dbc/tesla_model3.dbc,
UDS_parkRequest,0x64E,UDS_parkRequestData,7,0,BIG,big_endian,64,LOCAL_DBC_START_BIT_ADAPTATION,dbc/tesla_model3.dbc,
UDS_pcsRequest,0x628,UDS_pcsRequestData,7,0,BIG,big_endian,64,LOCAL_DBC_START_BIT_ADAPTATION,dbc/tesla_model3.dbc,
UDS_plgRequest,0x662,UDS_plgRequestData,7,7,BIG,big_endian,64,JSON_BIG_ENDIAN_UNVERIFIED_START,,
UDS_pmRequest,0x620,UDS_pmRequestData,7,7,BIG,big_endian,64,JSON_BIG_ENDIAN_UNVERIFIED_START,,
UDS_pmfRequest,0x644,UDS_pmfRequestData,7,7,BIG,big_endian,64,JSON_BIG_ENDIAN_UNVERIFIED_START,,
UDS_pmrRequest,0x604,UDS_pmrRequestData,7,7,BIG,big_endian,64,JSON_BIG_ENDIAN_UNVERIFIED_START,,
UDS_ptcRequest,0x6C6,UDS_ptcRequestData,7,0,BIG,big_endian,64,LOCAL_DBC_START_BIT_ADAPTATION,dbc/tesla_model3.dbc,
UDS_radcRequest,0x671,UDS_radcRequestData,7,0,BIG,big_endian,64,LOCAL_DBC_START_BIT_ADAPTATION,dbc/tesla_model3.dbc,
UDS_rcmRequest,0x641,UDS_rcmRequestData,7,0,BIG,big_endian,64,LOCAL_DBC_START_BIT_ADAPTATION,dbc/tesla_model3.dbc,
UDS_sccmRequest,0x680,UDS_sccmRequestData,7,0,BIG,big_endian,64,LOCAL_DBC_START_BIT_ADAPTATION,dbc/tesla_model3.dbc,
UDS_sdcrRequest,0x6BB,UDS_sdcrRequestData,7,7,BIG,big_endian,64,JSON_BIG_ENDIAN_UNVERIFIED_START,,
UDS_tasRequest,0x64B,UDS_tasRequestData,7,0,BIG,big_endian,64,LOCAL_DBC_START_BIT_ADAPTATION,dbc/tesla_model3.dbc,
UDS_thcRequest,0x60F,UDS_thcRequestData_H,7,0,BIG,big_endian,32,LOCAL_DBC_START_BIT_ADAPTATION,dbc/tesla_model3.dbc,
UDS_thcRequest,0x60F,UDS_thcRequestData_L,39,32,BIG,big_endian,32,LOCAL_DBC_START_BIT_ADAPTATION,dbc/tesla_model3.dbc,
UDS_tpmsRequest,0x64F,UDS_tpmsRequestData,7,0,BIG,big_endian,64,LOCAL_DBC_START_BIT_ADAPTATION,dbc/tesla_model3.dbc,
UDS_vcfrontRequest,0x600,UDS_vcfrontRequestData,7,0,BIG,big_endian,64,LOCAL_DBC_START_BIT_ADAPTATION,dbc/tesla_model3.dbc,
UDS_vcleftRequest,0x622,UDS_vcleftRequestData_H,7,0,BIG,big_endian,32,LOCAL_DBC_START_BIT_ADAPTATION,dbc/tesla_model3.dbc,
UDS_vcleftRequest,0x622,UDS_vcleftRequestData_L,39,32,BIG,big_endian,32,LOCAL_DBC_START_BIT_ADAPTATION,dbc/tesla_model3.dbc,
UDS_vcrightRequest,0x608,UDS_vcrightRequestData_H,7,0,BIG,big_endian,32,LOCAL_DBC_START_BIT_ADAPTATION,dbc/tesla_model3.dbc,
UDS_vcrightRequest,0x608,UDS_vcrightRequestData_L,39,32,BIG,big_endian,32,LOCAL_DBC_START_BIT_ADAPTATION,dbc/tesla_model3.dbc,
UDS_vcsecRequest,0x60A,UDS_vcsecRequestData,7,0,BIG,big_endian,64,LOCAL_DBC_START_BIT_ADAPTATION,dbc/tesla_model3.dbc,
UIS_log,0x420,UIS_amdSocPkgPower,32,32,LITTLE,little_endian,32,JSON_DIRECT,,246
UIS_log,0x420,UIS_logMux,0,0,LITTLE,little_endian,32,JSON_DIRECT,,
UIS_log,0x420,UIS_odinAuthCount,32,32,LITTLE,little_endian,32,JSON_DIRECT,,95
UIS_log,0x420,UIS_odinAuthFailCount,32,32,LITTLE,little_endian,32,JSON_DIRECT,,94
UIS_log,0x420,UIS_odinCPUUsage,32,32,LITTLE,little_endian,32,JSON_DIRECT,,93
UIS_log,0x420,UIS_odinGatewayConnectionState,32,32,LITTLE,little_endian,32,JSON_DIRECT,,92
UIS_log,0x420,UIS_odinHermesConnectionState,32,32,LITTLE,little_endian,32,JSON_DIRECT,,91
UIS_log,0x420,UIS_odinListTasksCmdDurationMs,32,32,LITTLE,little_endian,32,JSON_DIRECT,,90
UIS_log,0x420,UIS_odinListTasksCmdResult,32,32,LITTLE,little_endian,32,JSON_DIRECT,,89
UIS_log,0x420,UIS_odinMemUsage,32,32,LITTLE,little_endian,32,JSON_DIRECT,,88
UIS_log,0x420,UIS_odinNetworkFailCount,32,32,LITTLE,little_endian,32,JSON_DIRECT,,87
UIS_log,0x420,UIS_odinNetworkStartCount,32,32,LITTLE,little_endian,32,JSON_DIRECT,,86
UIS_log,0x420,UIS_odinOrchestratorFailCount,32,32,LITTLE,little_endian,32,JSON_DIRECT,,85
UIS_log,0x420,UIS_odinOrchestratorStartCount,32,32,LITTLE,little_endian,32,JSON_DIRECT,,84
UIS_log,0x420,UIS_odinProcessState,32,32,LITTLE,little_endian,32,JSON_DIRECT,,83
UIS_log,0x420,UIS_odinStatusCmdDurationMs,32,32,LITTLE,little_endian,32,JSON_DIRECT,,82
UIS_log,0x420,UIS_odinStatusCmdResult,32,32,LITTLE,little_endian,32,JSON_DIRECT,,81
UIS_log,0x420,UIS_odincefCPUUsage,32,32,LITTLE,little_endian,32,JSON_DIRECT,,80
UIS_log,0x420,UIS_odincefMemUsage,32,32,LITTLE,little_endian,32,JSON_DIRECT,,79
VCFRONT_LVPowerState,0x221,VCFRONT_LVPowerStateIndex,0,0,LITTLE,little_endian,5,JSON_DIRECT,,
VCFRONT_LVPowerState,0x221,VCFRONT_dirLVRequest,34,34,LITTLE,little_endian,2,JSON_DIRECT,,0
VCFRONT_LVPowerState,0x221,VCFRONT_vehiclePowerState,5,5,LITTLE,little_endian,2,JSON_DIRECT,,
VCFRONT_alertMatrix,0x340,VCFRONT_a127_vcleftEFuseTrip,10,10,LITTLE,little_endian,1,JSON_DIRECT,,2
VCFRONT_alertMatrix,0x340,VCFRONT_a128_vcrightEFuseTrip,11,11,LITTLE,little_endian,1,JSON_DIRECT,,2
VCFRONT_alertMatrix,0x340,VCFRONT_a199_PRVCANUndertrminate,22,22,LITTLE,little_endian,1,JSON_DIRECT,,3
VCFRONT_alertMatrix,0x340,VCFRONT_a208_brakeFluidLow,31,31,LITTLE,little_endian,1,JSON_DIRECT,,3
VCFRONT_alertMatrix,0x340,VCFRONT_a355_coolantSysLockout,58,58,LITTLE,little_endian,1,JSON_DIRECT,,5
VCFRONT_alertMatrix,0x340,VCFRONT_a356_refrigSysLockout,59,59,LITTLE,little_endian,1,JSON_DIRECT,,5
VCFRONT_alertMatrix,0x340,VCFRONT_matrixIndex,0,0,LITTLE,little_endian,4,JSON_DIRECT,,
VCFRONT_lightStatus,0x3F6,VCFRONT_turnSignalLeftStatus,22,22,LITTLE,little_endian,2,JSON_DIRECT,,
VCFRONT_lightStatus,0x3F6,VCFRONT_turnSignalRightStatus,24,24,LITTLE,little_endian,2,JSON_DIRECT,,
VCFRONT_logging1Hz,0x381,VCFRONT_currentHorizPositionHCML,26,26,LITTLE,little_endian,10,JSON_DIRECT,,19
VCFRONT_logging1Hz,0x381,VCFRONT_currentHorizPositionHCMR,36,36,LITTLE,little_endian,10,JSON_DIRECT,,19
VCFRONT_logging1Hz,0x381,VCFRONT_logging1HzIndex,0,0,LITTLE,little_endian,5,JSON_DIRECT,,
VCFRONT_logging1Hz,0x381,VCFRONT_pumpPowertrainRPMTarget,35,35,LITTLE,little_endian,8,JSON_DIRECT,,25
VCFRONT_logging1Hz,0x381,VCFRONT_radiatorFanRPMTarget,51,51,LITTLE,little_endian,8,JSON_DIRECT,,25
VCFRONT_loggingAndVitals10Hz,0x201,VCFRONT_activeLouverOpenPos,47,47,LITTLE,little_endian,7,JSON_DIRECT,,0
VCFRONT_loggingAndVitals10Hz,0x201,VCFRONT_coolantValveMode,32,32,LITTLE,little_endian,2,JSON_DIRECT,,1
VCFRONT_loggingAndVitals10Hz,0x201,VCFRONT_loggingAndVitals10HzIndex,0,0,LITTLE,little_endian,3,JSON_DIRECT,,
VCFRONT_loggingAndVitals10Hz,0x201,VCFRONT_pumpPowertrainRPMActual,16,16,LITTLE,little_endian,8,JSON_DIRECT,,0
VCFRONT_loggingAndVitals10Hz,0x201,VCFRONT_radiatorFanRPMActual,24,24,LITTLE,little_endian,8,JSON_DIRECT,,0
VCFRONT_sensors,0x321,VCFRONT_tempCoolantBatInlet,0,0,LITTLE,little_endian,10,JSON_DIRECT,,
VCFRONT_sensors,0x321,VCFRONT_tempCoolantPTInlet,10,10,LITTLE,little_endian,11,JSON_DIRECT,,
VCFRONT_status,0x2E1,VCFRONT_anyClosureOpen,49,49,LITTLE,little_endian,1,JSON_DIRECT,,0
VCFRONT_status,0x2E1,VCFRONT_coolantFillRoutineStatus,52,52,LITTLE,little_endian,2,JSON_DIRECT,,3
VCFRONT_status,0x2E1,VCFRONT_frunkLatchStatus,3,3,LITTLE,little_endian,4,JSON_DIRECT,,0
VCFRONT_status,0x2E1,VCFRONT_refrigFillRoutineStatus,54,54,LITTLE,little_endian,2,JSON_DIRECT,,3
VCFRONT_status,0x2E1,VCFRONT_statusIndex,0,0,LITTLE,little_endian,3,JSON_DIRECT,,
VCFRONT_udsResponse,0x601,VCFRONT_udsResponseData,7,0,BIG,big_endian,64,LOCAL_DBC_START_BIT_ADAPTATION,dbc/tesla_model3.dbc,
VCLEFT_alertMatrix,0x360,VCLEFT_a251_seatUncalTrack,14,14,LITTLE,little_endian,1,JSON_DIRECT,,4
VCLEFT_alertMatrix,0x360,VCLEFT_a252_seatUncalBack,15,15,LITTLE,little_endian,1,JSON_DIRECT,,4
VCLEFT_alertMatrix,0x360,VCLEFT_a253_seatUncalTilt,16,16,LITTLE,little_endian,1,JSON_DIRECT,,4
VCLEFT_alertMatrix,0x360,VCLEFT_a254_seatUncalLift,17,17,LITTLE,little_endian,1,JSON_DIRECT,,4
VCLEFT_alertMatrix,0x360,VCLEFT_a306_handleDisconnectedF,9,9,LITTLE,little_endian,1,JSON_DIRECT,,5
VCLEFT_alertMatrix,0x360,VCLEFT_a307_handleDisconnectedR,10,10,LITTLE,little_endian,1,JSON_DIRECT,,5
VCLEFT_alertMatrix,0x360,VCLEFT_matrixIndex,0,0,LITTLE,little_endian,4,JSON_DIRECT,,
VCLEFT_doorStatus,0x102,VCLEFT_frontLatchStatus,14,14,LITTLE,little_endian,4,JSON_DIRECT,,
VCLEFT_doorStatus,0x102,VCLEFT_rearLatchStatus,18,18,LITTLE,little_endian,4,JSON_DIRECT,,
VCLEFT_liftgateStatus,0x142,VCLEFT_liftgateState,3,3,LITTLE,little_endian,4,JSON_DIRECT,,0
VCLEFT_liftgateStatus,0x142,VCLEFT_liftgateStatusIndex,0,0,LITTLE,little_endian,2,JSON_DIRECT,,
VCLEFT_pitchEstimation,0x2D7,VCLEFT_pitchEstimate,27,27,LITTLE,little_endian,10,JSON_DIRECT,,
VCLEFT_pitchEstimation,0x2D7,VCLEFT_pitchEstimateArbitratedState,8,8,LITTLE,little_endian,3,JSON_DIRECT,,
VCLEFT_pitchEstimation,0x2D7,VCLEFT_pitchEstimateOKForAiming,7,7,LITTLE,little_endian,1,JSON_DIRECT,,
VCLEFT_restraintStatus,0x30A,VCLEFT_frontBuckleStatus,3,3,LITTLE,little_endian,2,JSON_DIRECT,,
VCLEFT_restraintStatus,0x30A,VCLEFT_frontOccupancyStatus,0,0,LITTLE,little_endian,3,JSON_DIRECT,,
VCLEFT_restraintStatus,0x30A,VCLEFT_rearCenterOccupancyStatus,8,8,LITTLE,little_endian,2,JSON_DIRECT,,
VCLEFT_restraintStatus,0x30A,VCLEFT_rearLeftOccupancyStatus,5,5,LITTLE,little_endian,2,JSON_DIRECT,,
VCLEFT_restraintStatus,0x30A,VCLEFT_rearRightOccupancyStatus,10,10,LITTLE,little_endian,2,JSON_DIRECT,,
VCLEFT_seatStatus,0x4E2,VCLEFT_frontSeatBackPos,8,8,LITTLE,little_endian,16,JSON_DIRECT,,1
VCLEFT_seatStatus,0x4E2,VCLEFT_frontSeatLiftPos,8,8,LITTLE,little_endian,16,JSON_DIRECT,,2
VCLEFT_seatStatus,0x4E2,VCLEFT_frontSeatTiltPos,8,8,LITTLE,little_endian,16,JSON_DIRECT,,3
VCLEFT_seatStatus,0x4E2,VCLEFT_frontSeatTrackPos,8,8,LITTLE,little_endian,16,JSON_DIRECT,,0
VCLEFT_seatStatus,0x4E2,VCLEFT_seatStatusIndex,0,0,LITTLE,little_endian,3,JSON_DIRECT,,
VCLEFT_switchStatus,0x3C2,VCLEFT_frontBuckleSwitch,48,48,LITTLE,little_endian,2,JSON_DIRECT,,0
VCLEFT_switchStatus,0x3C2,VCLEFT_hornSwitchPressed,2,2,LITTLE,little_endian,1,JSON_DIRECT,,0
VCLEFT_switchStatus,0x3C2,VCLEFT_rearCenterBuckleSwitch,62,62,LITTLE,little_endian,2,JSON_DIRECT,,0
VCLEFT_switchStatus,0x3C2,VCLEFT_rearCenterOccupancySwitch,54,54,LITTLE,little_endian,2,JSON_DIRECT,,0
VCLEFT_switchStatus,0x3C2,VCLEFT_rearLeftBuckleSwitch,52,52,LITTLE,little_endian,2,JSON_DIRECT,,0
VCLEFT_switchStatus,0x3C2,VCLEFT_rearLeftOccupancySwitch,56,56,LITTLE,little_endian,2,JSON_DIRECT,,0
VCLEFT_switchStatus,0x3C2,VCLEFT_rearRightOccupancySwitch,58,58,LITTLE,little_endian,2,JSON_DIRECT,,0
VCLEFT_switchStatus,0x3C2,VCLEFT_switchStatusIndex,0,0,LITTLE,little_endian,1,JSON_DIRECT,,
VCLEFT_udsResponse,0x623,VCLEFT_udsResponseData_H,7,0,BIG,big_endian,32,LOCAL_DBC_START_BIT_ADAPTATION,dbc/tesla_model3.dbc,
VCLEFT_udsResponse,0x623,VCLEFT_udsResponseData_L,39,32,BIG,big_endian,32,LOCAL_DBC_START_BIT_ADAPTATION,dbc/tesla_model3.dbc,
VCLEFT_windowStatus,0x2C2,VCLEFT_windowCalibratedLF,32,32,LITTLE,little_endian,1,JSON_DIRECT,,0
VCLEFT_windowStatus,0x2C2,VCLEFT_windowCalibratedLR,63,63,LITTLE,little_endian,1,JSON_DIRECT,,0
VCLEFT_windowStatus,0x2C2,VCLEFT_windowPositionLF,22,22,LITTLE,little_endian,9,JSON_DIRECT,,0
VCLEFT_windowStatus,0x2C2,VCLEFT_windowPositionLR,54,54,LITTLE,little_endian,9,JSON_DIRECT,,0
VCLEFT_windowStatus,0x2C2,VCLEFT_windowStatusIndex,0,0,LITTLE,little_endian,1,JSON_DIRECT,,
VCRIGHT_alertMatrix,0x3C0,VCRIGHT_a196_VEHCANOverterminate,19,19,LITTLE,little_endian,1,JSON_DIRECT,,3
VCRIGHT_alertMatrix,0x3C0,VCRIGHT_a198_PRVCANOverterminate,21,21,LITTLE,little_endian,1,JSON_DIRECT,,3
VCRIGHT_alertMatrix,0x3C0,VCRIGHT_a251_seatUncalTrack,14,14,LITTLE,little_endian,1,JSON_DIRECT,,4
VCRIGHT_alertMatrix,0x3C0,VCRIGHT_a252_seatUncalBack,15,15,LITTLE,little_endian,1,JSON_DIRECT,,4
VCRIGHT_alertMatrix,0x3C0,VCRIGHT_a253_seatUncalTilt,16,16,LITTLE,little_endian,1,JSON_DIRECT,,4
VCRIGHT_alertMatrix,0x3C0,VCRIGHT_a254_seatUncalLift,17,17,LITTLE,little_endian,1,JSON_DIRECT,,4
VCRIGHT_alertMatrix,0x3C0,VCRIGHT_a306_handleDisconnectedF,9,9,LITTLE,little_endian,1,JSON_DIRECT,,5
VCRIGHT_alertMatrix,0x3C0,VCRIGHT_a307_handleDisconnectedR,10,10,LITTLE,little_endian,1,JSON_DIRECT,,5
VCRIGHT_alertMatrix,0x3C0,VCRIGHT_matrixIndex,0,0,LITTLE,little_endian,4,JSON_DIRECT,,
VCRIGHT_doorStatus,0x103,VCRIGHT_frontLatchStatus,14,14,LITTLE,little_endian,4,JSON_DIRECT,,
VCRIGHT_doorStatus,0x103,VCRIGHT_rearLatchStatus,18,18,LITTLE,little_endian,4,JSON_DIRECT,,
VCRIGHT_doorStatus,0x103,VCRIGHT_trunkLatchStatus,56,56,LITTLE,little_endian,4,JSON_DIRECT,,
VCRIGHT_seatStatus,0x4E3,VCRIGHT_frontSeatBackPos,8,8,LITTLE,little_endian,16,JSON_DIRECT,,1
VCRIGHT_seatStatus,0x4E3,VCRIGHT_frontSeatLiftPos,8,8,LITTLE,little_endian,16,JSON_DIRECT,,2
VCRIGHT_seatStatus,0x4E3,VCRIGHT_frontSeatTiltPos,8,8,LITTLE,little_endian,16,JSON_DIRECT,,3
VCRIGHT_seatStatus,0x4E3,VCRIGHT_frontSeatTrackPos,8,8,LITTLE,little_endian,16,JSON_DIRECT,,0
VCRIGHT_seatStatus,0x4E3,VCRIGHT_seatStatusIndex,0,0,LITTLE,little_endian,3,JSON_DIRECT,,
VCRIGHT_switchStatus,0x3C3,VCRIGHT_frontBuckleSwitch,40,40,LITTLE,little_endian,2,JSON_DIRECT,,0
VCRIGHT_switchStatus,0x3C3,VCRIGHT_rearCenterBuckleSwitch,44,44,LITTLE,little_endian,2,JSON_DIRECT,,0
VCRIGHT_switchStatus,0x3C3,VCRIGHT_rearRightBuckleSwitch,46,46,LITTLE,little_endian,2,JSON_DIRECT,,0
VCRIGHT_switchStatus,0x3C3,VCRIGHT_switchStatusIndex,0,0,LITTLE,little_endian,1,JSON_DIRECT,,
VCRIGHT_thsStatus,0x383,VCRIGHT_thsDetected,16,16,LITTLE,little_endian,1,JSON_DIRECT,,
VCRIGHT_thsStatus,0x383,VCRIGHT_thsHumidity,17,17,LITTLE,little_endian,7,JSON_DIRECT,,
VCRIGHT_thsStatus,0x383,VCRIGHT_thsSolarLoadInfrared,33,33,LITTLE,little_endian,10,JSON_DIRECT,,
VCRIGHT_thsStatus,0x383,VCRIGHT_thsSolarLoadVisible,43,43,LITTLE,little_endian,10,JSON_DIRECT,,
VCRIGHT_thsStatus,0x383,VCRIGHT_thsTemperature,1,1,LITTLE,little_endian,8,JSON_DIRECT,,
VCRIGHT_udsResponse,0x609,VCRIGHT_udsResponseData_H,7,0,BIG,big_endian,32,LOCAL_DBC_START_BIT_ADAPTATION,dbc/tesla_model3.dbc,
VCRIGHT_udsResponse,0x609,VCRIGHT_udsResponseData_L,39,32,BIG,big_endian,32,LOCAL_DBC_START_BIT_ADAPTATION,dbc/tesla_model3.dbc,
VCRIGHT_windowStatus,0x2C3,VCRIGHT_windowCalibratedRF,32,32,LITTLE,little_endian,1,JSON_DIRECT,,0
VCRIGHT_windowStatus,0x2C3,VCRIGHT_windowCalibratedRR,63,63,LITTLE,little_endian,1,JSON_DIRECT,,0
VCRIGHT_windowStatus,0x2C3,VCRIGHT_windowPositionRF,22,22,LITTLE,little_endian,9,JSON_DIRECT,,0
VCRIGHT_windowStatus,0x2C3,VCRIGHT_windowPositionRR,54,54,LITTLE,little_endian,9,JSON_DIRECT,,0
VCRIGHT_windowStatus,0x2C3,VCRIGHT_windowStatusIndex,0,0,LITTLE,little_endian,1,JSON_DIRECT,,
VCSEC_IsoTpPipeODIN,0x3B9,VCSEC_IsoTpPipeODIN0,0,0,LITTLE,little_endian,8,JSON_DIRECT,,
VCSEC_IsoTpPipeODIN,0x3B9,VCSEC_IsoTpPipeODIN1,8,8,LITTLE,little_endian,8,JSON_DIRECT,,
VCSEC_IsoTpPipeODIN,0x3B9,VCSEC_IsoTpPipeODIN2,16,16,LITTLE,little_endian,8,JSON_DIRECT,,
VCSEC_IsoTpPipeODIN,0x3B9,VCSEC_IsoTpPipeODIN3,24,24,LITTLE,little_endian,8,JSON_DIRECT,,
VCSEC_IsoTpPipeODIN,0x3B9,VCSEC_IsoTpPipeODIN4,32,32,LITTLE,little_endian,8,JSON_DIRECT,,
VCSEC_IsoTpPipeODIN,0x3B9,VCSEC_IsoTpPipeODIN5,40,40,LITTLE,little_endian,8,JSON_DIRECT,,
VCSEC_IsoTpPipeODIN,0x3B9,VCSEC_IsoTpPipeODIN6,48,48,LITTLE,little_endian,8,JSON_DIRECT,,
VCSEC_IsoTpPipeODIN,0x3B9,VCSEC_IsoTpPipeODIN7,56,56,LITTLE,little_endian,8,JSON_DIRECT,,
VCSEC_TPMSConnectionData,0x42A,VCSEC_TPMSSensorState0,0,0,LITTLE,little_endian,3,JSON_DIRECT,,
VCSEC_TPMSConnectionData,0x42A,VCSEC_TPMSSensorState1,14,14,LITTLE,little_endian,3,JSON_DIRECT,,
VCSEC_TPMSConnectionData,0x42A,VCSEC_TPMSSensorState2,28,28,LITTLE,little_endian,3,JSON_DIRECT,,
VCSEC_TPMSConnectionData,0x42A,VCSEC_TPMSSensorState3,42,42,LITTLE,little_endian,3,JSON_DIRECT,,
VCSEC_TPMSStatus,0x23A,VCSEC_TPMSSensorMACAddress0,8,8,LITTLE,little_endian,48,JSON_DIRECT,,0
VCSEC_TPMSStatus,0x23A,VCSEC_TPMSSensorMACAddress1,8,8,LITTLE,little_endian,48,JSON_DIRECT,,1
VCSEC_TPMSStatus,0x23A,VCSEC_TPMSSensorMACAddress2,8,8,LITTLE,little_endian,48,JSON_DIRECT,,2
VCSEC_TPMSStatus,0x23A,VCSEC_TPMSSensorMACAddress3,8,8,LITTLE,little_endian,48,JSON_DIRECT,,3
VCSEC_TPMSStatus,0x23A,VCSEC_TPMSStatusIndex,0,0,LITTLE,little_endian,5,JSON_DIRECT,,
VCSEC_udsResponse,0x60B,VCSEC_udsResponseData,7,0,BIG,big_endian,64,LOCAL_DBC_START_BIT_ADAPTATION,dbc/tesla_model3.dbc,
VC_LVBMS_statusHigh,0x677,VC_LVBMS_MOSState,10,10,LITTLE,little_endian,2,JSON_DIRECT,,4
VC_LVBMS_statusHigh,0x677,VC_LVBMS_packCurrent,3,3,LITTLE,little_endian,22,JSON_DIRECT,,0
VC_LVBMS_statusHigh,0x677,VC_LVBMS_packVoltage,25,25,LITTLE,little_endian,16,JSON_DIRECT,,0
VC_LVBMS_statusHigh,0x677,VC_lvbmsStatusHighIndex,0,0,LITTLE,little_endian,3,JSON_DIRECT,,
VC_LVBMS_statusLow,0x718,VC_LVBMS_SOC,8,8,LITTLE,little_endian,7,JSON_DIRECT,,0
VC_LVBMS_statusLow,0x718,VC_lvbmsStatusLowIndex,0,0,LITTLE,little_endian,3,JSON_DIRECT,,
