signal,can_id,dbc,message,dbc_dlc,candidate,relation,definition
DI_accelPedalPos,0x118,dbc/Model3CAN.dbc,ID118DriveSystemStatus,8,DI_accelPedalPos,同名；参数一致,"{""byte_order"": ""little_endian"", ""choices"": {""255"": ""SNA""}, ""length"": 8, ""mux"": null, ""offset"": 0, ""scale"": 0.4, ""signed"": false, ""start"": 32, ""unit"": ""%""}"
DI_accelPedalPos,0x118,dbc/Model3CAN.dbc.txt,ID118DriveSystemStatus,8,DI_accelPedalPos,同名；参数一致,"{""byte_order"": ""little_endian"", ""choices"": {""255"": ""SNA""}, ""length"": 8, ""mux"": null, ""offset"": 0, ""scale"": 0.4, ""signed"": false, ""start"": 32, ""unit"": ""%""}"
DI_accelPedalPos,0x118,dbc/tesla_model3.dbc,DI_systemStatus,8,DI_accelPedalPos,同名；参数一致,"{""byte_order"": ""little_endian"", ""choices"": {""255"": ""SNA""}, ""length"": 8, ""mux"": null, ""offset"": 0, ""scale"": 0.4, ""signed"": false, ""start"": 32, ""unit"": ""%""}"
DI_accelPedalPos,0x118,dbc/tesla_model3_ONYX.dbc.txt,DI_systemStatus,8,DI_accelPedalPos,同名；参数一致,"{""byte_order"": ""little_endian"", ""choices"": {""255"": ""SNA""}, ""length"": 8, ""mux"": null, ""offset"": 0, ""scale"": 0.4, ""signed"": false, ""start"": 32, ""unit"": ""%""}"
DI_accelPedalPos,0x118,dbc/tesla_model3_party.dbc,DI_systemStatus,8,DI_accelPedalPos,同名；参数一致,"{""byte_order"": ""little_endian"", ""choices"": {""255"": ""SNA""}, ""length"": 8, ""mux"": null, ""offset"": 0, ""scale"": 0.4, ""signed"": false, ""start"": 32, ""unit"": ""%""}"
DI_accelPedalPos,0x118,dbc/tesla_model3_vehicle.dbc,DI_systemStatus,8,DI_accelPedalPos,同名；参数一致,"{""byte_order"": ""little_endian"", ""choices"": {""255"": ""SNA""}, ""length"": 8, ""mux"": null, ""offset"": 0, ""scale"": 0.4, ""signed"": false, ""start"": 32, ""unit"": ""%""}"
DI_gear,0x118,dbc/Model3CAN.dbc,ID118DriveSystemStatus,8,DI_gear,同名；参数差异,"{""byte_order"": ""little_endian"", ""choices"": {""0"": ""DI_GEAR_INVALID"", ""1"": ""DI_GEAR_P"", ""2"": ""DI_GEAR_R"", ""3"": ""DI_GEAR_N"", ""4"": ""DI_GEAR_D"", ""7"": ""DI_GEAR_SNA""}, ""length"": 3, ""mux"": null, ""offset"": 0, ""scale"": 1, ""signed"": false, ""start"": 21, ""unit"": null}"
DI_gear,0x118,dbc/Model3CAN.dbc.txt,ID118DriveSystemStatus,8,DI_gear,同名；参数差异,"{""byte_order"": ""little_endian"", ""choices"": {""0"": ""DI_GEAR_INVALID"", ""1"": ""DI_GEAR_P"", ""2"": ""DI_GEAR_R"", ""3"": ""DI_GEAR_N"", ""4"": ""DI_GEAR_D"", ""7"": ""DI_GEAR_SNA""}, ""length"": 3, ""mux"": null, ""offset"": 0, ""scale"": 1, ""signed"": false, ""start"": 21, ""unit"": null}"
DI_gear,0x118,dbc/tesla_model3.dbc,DI_systemStatus,8,DI_gear,同名；参数一致,"{""byte_order"": ""little_endian"", ""choices"": {""0"": ""INVALID"", ""1"": ""P"", ""2"": ""R"", ""3"": ""N"", ""4"": ""D"", ""7"": ""SNA""}, ""length"": 3, ""mux"": null, ""offset"": 0, ""scale"": 1, ""signed"": false, ""start"": 21, ""unit"": null}"
DI_gear,0x118,dbc/tesla_model3_ONYX.dbc.txt,DI_systemStatus,8,DI_gear,同名；参数一致,"{""byte_order"": ""little_endian"", ""choices"": {""0"": ""INVALID"", ""1"": ""P"", ""2"": ""R"", ""3"": ""N"", ""4"": ""D"", ""7"": ""SNA""}, ""length"": 3, ""mux"": null, ""offset"": 0, ""scale"": 1, ""signed"": false, ""start"": 21, ""unit"": null}"
DI_gear,0x118,dbc/tesla_model3_party.dbc,DI_systemStatus,8,DI_gear,同名；参数差异,"{""byte_order"": ""little_endian"", ""choices"": {""0"": ""DI_GEAR_INVALID"", ""1"": ""DI_GEAR_P"", ""2"": ""DI_GEAR_R"", ""3"": ""DI_GEAR_N"", ""4"": ""DI_GEAR_D"", ""7"": ""DI_GEAR_SNA""}, ""length"": 3, ""mux"": null, ""offset"": 0, ""scale"": 1, ""signed"": false, ""start"": 21, ""unit"": null}"
DI_gear,0x118,dbc/tesla_model3_vehicle.dbc,DI_systemStatus,8,DI_gear,同名；参数差异,"{""byte_order"": ""little_endian"", ""choices"": {""0"": ""DI_GEAR_INVALID"", ""1"": ""DI_GEAR_P"", ""2"": ""DI_GEAR_R"", ""3"": ""DI_GEAR_N"", ""4"": ""DI_GEAR_D"", ""7"": ""DI_GEAR_SNA""}, ""length"": 3, ""mux"": null, ""offset"": 0, ""scale"": 1, ""signed"": false, ""start"": 21, ""unit"": null}"
DI_systemState,0x118,dbc/Model3CAN.dbc,ID118DriveSystemStatus,8,DI_systemState,同名；参数差异,"{""byte_order"": ""little_endian"", ""choices"": {""0"": ""DI_SYS_UNAVAILABLE"", ""1"": ""DI_SYS_IDLE"", ""2"": ""DI_SYS_STANDBY"", ""3"": ""DI_SYS_FAULT"", ""4"": ""DI_SYS_ABORT"", ""5"": ""DI_SYS_ENABLE""}, ""length"": 3, ""mux"": null, ""offset"": 0, ""scale"": 1, ""signed"": false, ""start"": 16, ""unit"": null}"
DI_systemState,0x118,dbc/Model3CAN.dbc.txt,ID118DriveSystemStatus,8,DI_systemState,同名；参数差异,"{""byte_order"": ""little_endian"", ""choices"": {""0"": ""DI_SYS_UNAVAILABLE"", ""1"": ""DI_SYS_IDLE"", ""2"": ""DI_SYS_STANDBY"", ""3"": ""DI_SYS_FAULT"", ""4"": ""DI_SYS_ABORT"", ""5"": ""DI_SYS_ENABLE""}, ""length"": 3, ""mux"": null, ""offset"": 0, ""scale"": 1, ""signed"": false, ""start"": 16, ""unit"": null}"
DI_systemState,0x118,dbc/tesla_model3.dbc,DI_systemStatus,8,DI_systemState,同名；参数一致,"{""byte_order"": ""little_endian"", ""choices"": {""0"": ""UNAVAILABLE"", ""1"": ""IDLE"", ""2"": ""STANDBY"", ""3"": ""FAULT"", ""4"": ""ABORT"", ""5"": ""ENABLE""}, ""length"": 3, ""mux"": null, ""offset"": 0, ""scale"": 1, ""signed"": false, ""start"": 16, ""unit"": null}"
DI_systemState,0x118,dbc/tesla_model3_ONYX.dbc.txt,DI_systemStatus,8,DI_systemState,同名；参数一致,"{""byte_order"": ""little_endian"", ""choices"": {""0"": ""UNAVAILABLE"", ""1"": ""IDLE"", ""2"": ""STANDBY"", ""3"": ""FAULT"", ""4"": ""ABORT"", ""5"": ""ENABLE""}, ""length"": 3, ""mux"": null, ""offset"": 0, ""scale"": 1, ""signed"": false, ""start"": 16, ""unit"": null}"
DI_systemState,0x118,dbc/tesla_model3_party.dbc,DI_systemStatus,8,DI_systemState,同名；参数差异,"{""byte_order"": ""little_endian"", ""choices"": {""0"": ""DI_SYS_UNAVAILABLE"", ""1"": ""DI_SYS_IDLE"", ""2"": ""DI_SYS_STANDBY"", ""3"": ""DI_SYS_FAULT"", ""4"": ""DI_SYS_ABORT"", ""5"": ""DI_SYS_ENABLE""}, ""length"": 3, ""mux"": null, ""offset"": 0, ""scale"": 1, ""signed"": false, ""start"": 16, ""unit"": null}"
DI_systemState,0x118,dbc/tesla_model3_vehicle.dbc,DI_systemStatus,8,DI_systemState,同名；参数差异,"{""byte_order"": ""little_endian"", ""choices"": {""0"": ""DI_SYS_UNAVAILABLE"", ""1"": ""DI_SYS_IDLE"", ""2"": ""DI_SYS_STANDBY"", ""3"": ""DI_SYS_FAULT"", ""4"": ""DI_SYS_ABORT"", ""5"": ""DI_SYS_ENABLE""}, ""length"": 3, ""mux"": null, ""offset"": 0, ""scale"": 1, ""signed"": false, ""start"": 16, ""unit"": null}"
DI_driveBlocked,0x118,dbc/Model3CAN.dbc,ID118DriveSystemStatus,8,DI_driveBlocked,同名；参数差异,"{""byte_order"": ""little_endian"", ""choices"": {""0"": ""DRIVE_BLOCKED_NONE"", ""1"": ""DRIVE_BLOCKED_FRUNK"", ""2"": ""DRIVE_BLOCKED_PROX""}, ""length"": 2, ""mux"": null, ""offset"": 0, ""scale"": 1, ""signed"": false, ""start"": 12, ""unit"": null}"
DI_driveBlocked,0x118,dbc/Model3CAN.dbc.txt,ID118DriveSystemStatus,8,DI_driveBlocked,同名；参数差异,"{""byte_order"": ""little_endian"", ""choices"": {""0"": ""DRIVE_BLOCKED_NONE"", ""1"": ""DRIVE_BLOCKED_FRUNK"", ""2"": ""DRIVE_BLOCKED_PROX""}, ""length"": 2, ""mux"": null, ""offset"": 0, ""scale"": 1, ""signed"": false, ""start"": 12, ""unit"": null}"
DI_driveBlocked,0x118,dbc/tesla_model3.dbc,DI_systemStatus,8,,无对应Signal,
DI_driveBlocked,0x118,dbc/tesla_model3_ONYX.dbc.txt,DI_systemStatus,8,DI_driveBlocked,同名；参数一致,"{""byte_order"": ""little_endian"", ""choices"": {}, ""length"": 2, ""mux"": null, ""offset"": 0, ""scale"": 1, ""signed"": false, ""start"": 12, ""unit"": null}"
DI_driveBlocked,0x118,dbc/tesla_model3_party.dbc,DI_systemStatus,8,,无对应Signal,
DI_driveBlocked,0x118,dbc/tesla_model3_vehicle.dbc,DI_systemStatus,8,,无对应Signal,
DI_tractionControlMode,0x118,dbc/Model3CAN.dbc,ID118DriveSystemStatus,8,DI_tractionControlMode,同名；参数差异,"{""byte_order"": ""little_endian"", ""choices"": {""0"": ""Standard"", ""1"": ""Slip Start"", ""2"": ""Dev1"", ""3"": ""Dev2"", ""4"": ""Rolls Mode"", ""5"": ""Dyno Mode"", ""6"": ""Offroad Assist""}, ""length"": 3, ""mux"": null, ""offset"": 0, ""scale"": 1, ""signed"": false, ""start"": 40, ""unit"": null}"
DI_tractionControlMode,0x118,dbc/Model3CAN.dbc.txt,ID118DriveSystemStatus,8,DI_tractionControlMode,同名；参数差异,"{""byte_order"": ""little_endian"", ""choices"": {""0"": ""Standard"", ""1"": ""Slip Start"", ""2"": ""Dev1"", ""3"": ""Dev2"", ""4"": ""Rolls Mode"", ""5"": ""Dyno Mode"", ""6"": ""Offroad Assist""}, ""length"": 3, ""mux"": null, ""offset"": 0, ""scale"": 1, ""signed"": false, ""start"": 40, ""unit"": null}"
DI_tractionControlMode,0x118,dbc/tesla_model3.dbc,DI_systemStatus,8,DI_tractionControlMode,同名；参数一致,"{""byte_order"": ""little_endian"", ""choices"": {""0"": ""NORMAL"", ""1"": ""SLIP_START"", ""2"": ""DEV_MODE_1"", ""3"": ""DEV_MODE_2"", ""4"": ""ROLLS_MODE"", ""5"": ""DYNO_MODE""}, ""length"": 3, ""mux"": null, ""offset"": 0, ""scale"": 1, ""signed"": false, ""start"": 40, ""unit"": null}"
DI_tractionControlMode,0x118,dbc/tesla_model3_ONYX.dbc.txt,DI_systemStatus,8,DI_tractionControlMode,同名；参数一致,"{""byte_order"": ""little_endian"", ""choices"": {""0"": ""NORMAL"", ""1"": ""SLIP_START"", ""2"": ""DEV_MODE_1"", ""3"": ""DEV_MODE_2"", ""4"": ""ROLLS_MODE"", ""5"": ""DYNO_MODE""}, ""length"": 3, ""mux"": null, ""offset"": 0, ""scale"": 1, ""signed"": false, ""start"": 40, ""unit"": null}"
DI_tractionControlMode,0x118,dbc/tesla_model3_party.dbc,DI_systemStatus,8,DI_tractionControlMode,同名；参数差异,"{""byte_order"": ""little_endian"", ""choices"": {""0"": ""TC_NORMAL"", ""1"": ""TC_SLIP_START"", ""2"": ""TC_DEV_MODE_1"", ""3"": ""TC_DEV_MODE_2"", ""4"": ""TC_ROLLS_MODE"", ""5"": ""TC_DYNO_MODE""}, ""length"": 3, ""mux"": null, ""offset"": 0, ""scale"": 1, ""signed"": false, ""start"": 40, ""unit"": null}"
DI_tractionControlMode,0x118,dbc/tesla_model3_vehicle.dbc,DI_systemStatus,8,DI_tractionControlMode,同名；参数差异,"{""byte_order"": ""little_endian"", ""choices"": {""0"": ""TC_NORMAL"", ""1"": ""TC_SLIP_START"", ""2"": ""TC_DEV_MODE_1"", ""3"": ""TC_DEV_MODE_2"", ""4"": ""TC_ROLLS_MODE"", ""5"": ""TC_DYNO_MODE""}, ""length"": 3, ""mux"": null, ""offset"": 0, ""scale"": 1, ""signed"": false, ""start"": 40, ""unit"": null}"
DI_torqueCommand,0x108,dbc/Model3CAN.dbc,ID108DIR_torque,8,DIR_torqueCommand,明确名称别名候选；参数差异,"{""byte_order"": ""little_endian"", ""choices"": {""4096"": ""SNA""}, ""length"": 13, ""mux"": null, ""offset"": 0, ""scale"": 2, ""signed"": true, ""start"": 12, ""unit"": ""Nm""}"
DI_torqueCommand,0x108,dbc/Model3CAN.dbc.txt,ID108DIR_torque,8,DIR_torqueCommand,明确名称别名候选；参数差异,"{""byte_order"": ""little_endian"", ""choices"": {""4096"": ""SNA""}, ""length"": 13, ""mux"": null, ""offset"": 0, ""scale"": 2, ""signed"": true, ""start"": 12, ""unit"": ""Nm""}"
DI_torqueCommand,0x108,dbc/tesla_model3.dbc,DI_torque,8,DI_torqueCommand,同名；参数一致,"{""byte_order"": ""little_endian"", ""choices"": {""-4096"": ""SNA""}, ""length"": 13, ""mux"": null, ""offset"": 0, ""scale"": 2, ""signed"": true, ""start"": 12, ""unit"": ""Nm""}"
DI_torqueCommand,0x108,dbc/tesla_model3_ONYX.dbc.txt,DI_torque,8,DI_torqueCommand,同名；参数一致,"{""byte_order"": ""little_endian"", ""choices"": {""-4096"": ""SNA""}, ""length"": 13, ""mux"": null, ""offset"": 0, ""scale"": 2, ""signed"": true, ""start"": 12, ""unit"": ""Nm""}"
DI_torqueCommand,0x108,dbc/tesla_model3_party.dbc,DI_torque,8,DI_torqueCommand,同名；参数一致,"{""byte_order"": ""little_endian"", ""choices"": {""-4096"": ""SNA""}, ""length"": 13, ""mux"": null, ""offset"": 0, ""scale"": 2, ""signed"": true, ""start"": 12, ""unit"": ""Nm""}"
DI_torqueCommand,0x108,dbc/tesla_model3_vehicle.dbc,,,,无Message,
DI_torqueActual,0x108,dbc/Model3CAN.dbc,ID108DIR_torque,8,DIR_torqueActual,明确名称别名候选；参数差异,"{""byte_order"": ""little_endian"", ""choices"": {""4096"": ""SNA""}, ""length"": 13, ""mux"": null, ""offset"": 0, ""scale"": 2, ""signed"": true, ""start"": 27, ""unit"": ""Nm""}"
DI_torqueActual,0x108,dbc/Model3CAN.dbc.txt,ID108DIR_torque,8,DIR_torqueActual,明确名称别名候选；参数差异,"{""byte_order"": ""little_endian"", ""choices"": {""4096"": ""SNA""}, ""length"": 13, ""mux"": null, ""offset"": 0, ""scale"": 2, ""signed"": true, ""start"": 27, ""unit"": ""Nm""}"
DI_torqueActual,0x108,dbc/tesla_model3.dbc,DI_torque,8,DI_torqueActual,同名；参数一致,"{""byte_order"": ""little_endian"", ""choices"": {""-4096"": ""SNA""}, ""length"": 13, ""mux"": null, ""offset"": 0, ""scale"": 2, ""signed"": true, ""start"": 27, ""unit"": ""Nm""}"
DI_torqueActual,0x108,dbc/tesla_model3_ONYX.dbc.txt,DI_torque,8,DI_torqueActual,同名；参数一致,"{""byte_order"": ""little_endian"", ""choices"": {""-4096"": ""SNA""}, ""length"": 13, ""mux"": null, ""offset"": 0, ""scale"": 2, ""signed"": true, ""start"": 27, ""unit"": ""Nm""}"
DI_torqueActual,0x108,dbc/tesla_model3_party.dbc,DI_torque,8,DI_torqueActual,同名；参数一致,"{""byte_order"": ""little_endian"", ""choices"": {""-4096"": ""SNA""}, ""length"": 13, ""mux"": null, ""offset"": 0, ""scale"": 2, ""signed"": true, ""start"": 27, ""unit"": ""Nm""}"
DI_torqueActual,0x108,dbc/tesla_model3_vehicle.dbc,,,,无Message,
DI_axleSpeed,0x108,dbc/Model3CAN.dbc,ID108DIR_torque,8,DIR_axleSpeed,明确名称别名候选；参数差异,"{""byte_order"": ""little_endian"", ""choices"": {""32768"": ""SNA""}, ""length"": 16, ""mux"": null, ""offset"": 0, ""scale"": 0.1, ""signed"": true, ""start"": 40, ""unit"": ""RPM""}"
DI_axleSpeed,0x108,dbc/Model3CAN.dbc.txt,ID108DIR_torque,8,DIR_axleSpeed,明确名称别名候选；参数差异,"{""byte_order"": ""little_endian"", ""choices"": {""32768"": ""SNA""}, ""length"": 16, ""mux"": null, ""offset"": 0, ""scale"": 0.1, ""signed"": true, ""start"": 40, ""unit"": ""RPM""}"
DI_axleSpeed,0x108,dbc/tesla_model3.dbc,DI_torque,8,DI_axleSpeed,同名；参数一致,"{""byte_order"": ""little_endian"", ""choices"": {""-32768"": ""SNA""}, ""length"": 16, ""mux"": null, ""offset"": 0, ""scale"": 0.1, ""signed"": true, ""start"": 40, ""unit"": ""RPM""}"
DI_axleSpeed,0x108,dbc/tesla_model3_ONYX.dbc.txt,DI_torque,8,DI_axleSpeed,同名；参数一致,"{""byte_order"": ""little_endian"", ""choices"": {""-32768"": ""SNA""}, ""length"": 16, ""mux"": null, ""offset"": 0, ""scale"": 0.1, ""signed"": true, ""start"": 40, ""unit"": ""RPM""}"
DI_axleSpeed,0x108,dbc/tesla_model3_party.dbc,DI_torque,8,DI_axleSpeed,同名；参数一致,"{""byte_order"": ""little_endian"", ""choices"": {""-32768"": ""SNA""}, ""length"": 16, ""mux"": null, ""offset"": 0.0, ""scale"": 0.1, ""signed"": true, ""start"": 40, ""unit"": ""RPM""}"
DI_axleSpeed,0x108,dbc/tesla_model3_vehicle.dbc,,,,无Message,
DI_vehicleSpeed,0x257,dbc/Model3CAN.dbc,ID257DIspeed,8,DI_vehicleSpeed,同名；参数一致,"{""byte_order"": ""little_endian"", ""choices"": {""4095"": ""SNA""}, ""length"": 12, ""mux"": null, ""offset"": -40, ""scale"": 0.08, ""signed"": false, ""start"": 12, ""unit"": ""kph""}"
DI_vehicleSpeed,0x257,dbc/Model3CAN.dbc.txt,ID257DIspeed,8,DI_vehicleSpeed,同名；参数一致,"{""byte_order"": ""little_endian"", ""choices"": {""4095"": ""SNA""}, ""length"": 12, ""mux"": null, ""offset"": -40, ""scale"": 0.08, ""signed"": false, ""start"": 12, ""unit"": ""kph""}"
DI_vehicleSpeed,0x257,dbc/tesla_model3.dbc,DI_speed,8,DI_vehicleSpeed,同名；参数一致,"{""byte_order"": ""little_endian"", ""choices"": {""4095"": ""SNA""}, ""length"": 12, ""mux"": null, ""offset"": -40, ""scale"": 0.08, ""signed"": false, ""start"": 12, ""unit"": ""kph""}"
DI_vehicleSpeed,0x257,dbc/tesla_model3_ONYX.dbc.txt,DI_speed,8,DI_vehicleSpeed,同名；参数一致,"{""byte_order"": ""little_endian"", ""choices"": {""4095"": ""SNA""}, ""length"": 12, ""mux"": null, ""offset"": -40, ""scale"": 0.08, ""signed"": false, ""start"": 12, ""unit"": ""kph""}"
DI_vehicleSpeed,0x257,dbc/tesla_model3_party.dbc,DI_speed,8,DI_vehicleSpeed,同名；参数一致,"{""byte_order"": ""little_endian"", ""choices"": {""4095"": ""SNA""}, ""length"": 12, ""mux"": null, ""offset"": -40, ""scale"": 0.08, ""signed"": false, ""start"": 12, ""unit"": ""kph""}"
DI_vehicleSpeed,0x257,dbc/tesla_model3_vehicle.dbc,,,,无Message,
DI_elecPower,0x266,dbc/Model3CAN.dbc,ID266RearInverterPower,8,RearPower266,仅位段相同候选，非语义确认；参数差异,"{""byte_order"": ""little_endian"", ""choices"": {}, ""length"": 11, ""mux"": null, ""offset"": 0, ""scale"": 0.5, ""signed"": true, ""start"": 0, ""unit"": ""kW""}"
DI_elecPower,0x266,dbc/Model3CAN.dbc.txt,ID266RearInverterPower,8,RearPower266,仅位段相同候选，非语义确认；参数差异,"{""byte_order"": ""little_endian"", ""choices"": {}, ""length"": 11, ""mux"": null, ""offset"": 0, ""scale"": 0.5, ""signed"": true, ""start"": 0, ""unit"": ""kW""}"
DI_elecPower,0x266,dbc/tesla_model3.dbc,DI_power,7,DI_elecPower,同名；参数差异,"{""byte_order"": ""little_endian"", ""choices"": {""-1024"": ""DI_elecPower_SNA""}, ""length"": 11, ""mux"": null, ""offset"": 0, ""scale"": 0.5, ""signed"": true, ""start"": 16, ""unit"": ""kW""}"
DI_elecPower,0x266,dbc/tesla_model3_ONYX.dbc.txt,DI_power,8,DI_elecPower,同名；参数一致,"{""byte_order"": ""little_endian"", ""choices"": {""-1024"": ""SNA""}, ""length"": 11, ""mux"": null, ""offset"": 0, ""scale"": 0.5, ""signed"": true, ""start"": 0, ""unit"": ""kW""}"
DI_elecPower,0x266,dbc/tesla_model3_party.dbc,,,,无Message,
DI_elecPower,0x266,dbc/tesla_model3_vehicle.dbc,,,,无Message,
BMS_packVoltage,0x132,dbc/Model3CAN.dbc,ID132HVBattAmpVolt,8,BattVoltage132,明确名称别名候选；参数一致,"{""byte_order"": ""little_endian"", ""choices"": {}, ""length"": 16, ""mux"": null, ""offset"": 0, ""scale"": 0.01, ""signed"": false, ""start"": 0, ""unit"": ""V""}"
BMS_packVoltage,0x132,dbc/Model3CAN.dbc.txt,ID132HVBattAmpVolt,8,BattVoltage132,明确名称别名候选；参数一致,"{""byte_order"": ""little_endian"", ""choices"": {}, ""length"": 16, ""mux"": null, ""offset"": 0, ""scale"": 0.01, ""signed"": false, ""start"": 0, ""unit"": ""V""}"
BMS_packVoltage,0x132,dbc/tesla_model3.dbc,BMS_hvBusStatus,8,BMS_packVoltage,同名；参数一致,"{""byte_order"": ""little_endian"", ""choices"": {}, ""length"": 16, ""mux"": null, ""offset"": 0, ""scale"": 0.01, ""signed"": false, ""start"": 0, ""unit"": ""V""}"
BMS_packVoltage,0x132,dbc/tesla_model3_ONYX.dbc.txt,BMS_hvBusStatus,8,BMS_packVoltage,同名；参数一致,"{""byte_order"": ""little_endian"", ""choices"": {}, ""length"": 16, ""mux"": null, ""offset"": 0, ""scale"": 0.01, ""signed"": false, ""start"": 0, ""unit"": ""V""}"
BMS_packVoltage,0x132,dbc/tesla_model3_party.dbc,,,,无Message,
BMS_packVoltage,0x132,dbc/tesla_model3_vehicle.dbc,,,,无Message,
BMS_packCurrent,0x132,dbc/Model3CAN.dbc,ID132HVBattAmpVolt,8,SmoothBattCurrent132,明确名称别名候选；参数差异,"{""byte_order"": ""little_endian"", ""choices"": {}, ""length"": 16, ""mux"": null, ""offset"": 0, ""scale"": -0.1, ""signed"": true, ""start"": 16, ""unit"": ""A""}"
BMS_packCurrent,0x132,dbc/Model3CAN.dbc.txt,ID132HVBattAmpVolt,8,SmoothBattCurrent132,明确名称别名候选；参数差异,"{""byte_order"": ""little_endian"", ""choices"": {}, ""length"": 16, ""mux"": null, ""offset"": 0, ""scale"": -0.1, ""signed"": true, ""start"": 16, ""unit"": ""A""}"
BMS_packCurrent,0x132,dbc/tesla_model3.dbc,BMS_hvBusStatus,8,BMS_packCurrent,同名；参数差异,"{""byte_order"": ""little_endian"", ""choices"": {""-16384"": ""SNA""}, ""length"": 15, ""mux"": null, ""offset"": -1000, ""scale"": 0.1, ""signed"": true, ""start"": 16, ""unit"": ""A""}"
BMS_packCurrent,0x132,dbc/tesla_model3_ONYX.dbc.txt,BMS_hvBusStatus,8,BMS_packCurrent,同名；参数一致,"{""byte_order"": ""little_endian"", ""choices"": {""-16384"": ""SNA""}, ""length"": 15, ""mux"": null, ""offset"": 0, ""scale"": -0.1, ""signed"": true, ""start"": 16, ""unit"": ""A""}"
BMS_packCurrent,0x132,dbc/tesla_model3_party.dbc,,,,无Message,
BMS_packCurrent,0x132,dbc/tesla_model3_vehicle.dbc,,,,无Message,
IBST_sInputRodDriver,0x39D,dbc/Model3CAN.dbc,ID39DIBST_status,5,IBST_sInputRodDriver,同名；参数一致,"{""byte_order"": ""little_endian"", ""choices"": {}, ""length"": 12, ""mux"": null, ""offset"": -5, ""scale"": 0.015625, ""signed"": false, ""start"": 21, ""unit"": ""mm""}"
IBST_sInputRodDriver,0x39D,dbc/Model3CAN.dbc.txt,ID39DIBST_status,5,IBST_sInputRodDriver,同名；参数一致,"{""byte_order"": ""little_endian"", ""choices"": {}, ""length"": 12, ""mux"": null, ""offset"": -5, ""scale"": 0.015625, ""signed"": false, ""start"": 21, ""unit"": ""mm""}"
IBST_sInputRodDriver,0x39D,dbc/tesla_model3.dbc,IBST_status,3,,无对应Signal,
IBST_sInputRodDriver,0x39D,dbc/tesla_model3_ONYX.dbc.txt,IBST_status,3,,无对应Signal,
IBST_sInputRodDriver,0x39D,dbc/tesla_model3_party.dbc,IBST_status,5,IBST_sInputRodDriver,同名；参数一致,"{""byte_order"": ""little_endian"", ""choices"": {}, ""length"": 12, ""mux"": null, ""offset"": -5, ""scale"": 0.015625, ""signed"": false, ""start"": 21, ""unit"": ""mm""}"
IBST_sInputRodDriver,0x39D,dbc/tesla_model3_vehicle.dbc,,,,无Message,
IBST_driverBrakeApply,0x39D,dbc/Model3CAN.dbc,ID39DIBST_status,5,IBST_driverBrakeApply,同名；参数一致,"{""byte_order"": ""little_endian"", ""choices"": {""0"": ""NOT_INIT_OR_OFF"", ""1"": ""BRAKES_NOT_APPLIED"", ""2"": ""DRIVER_APPLYING_BRAKES"", ""3"": ""FAULT""}, ""length"": 2, ""mux"": null, ""offset"": 0, ""scale"": 1, ""signed"": false, ""start"": 16, ""unit"": null}"
IBST_driverBrakeApply,0x39D,dbc/Model3CAN.dbc.txt,ID39DIBST_status,5,IBST_driverBrakeApply,同名；参数一致,"{""byte_order"": ""little_endian"", ""choices"": {""0"": ""NOT_INIT_OR_OFF"", ""1"": ""BRAKES_NOT_APPLIED"", ""2"": ""DRIVER_APPLYING_BRAKES"", ""3"": ""FAULT""}, ""length"": 2, ""mux"": null, ""offset"": 0, ""scale"": 1, ""signed"": false, ""start"": 16, ""unit"": null}"
IBST_driverBrakeApply,0x39D,dbc/tesla_model3.dbc,IBST_status,3,IBST_driverBrakeApply,同名；参数一致,"{""byte_order"": ""little_endian"", ""choices"": {""0"": ""NOT_INIT_OR_OFF"", ""1"": ""BRAKES_NOT_APPLIED"", ""2"": ""DRIVER_APPLYING_BRAKES"", ""3"": ""FAULT""}, ""length"": 2, ""mux"": null, ""offset"": 0, ""scale"": 1, ""signed"": false, ""start"": 16, ""unit"": null}"
IBST_driverBrakeApply,0x39D,dbc/tesla_model3_ONYX.dbc.txt,IBST_status,3,IBST_driverBrakeApply,同名；参数一致,"{""byte_order"": ""little_endian"", ""choices"": {""0"": ""NOT_INIT_OR_OFF"", ""1"": ""BRAKES_NOT_APPLIED"", ""2"": ""DRIVER_APPLYING_BRAKES"", ""3"": ""FAULT""}, ""length"": 2, ""mux"": null, ""offset"": 0, ""scale"": 1, ""signed"": false, ""start"": 16, ""unit"": null}"
IBST_driverBrakeApply,0x39D,dbc/tesla_model3_party.dbc,IBST_status,5,IBST_driverBrakeApply,同名；参数一致,"{""byte_order"": ""little_endian"", ""choices"": {""0"": ""NOT_INIT_OR_OFF"", ""1"": ""BRAKES_NOT_APPLIED"", ""2"": ""DRIVER_APPLYING_BRAKES"", ""3"": ""FAULT""}, ""length"": 2, ""mux"": null, ""offset"": 0, ""scale"": 1, ""signed"": false, ""start"": 16, ""unit"": null}"
IBST_driverBrakeApply,0x39D,dbc/tesla_model3_vehicle.dbc,,,,无Message,
IBST_internalState,0x39D,dbc/Model3CAN.dbc,ID39DIBST_status,5,IBST_internalState,同名；参数一致,"{""byte_order"": ""little_endian"", ""choices"": {""0"": ""NO_MODE_ACTIVE"", ""1"": ""PRE_DRIVE_CHECK"", ""2"": ""LOCAL_BRAKE_REQUEST"", ""3"": ""EXTERNAL_BRAKE_REQUEST"", ""4"": ""DIAGNOSTIC"", ""5"": ""TRANSITION_TO_IDLE"", ""6"": ""POST_DRIVE_CHECK""}, ""length"": 3, ""mux"": null, ""offset"": 0, ""scale"": 1, ""signed"": false, ""start"": 18, ""unit"": null}"
IBST_internalState,0x39D,dbc/Model3CAN.dbc.txt,ID39DIBST_status,5,IBST_internalState,同名；参数一致,"{""byte_order"": ""little_endian"", ""choices"": {""0"": ""NO_MODE_ACTIVE"", ""1"": ""PRE_DRIVE_CHECK"", ""2"": ""LOCAL_BRAKE_REQUEST"", ""3"": ""EXTERNAL_BRAKE_REQUEST"", ""4"": ""DIAGNOSTIC"", ""5"": ""TRANSITION_TO_IDLE"", ""6"": ""POST_DRIVE_CHECK""}, ""length"": 3, ""mux"": null, ""offset"": 0, ""scale"": 1, ""signed"": false, ""start"": 18, ""unit"": null}"
IBST_internalState,0x39D,dbc/tesla_model3.dbc,IBST_status,3,,无对应Signal,
IBST_internalState,0x39D,dbc/tesla_model3_ONYX.dbc.txt,IBST_status,3,,无对应Signal,
IBST_internalState,0x39D,dbc/tesla_model3_party.dbc,IBST_status,5,IBST_internalState,同名；参数一致,"{""byte_order"": ""little_endian"", ""choices"": {""0"": ""NO_MODE_ACTIVE"", ""1"": ""PRE_DRIVE_CHECK"", ""2"": ""LOCAL_BRAKE_REQUEST"", ""3"": ""EXTERNAL_BRAKE_REQUEST"", ""4"": ""DIAGNOSTIC"", ""5"": ""TRANSITION_TO_IDLE"", ""6"": ""POST_DRIVE_CHECK""}, ""length"": 3, ""mux"": null, ""offset"": 0, ""scale"": 1, ""signed"": false, ""start"": 18, ""unit"": null}"
IBST_internalState,0x39D,dbc/tesla_model3_vehicle.dbc,,,,无Message,
IBST_iBoosterStatus,0x39D,dbc/Model3CAN.dbc,ID39DIBST_status,5,IBST_iBoosterStatus,同名；参数一致,"{""byte_order"": ""little_endian"", ""choices"": {""0"": ""IBOOSTER_OFF"", ""1"": ""IBOOSTER_INIT"", ""2"": ""IBOOSTER_FAILURE"", ""3"": ""IBOOSTER_DIAGNOSTIC"", ""4"": ""IBOOSTER_ACTIVE_GOOD_CHECK"", ""5"": ""IBOOSTER_READY"", ""6"": ""IBOOSTER_ACTUATION""}, ""length"": 3, ""mux"": null, ""offset"": 0, ""scale"": 1, ""signed"": false, ""start"": 12, ""unit"": null}"
IBST_iBoosterStatus,0x39D,dbc/Model3CAN.dbc.txt,ID39DIBST_status,5,IBST_iBoosterStatus,同名；参数一致,"{""byte_order"": ""little_endian"", ""choices"": {""0"": ""IBOOSTER_OFF"", ""1"": ""IBOOSTER_INIT"", ""2"": ""IBOOSTER_FAILURE"", ""3"": ""IBOOSTER_DIAGNOSTIC"", ""4"": ""IBOOSTER_ACTIVE_GOOD_CHECK"", ""5"": ""IBOOSTER_READY"", ""6"": ""IBOOSTER_ACTUATION""}, ""length"": 3, ""mux"": null, ""offset"": 0, ""scale"": 1, ""signed"": false, ""start"": 12, ""unit"": null}"
IBST_iBoosterStatus,0x39D,dbc/tesla_model3.dbc,IBST_status,3,IBST_iBoosterStatus,同名；参数差异,"{""byte_order"": ""little_endian"", ""choices"": {""0"": ""OFF"", ""1"": ""INIT"", ""2"": ""FAILURE"", ""3"": ""DIAGNOSTIC"", ""4"": ""ACTIVE_GOOD_CHECK"", ""5"": ""READY"", ""6"": ""ACTUATION""}, ""length"": 3, ""mux"": null, ""offset"": 0, ""scale"": 1, ""signed"": false, ""start"": 12, ""unit"": null}"
IBST_iBoosterStatus,0x39D,dbc/tesla_model3_ONYX.dbc.txt,IBST_status,3,IBST_iBoosterStatus,同名；参数差异,"{""byte_order"": ""little_endian"", ""choices"": {""0"": ""OFF"", ""1"": ""INIT"", ""2"": ""FAILURE"", ""3"": ""DIAGNOSTIC"", ""4"": ""ACTIVE_GOOD_CHECK"", ""5"": ""READY"", ""6"": ""ACTUATION""}, ""length"": 3, ""mux"": null, ""offset"": 0, ""scale"": 1, ""signed"": false, ""start"": 12, ""unit"": null}"
IBST_iBoosterStatus,0x39D,dbc/tesla_model3_party.dbc,IBST_status,5,IBST_iBoosterStatus,同名；参数一致,"{""byte_order"": ""little_endian"", ""choices"": {""0"": ""IBOOSTER_OFF"", ""1"": ""IBOOSTER_INIT"", ""2"": ""IBOOSTER_FAILURE"", ""3"": ""IBOOSTER_DIAGNOSTIC"", ""4"": ""IBOOSTER_ACTIVE_GOOD_CHECK"", ""5"": ""IBOOSTER_READY"", ""6"": ""IBOOSTER_ACTUATION""}, ""length"": 3, ""mux"": null, ""offset"": 0, ""scale"": 1, ""signed"": false, ""start"": 12, ""unit"": null}"
IBST_iBoosterStatus,0x39D,dbc/tesla_model3_vehicle.dbc,,,,无Message,
VCLEFT_brakeSwitchPressed,0x3C2,dbc/Model3CAN.dbc,ID3C2VCLEFT_switchStatus,8,VCLEFT_brakeSwitchPressed,同名；参数一致,"{""byte_order"": ""little_endian"", ""choices"": {}, ""length"": 1, ""mux"": [0], ""offset"": 0, ""scale"": 1, ""signed"": false, ""start"": 4, ""unit"": null}"
VCLEFT_brakeSwitchPressed,0x3C2,dbc/Model3CAN.dbc.txt,ID3C2VCLEFT_switchStatus,8,VCLEFT_brakeSwitchPressed,同名；参数一致,"{""byte_order"": ""little_endian"", ""choices"": {}, ""length"": 1, ""mux"": [0], ""offset"": 0, ""scale"": 1, ""signed"": false, ""start"": 4, ""unit"": null}"
VCLEFT_brakeSwitchPressed,0x3C2,dbc/tesla_model3.dbc,VCLEFT_switchStatus,8,VCLEFT_driverPresent,仅位段相同候选，非语义确认；参数一致,"{""byte_order"": ""little_endian"", ""choices"": {}, ""length"": 1, ""mux"": [0], ""offset"": 0, ""scale"": 1, ""signed"": false, ""start"": 4, ""unit"": null}"
VCLEFT_brakeSwitchPressed,0x3C2,dbc/tesla_model3_ONYX.dbc.txt,VCLEFT_switchStatus,8,VCLEFT_brakeSwitchPressed,同名；参数一致,"{""byte_order"": ""little_endian"", ""choices"": {}, ""length"": 1, ""mux"": [0], ""offset"": 0, ""scale"": 1, ""signed"": false, ""start"": 4, ""unit"": null}"
VCLEFT_brakeSwitchPressed,0x3C2,dbc/tesla_model3_party.dbc,,,,无Message,
VCLEFT_brakeSwitchPressed,0x3C2,dbc/tesla_model3_vehicle.dbc,VCLEFT_switchStatus,8,VCLEFT_driverPresent,仅位段相同候选，非语义确认；参数一致,"{""byte_order"": ""little_endian"", ""choices"": {}, ""length"": 1, ""mux"": [0], ""offset"": 0, ""scale"": 1, ""signed"": false, ""start"": 4, ""unit"": null}"
VCLEFT_brakePressed,0x3C2,dbc/Model3CAN.dbc,ID3C2VCLEFT_switchStatus,8,VCLEFT_brakePressed,同名；参数一致,"{""byte_order"": ""little_endian"", ""choices"": {}, ""length"": 1, ""mux"": [0], ""offset"": 0, ""scale"": 1, ""signed"": false, ""start"": 60, ""unit"": null}"
VCLEFT_brakePressed,0x3C2,dbc/Model3CAN.dbc.txt,ID3C2VCLEFT_switchStatus,8,VCLEFT_brakePressed,同名；参数一致,"{""byte_order"": ""little_endian"", ""choices"": {}, ""length"": 1, ""mux"": [0], ""offset"": 0, ""scale"": 1, ""signed"": false, ""start"": 60, ""unit"": null}"
VCLEFT_brakePressed,0x3C2,dbc/tesla_model3.dbc,VCLEFT_switchStatus,8,VCLEFT_brakePressed,同名；参数一致,"{""byte_order"": ""little_endian"", ""choices"": {}, ""length"": 1, ""mux"": [0], ""offset"": 0, ""scale"": 1, ""signed"": false, ""start"": 60, ""unit"": null}"
VCLEFT_brakePressed,0x3C2,dbc/tesla_model3_ONYX.dbc.txt,VCLEFT_switchStatus,8,VCLEFT_brakePressed,同名；参数一致,"{""byte_order"": ""little_endian"", ""choices"": {}, ""length"": 1, ""mux"": [0], ""offset"": 0, ""scale"": 1, ""signed"": false, ""start"": 60, ""unit"": null}"
VCLEFT_brakePressed,0x3C2,dbc/tesla_model3_party.dbc,,,,无Message,
VCLEFT_brakePressed,0x3C2,dbc/tesla_model3_vehicle.dbc,VCLEFT_switchStatus,8,VCLEFT_brakePressed,同名；参数一致,"{""byte_order"": ""little_endian"", ""choices"": {}, ""length"": 1, ""mux"": [0], ""offset"": 0, ""scale"": 1, ""signed"": false, ""start"": 60, ""unit"": null}"
DI_brakePedalState,0x118,dbc/Model3CAN.dbc,ID118DriveSystemStatus,8,DI_brakePedalState,同名；参数一致,"{""byte_order"": ""little_endian"", ""choices"": {""0"": ""OFF"", ""1"": ""ON"", ""2"": ""INVALID""}, ""length"": 2, ""mux"": null, ""offset"": 0, ""scale"": 1, ""signed"": false, ""start"": 19, ""unit"": null}"
DI_brakePedalState,0x118,dbc/Model3CAN.dbc.txt,ID118DriveSystemStatus,8,DI_brakePedalState,同名；参数一致,"{""byte_order"": ""little_endian"", ""choices"": {""0"": ""OFF"", ""1"": ""ON"", ""2"": ""INVALID""}, ""length"": 2, ""mux"": null, ""offset"": 0, ""scale"": 1, ""signed"": false, ""start"": 19, ""unit"": null}"
DI_brakePedalState,0x118,dbc/tesla_model3.dbc,DI_systemStatus,8,DI_brakePedalState,同名；参数一致,"{""byte_order"": ""little_endian"", ""choices"": {""0"": ""OFF"", ""1"": ""ON"", ""2"": ""INVALID""}, ""length"": 2, ""mux"": null, ""offset"": 0, ""scale"": 1, ""signed"": false, ""start"": 19, ""unit"": null}"
DI_brakePedalState,0x118,dbc/tesla_model3_ONYX.dbc.txt,DI_systemStatus,8,DI_brakePedalState,同名；参数一致,"{""byte_order"": ""little_endian"", ""choices"": {""0"": ""OFF"", ""1"": ""ON"", ""2"": ""INVALID""}, ""length"": 2, ""mux"": null, ""offset"": 0, ""scale"": 1, ""signed"": false, ""start"": 19, ""unit"": null}"
DI_brakePedalState,0x118,dbc/tesla_model3_party.dbc,DI_systemStatus,8,DI_brakePedalState,同名；参数一致,"{""byte_order"": ""little_endian"", ""choices"": {""0"": ""OFF"", ""1"": ""ON"", ""2"": ""INVALID""}, ""length"": 2, ""mux"": null, ""offset"": 0, ""scale"": 1, ""signed"": false, ""start"": 19, ""unit"": null}"
DI_brakePedalState,0x118,dbc/tesla_model3_vehicle.dbc,DI_systemStatus,8,DI_brakePedalState,同名；参数一致,"{""byte_order"": ""little_endian"", ""choices"": {""0"": ""OFF"", ""1"": ""ON"", ""2"": ""INVALID""}, ""length"": 2, ""mux"": null, ""offset"": 0, ""scale"": 1, ""signed"": false, ""start"": 19, ""unit"": null}"
DI_sysDrivePowerMax,0x268,dbc/Model3CAN.dbc,ID268SystemPower,5,SystemDrivePowerMax268,仅位段相同候选，非语义确认；参数差异,"{""byte_order"": ""little_endian"", ""choices"": {}, ""length"": 9, ""mux"": null, ""offset"": 0, ""scale"": 1, ""signed"": false, ""start"": 16, ""unit"": ""kW""}"
DI_sysDrivePowerMax,0x268,dbc/Model3CAN.dbc.txt,ID268SystemPower,5,SystemDrivePowerMax268,仅位段相同候选，非语义确认；参数差异,"{""byte_order"": ""little_endian"", ""choices"": {}, ""length"": 9, ""mux"": null, ""offset"": 0, ""scale"": 1, ""signed"": false, ""start"": 16, ""unit"": ""kW""}"
DI_sysDrivePowerMax,0x268,dbc/tesla_model3.dbc,DI_systemPower,5,DI_sysDrivePowerMax,同名；参数一致,"{""byte_order"": ""little_endian"", ""choices"": {""511"": ""SNA""}, ""length"": 9, ""mux"": null, ""offset"": 0, ""scale"": 1, ""signed"": false, ""start"": 16, ""unit"": ""kW""}"
DI_sysDrivePowerMax,0x268,dbc/tesla_model3_ONYX.dbc.txt,DI_systemPower,5,DI_sysDrivePowerMax,同名；参数一致,"{""byte_order"": ""little_endian"", ""choices"": {""511"": ""SNA""}, ""length"": 9, ""mux"": null, ""offset"": 0, ""scale"": 1, ""signed"": false, ""start"": 16, ""unit"": ""kW""}"
DI_sysDrivePowerMax,0x268,dbc/tesla_model3_party.dbc,,,,无Message,
DI_sysDrivePowerMax,0x268,dbc/tesla_model3_vehicle.dbc,,,,无Message,
DI_sysRegenPowerMax,0x268,dbc/Model3CAN.dbc,ID268SystemPower,5,SystemRegenPowerMax268,仅位段相同候选，非语义确认；参数差异,"{""byte_order"": ""little_endian"", ""choices"": {}, ""length"": 8, ""mux"": null, ""offset"": -100, ""scale"": 1, ""signed"": false, ""start"": 32, ""unit"": ""kW""}"
DI_sysRegenPowerMax,0x268,dbc/Model3CAN.dbc.txt,ID268SystemPower,5,SystemRegenPowerMax268,仅位段相同候选，非语义确认；参数差异,"{""byte_order"": ""little_endian"", ""choices"": {}, ""length"": 8, ""mux"": null, ""offset"": -100, ""scale"": 1, ""signed"": false, ""start"": 32, ""unit"": ""kW""}"
DI_sysRegenPowerMax,0x268,dbc/tesla_model3.dbc,DI_systemPower,5,DI_sysRegenPowerMax,同名；参数差异,"{""byte_order"": ""little_endian"", ""choices"": {""255"": ""SNA""}, ""length"": 8, ""mux"": null, ""offset"": -100, ""scale"": 1, ""signed"": false, ""start"": 32, ""unit"": ""kW""}"
DI_sysRegenPowerMax,0x268,dbc/tesla_model3_ONYX.dbc.txt,DI_systemPower,5,DI_sysRegenPowerMax,同名；参数一致,"{""byte_order"": ""little_endian"", ""choices"": {""155"": ""SNA""}, ""length"": 8, ""mux"": null, ""offset"": -100, ""scale"": 1, ""signed"": false, ""start"": 32, ""unit"": ""kW""}"
DI_sysRegenPowerMax,0x268,dbc/tesla_model3_party.dbc,,,,无Message,
DI_sysRegenPowerMax,0x268,dbc/tesla_model3_vehicle.dbc,,,,无Message,
BMS_maxDischargeCurrent,0x2D2,dbc/Model3CAN.dbc,ID2D2BMSVAlimits,8,MaxDischargeCurrent2D2,仅位段相同候选，非语义确认；参数一致,"{""byte_order"": ""little_endian"", ""choices"": {}, ""length"": 14, ""mux"": null, ""offset"": 0, ""scale"": 0.128, ""signed"": false, ""start"": 48, ""unit"": ""A""}"
BMS_maxDischargeCurrent,0x2D2,dbc/Model3CAN.dbc.txt,ID2D2BMSVAlimits,8,MaxDischargeCurrent2D2,仅位段相同候选，非语义确认；参数一致,"{""byte_order"": ""little_endian"", ""choices"": {}, ""length"": 14, ""mux"": null, ""offset"": 0, ""scale"": 0.128, ""signed"": false, ""start"": 48, ""unit"": ""A""}"
BMS_maxDischargeCurrent,0x2D2,dbc/tesla_model3.dbc,BMS_driveLimits,8,BMS_maxDischargeCurrent,同名；参数一致,"{""byte_order"": ""little_endian"", ""choices"": {}, ""length"": 14, ""mux"": null, ""offset"": 0, ""scale"": 0.128, ""signed"": false, ""start"": 48, ""unit"": ""A""}"
BMS_maxDischargeCurrent,0x2D2,dbc/tesla_model3_ONYX.dbc.txt,BMS_driveLimits,8,BMS_maxDischargeCurrent,同名；参数一致,"{""byte_order"": ""little_endian"", ""choices"": {}, ""length"": 14, ""mux"": null, ""offset"": 0, ""scale"": 0.128, ""signed"": false, ""start"": 48, ""unit"": ""A""}"
BMS_maxDischargeCurrent,0x2D2,dbc/tesla_model3_party.dbc,,,,无Message,
BMS_maxDischargeCurrent,0x2D2,dbc/tesla_model3_vehicle.dbc,,,,无Message,
BMS_maxChargeCurrent,0x2D2,dbc/Model3CAN.dbc,ID2D2BMSVAlimits,8,MaxChargeCurrent2D2,仅位段相同候选，非语义确认；参数一致,"{""byte_order"": ""little_endian"", ""choices"": {}, ""length"": 14, ""mux"": null, ""offset"": 0, ""scale"": 0.1, ""signed"": false, ""start"": 32, ""unit"": ""A""}"
BMS_maxChargeCurrent,0x2D2,dbc/Model3CAN.dbc.txt,ID2D2BMSVAlimits,8,MaxChargeCurrent2D2,仅位段相同候选，非语义确认；参数一致,"{""byte_order"": ""little_endian"", ""choices"": {}, ""length"": 14, ""mux"": null, ""offset"": 0, ""scale"": 0.1, ""signed"": false, ""start"": 32, ""unit"": ""A""}"
BMS_maxChargeCurrent,0x2D2,dbc/tesla_model3.dbc,BMS_driveLimits,8,BMS_maxChargeCurrent,同名；参数一致,"{""byte_order"": ""little_endian"", ""choices"": {}, ""length"": 14, ""mux"": null, ""offset"": 0, ""scale"": 0.1, ""signed"": false, ""start"": 32, ""unit"": ""A""}"
BMS_maxChargeCurrent,0x2D2,dbc/tesla_model3_ONYX.dbc.txt,BMS_driveLimits,8,BMS_maxChargeCurrent,同名；参数一致,"{""byte_order"": ""little_endian"", ""choices"": {}, ""length"": 14, ""mux"": null, ""offset"": 0, ""scale"": 0.1, ""signed"": false, ""start"": 32, ""unit"": ""A""}"
BMS_maxChargeCurrent,0x2D2,dbc/tesla_model3_party.dbc,,,,无Message,
BMS_maxChargeCurrent,0x2D2,dbc/tesla_model3_vehicle.dbc,,,,无Message,
BMS_socUI,0x292,dbc/Model3CAN.dbc,ID292BMS_SOC,8,SOCUI292,仅位段相同候选，非语义确认；参数一致,"{""byte_order"": ""little_endian"", ""choices"": {}, ""length"": 10, ""mux"": null, ""offset"": 0, ""scale"": 0.1, ""signed"": false, ""start"": 10, ""unit"": ""%""}"
BMS_socUI,0x292,dbc/Model3CAN.dbc.txt,ID292BMS_SOC,8,SOCUI292,仅位段相同候选，非语义确认；参数一致,"{""byte_order"": ""little_endian"", ""choices"": {}, ""length"": 10, ""mux"": null, ""offset"": 0, ""scale"": 0.1, ""signed"": false, ""start"": 10, ""unit"": ""%""}"
BMS_socUI,0x292,dbc/tesla_model3.dbc,BMS_socStatus,8,BMS_socUI,同名；参数一致,"{""byte_order"": ""little_endian"", ""choices"": {}, ""length"": 10, ""mux"": null, ""offset"": 0, ""scale"": 0.1, ""signed"": false, ""start"": 10, ""unit"": ""%""}"
BMS_socUI,0x292,dbc/tesla_model3_ONYX.dbc.txt,BMS_socStatus,8,BMS_socUI,同名；参数一致,"{""byte_order"": ""little_endian"", ""choices"": {}, ""length"": 10, ""mux"": null, ""offset"": 0, ""scale"": 0.1, ""signed"": false, ""start"": 10, ""unit"": ""%""}"
BMS_socUI,0x292,dbc/tesla_model3_party.dbc,,,,无Message,
BMS_socUI,0x292,dbc/tesla_model3_vehicle.dbc,,,,无Message,
BMS_maxDischargePower,0x252,dbc/Model3CAN.dbc,ID252BMS_powerAvailable,8,BMS_maxDischargePower,同名；参数差异,"{""byte_order"": ""little_endian"", ""choices"": {}, ""length"": 16, ""mux"": null, ""offset"": 0, ""scale"": 0.013, ""signed"": false, ""start"": 16, ""unit"": ""kW""}"
BMS_maxDischargePower,0x252,dbc/Model3CAN.dbc.txt,ID252BMS_powerAvailable,8,BMS_maxDischargePower,同名；参数差异,"{""byte_order"": ""little_endian"", ""choices"": {}, ""length"": 16, ""mux"": null, ""offset"": 0, ""scale"": 0.013, ""signed"": false, ""start"": 16, ""unit"": ""kW""}"
BMS_maxDischargePower,0x252,dbc/tesla_model3.dbc,BMS_powerAvailable,8,BMS_maxDischargePower,同名；参数一致,"{""byte_order"": ""little_endian"", ""choices"": {}, ""length"": 16, ""mux"": null, ""offset"": 0, ""scale"": 0.01, ""signed"": false, ""start"": 16, ""unit"": ""kW""}"
BMS_maxDischargePower,0x252,dbc/tesla_model3_ONYX.dbc.txt,BMS_powerAvailable,8,BMS_maxDischargePower,同名；参数一致,"{""byte_order"": ""little_endian"", ""choices"": {}, ""length"": 16, ""mux"": null, ""offset"": 0, ""scale"": 0.01, ""signed"": false, ""start"": 16, ""unit"": ""kW""}"
BMS_maxDischargePower,0x252,dbc/tesla_model3_party.dbc,,,,无Message,
BMS_maxDischargePower,0x252,dbc/tesla_model3_vehicle.dbc,,,,无Message,
BMS_maxRegenPower,0x252,dbc/Model3CAN.dbc,ID252BMS_powerAvailable,8,BMS_maxRegenPower,同名；参数一致,"{""byte_order"": ""little_endian"", ""choices"": {}, ""length"": 16, ""mux"": null, ""offset"": 0, ""scale"": 0.01, ""signed"": false, ""start"": 0, ""unit"": ""kW""}"
BMS_maxRegenPower,0x252,dbc/Model3CAN.dbc.txt,ID252BMS_powerAvailable,8,BMS_maxRegenPower,同名；参数一致,"{""byte_order"": ""little_endian"", ""choices"": {}, ""length"": 16, ""mux"": null, ""offset"": 0, ""scale"": 0.01, ""signed"": false, ""start"": 0, ""unit"": ""kW""}"
BMS_maxRegenPower,0x252,dbc/tesla_model3.dbc,BMS_powerAvailable,8,BMS_maxRegenPower,同名；参数一致,"{""byte_order"": ""little_endian"", ""choices"": {}, ""length"": 16, ""mux"": null, ""offset"": 0, ""scale"": 0.01, ""signed"": false, ""start"": 0, ""unit"": ""kW""}"
BMS_maxRegenPower,0x252,dbc/tesla_model3_ONYX.dbc.txt,BMS_powerAvailable,8,BMS_maxRegenPower,同名；参数一致,"{""byte_order"": ""little_endian"", ""choices"": {}, ""length"": 16, ""mux"": null, ""offset"": 0, ""scale"": 0.01, ""signed"": false, ""start"": 0, ""unit"": ""kW""}"
BMS_maxRegenPower,0x252,dbc/tesla_model3_party.dbc,,,,无Message,
BMS_maxRegenPower,0x252,dbc/tesla_model3_vehicle.dbc,,,,无Message,
ESP_brakeTorqueTarget,0x145,dbc/Model3CAN.dbc,ID145ESP_status,8,ESP_brakeTorqueTarget,同名；参数一致,"{""byte_order"": ""little_endian"", ""choices"": {""8191"": ""SNA""}, ""length"": 13, ""mux"": null, ""offset"": 0, ""scale"": 2, ""signed"": false, ""start"": 51, ""unit"": ""Nm""}"
ESP_brakeTorqueTarget,0x145,dbc/Model3CAN.dbc.txt,ID145ESP_status,8,ESP_brakeTorqueTarget,同名；参数一致,"{""byte_order"": ""little_endian"", ""choices"": {""8191"": ""SNA""}, ""length"": 13, ""mux"": null, ""offset"": 0, ""scale"": 2, ""signed"": false, ""start"": 51, ""unit"": ""Nm""}"
ESP_brakeTorqueTarget,0x145,dbc/tesla_model3.dbc,ESP_status,8,ESP_brakeTorqueTarget,同名；参数一致,"{""byte_order"": ""little_endian"", ""choices"": {""8191"": ""SNA""}, ""length"": 13, ""mux"": null, ""offset"": 0, ""scale"": 2, ""signed"": false, ""start"": 51, ""unit"": ""Nm""}"
ESP_brakeTorqueTarget,0x145,dbc/tesla_model3_ONYX.dbc.txt,ESP_status,8,ESP_brakeTorqueTarget,同名；参数一致,"{""byte_order"": ""little_endian"", ""choices"": {""8191"": ""SNA""}, ""length"": 13, ""mux"": null, ""offset"": 0, ""scale"": 2, ""signed"": false, ""start"": 51, ""unit"": ""Nm""}"
ESP_brakeTorqueTarget,0x145,dbc/tesla_model3_party.dbc,ESP_status,8,ESP_brakeTorqueTarget,同名；参数一致,"{""byte_order"": ""little_endian"", ""choices"": {""8191"": ""SNA""}, ""length"": 13, ""mux"": null, ""offset"": 0, ""scale"": 2, ""signed"": false, ""start"": 51, ""unit"": ""Nm""}"
ESP_brakeTorqueTarget,0x145,dbc/tesla_model3_vehicle.dbc,,,,无Message,
ESP_brakeTorqueFL,0x185,dbc/Model3CAN.dbc,ID185ESP_brakeTorque,8,ESP_brakeTorqueFrL,仅位段相同候选，非语义确认；参数一致,"{""byte_order"": ""little_endian"", ""choices"": {""4095"": ""SNA""}, ""length"": 12, ""mux"": null, ""offset"": 0, ""scale"": 2, ""signed"": false, ""start"": 0, ""unit"": ""Nm""}"
ESP_brakeTorqueFL,0x185,dbc/Model3CAN.dbc.txt,ID185ESP_brakeTorque,8,ESP_brakeTorqueFrL,仅位段相同候选，非语义确认；参数一致,"{""byte_order"": ""little_endian"", ""choices"": {""4095"": ""SNA""}, ""length"": 12, ""mux"": null, ""offset"": 0, ""scale"": 2, ""signed"": false, ""start"": 0, ""unit"": ""Nm""}"
ESP_brakeTorqueFL,0x185,dbc/tesla_model3.dbc,,,,无Message,
ESP_brakeTorqueFL,0x185,dbc/tesla_model3_ONYX.dbc.txt,ESP_brakeTorque,8,ESP_brakeTorqueFL,同名；参数一致,"{""byte_order"": ""little_endian"", ""choices"": {""4095"": ""SNA""}, ""length"": 12, ""mux"": null, ""offset"": 0, ""scale"": 2, ""signed"": false, ""start"": 0, ""unit"": ""Nm""}"
ESP_brakeTorqueFL,0x185,dbc/tesla_model3_party.dbc,,,,无Message,
ESP_brakeTorqueFL,0x185,dbc/tesla_model3_vehicle.dbc,,,,无Message,
ESP_brakeTorqueFR,0x185,dbc/Model3CAN.dbc,ID185ESP_brakeTorque,8,ESP_brakeTorqueFrR,仅位段相同候选，非语义确认；参数一致,"{""byte_order"": ""little_endian"", ""choices"": {""4095"": ""SNA""}, ""length"": 12, ""mux"": null, ""offset"": 0, ""scale"": 2, ""signed"": false, ""start"": 12, ""unit"": ""Nm""}"
ESP_brakeTorqueFR,0x185,dbc/Model3CAN.dbc.txt,ID185ESP_brakeTorque,8,ESP_brakeTorqueFrR,仅位段相同候选，非语义确认；参数一致,"{""byte_order"": ""little_endian"", ""choices"": {""4095"": ""SNA""}, ""length"": 12, ""mux"": null, ""offset"": 0, ""scale"": 2, ""signed"": false, ""start"": 12, ""unit"": ""Nm""}"
ESP_brakeTorqueFR,0x185,dbc/tesla_model3.dbc,,,,无Message,
ESP_brakeTorqueFR,0x185,dbc/tesla_model3_ONYX.dbc.txt,ESP_brakeTorque,8,ESP_brakeTorqueFR,同名；参数一致,"{""byte_order"": ""little_endian"", ""choices"": {""4095"": ""SNA""}, ""length"": 12, ""mux"": null, ""offset"": 0, ""scale"": 2, ""signed"": false, ""start"": 12, ""unit"": ""Nm""}"
ESP_brakeTorqueFR,0x185,dbc/tesla_model3_party.dbc,,,,无Message,
ESP_brakeTorqueFR,0x185,dbc/tesla_model3_vehicle.dbc,,,,无Message,
ESP_brakeTorqueRL,0x185,dbc/Model3CAN.dbc,ID185ESP_brakeTorque,8,ESP_brakeTorqueReL,仅位段相同候选，非语义确认；参数一致,"{""byte_order"": ""little_endian"", ""choices"": {""4095"": ""SNA""}, ""length"": 12, ""mux"": null, ""offset"": 0, ""scale"": 2, ""signed"": false, ""start"": 24, ""unit"": ""Nm""}"
ESP_brakeTorqueRL,0x185,dbc/Model3CAN.dbc.txt,ID185ESP_brakeTorque,8,ESP_brakeTorqueReL,仅位段相同候选，非语义确认；参数一致,"{""byte_order"": ""little_endian"", ""choices"": {""4095"": ""SNA""}, ""length"": 12, ""mux"": null, ""offset"": 0, ""scale"": 2, ""signed"": false, ""start"": 24, ""unit"": ""Nm""}"
ESP_brakeTorqueRL,0x185,dbc/tesla_model3.dbc,,,,无Message,
ESP_brakeTorqueRL,0x185,dbc/tesla_model3_ONYX.dbc.txt,ESP_brakeTorque,8,ESP_brakeTorqueRL,同名；参数一致,"{""byte_order"": ""little_endian"", ""choices"": {""4095"": ""SNA""}, ""length"": 12, ""mux"": null, ""offset"": 0, ""scale"": 2, ""signed"": false, ""start"": 24, ""unit"": ""Nm""}"
ESP_brakeTorqueRL,0x185,dbc/tesla_model3_party.dbc,,,,无Message,
ESP_brakeTorqueRL,0x185,dbc/tesla_model3_vehicle.dbc,,,,无Message,
ESP_brakeTorqueRR,0x185,dbc/Model3CAN.dbc,ID185ESP_brakeTorque,8,ESP_brakeTorqueReR,仅位段相同候选，非语义确认；参数一致,"{""byte_order"": ""little_endian"", ""choices"": {""4095"": ""SNA""}, ""length"": 12, ""mux"": null, ""offset"": 0, ""scale"": 2, ""signed"": false, ""start"": 36, ""unit"": ""Nm""}"
ESP_brakeTorqueRR,0x185,dbc/Model3CAN.dbc.txt,ID185ESP_brakeTorque,8,ESP_brakeTorqueReR,仅位段相同候选，非语义确认；参数一致,"{""byte_order"": ""little_endian"", ""choices"": {""4095"": ""SNA""}, ""length"": 12, ""mux"": null, ""offset"": 0, ""scale"": 2, ""signed"": false, ""start"": 36, ""unit"": ""Nm""}"
ESP_brakeTorqueRR,0x185,dbc/tesla_model3.dbc,,,,无Message,
ESP_brakeTorqueRR,0x185,dbc/tesla_model3_ONYX.dbc.txt,ESP_brakeTorque,8,ESP_brakeTorqueRR,同名；参数一致,"{""byte_order"": ""little_endian"", ""choices"": {""4095"": ""SNA""}, ""length"": 12, ""mux"": null, ""offset"": 0, ""scale"": 2, ""signed"": false, ""start"": 36, ""unit"": ""Nm""}"
ESP_brakeTorqueRR,0x185,dbc/tesla_model3_party.dbc,,,,无Message,
ESP_brakeTorqueRR,0x185,dbc/tesla_model3_vehicle.dbc,,,,无Message,
ESP_brakeTorqueQF,0x185,dbc/Model3CAN.dbc,ID185ESP_brakeTorque,8,ESP_brakeTorqueQF,同名；参数一致,"{""byte_order"": ""little_endian"", ""choices"": {""0"": ""UNDEFINABLE_ACCURACY"", ""1"": ""IN_SPEC""}, ""length"": 1, ""mux"": null, ""offset"": 0, ""scale"": 1, ""signed"": false, ""start"": 50, ""unit"": null}"
ESP_brakeTorqueQF,0x185,dbc/Model3CAN.dbc.txt,ID185ESP_brakeTorque,8,ESP_brakeTorqueQF,同名；参数一致,"{""byte_order"": ""little_endian"", ""choices"": {""0"": ""UNDEFINABLE_ACCURACY"", ""1"": ""IN_SPEC""}, ""length"": 1, ""mux"": null, ""offset"": 0, ""scale"": 1, ""signed"": false, ""start"": 50, ""unit"": null}"
ESP_brakeTorqueQF,0x185,dbc/tesla_model3.dbc,,,,无Message,
ESP_brakeTorqueQF,0x185,dbc/tesla_model3_ONYX.dbc.txt,ESP_brakeTorque,8,ESP_brakeTorqueQF,同名；参数一致,"{""byte_order"": ""little_endian"", ""choices"": {""0"": ""UNDEFINABLE_ACCURACY"", ""1"": ""IN_SPEC""}, ""length"": 1, ""mux"": null, ""offset"": 0, ""scale"": 1, ""signed"": false, ""start"": 50, ""unit"": null}"
ESP_brakeTorqueQF,0x185,dbc/tesla_model3_party.dbc,,,,无Message,
ESP_brakeTorqueQF,0x185,dbc/tesla_model3_vehicle.dbc,,,,无Message,
