can_id,frame_count,asc_dlcs,first_seen_s,last_seen_s,source_last_seen_s
0x4F,167,8,0.871300,166.806500,166.806500
0x82,168,8,0.271700,167.206600,167.206600
0x102,2970,8,0.089900,295.810400,295.810400
0x103,2958,8,0.000400,295.721400,295.721400
0x113,2956,3,0.002000,295.525000,295.525000
0x119,2958,4,0.000000,295.720800,295.720800
0x122,2968,8,0.096900,295.817400,295.817400
0x123,2958,8,0.006400,295.727400,295.727400
0x129,4193,8,0.003100,41.924400,41.924400
0x132,29560,6,0.003300,295.600400,295.600400
0x139,2958,1,0.029900,295.750800,295.750800
0x142,5916,8,0.037100,295.807400,295.807400
0x1BB,338,1,0.071300,167.506200,167.506200
0x1D9,8,6+8,33.363400,34.631700,34.631700
0x1DA,158,3+4+5+8,153.402000,153.874000,153.874000
0x1F8,2959,4,0.017800,295.838300,295.838300
0x1F9,2957,8,0.093100,295.713900,295.713900
0x1FA,2958,3,0.068800,295.789300,295.789300
0x1FB,59,8,3.962300,293.982500,293.982500
0x201,11828,8,0.000900,295.695200,295.695200
0x204,2943,8,0.078500,294.262700,294.262700
0x20A,294,6,0.351300,293.354900,293.354900
0x20C,2958,8,0.024400,295.745400,295.745400
0x20E,1437,3,0.090300,143.697300,143.697300
0x212,2956,8,0.039600,295.542900,295.542900
0x213,335,2,0.271400,167.206800,167.206800
0x219,2958,7,0.065100,295.785900,295.785900
0x21D,2943,8,0.051400,294.272300,294.272300
0x221,5914,8,0.041900,295.711200,295.711200
0x224,2943,8,0.079000,294.263400,294.263400
0x225,2957,4,0.082300,295.703300,295.703300
0x228,2958,8,0.022700,295.746100,295.746100
0x229,419,3,0.093700,41.894900,41.894900
0x22A,2943,4,0.062000,294.265200,294.265200
0x22B,2962,8,0.042400,143.669700,143.669700
0x232,296,8,0.063500,295.070500,295.070500
0x234,5887,8,0.016100,294.300200,294.300200
0x238,336,8,0.021700,167.456600,167.456600
0x23A,296,8,0.626200,295.646900,295.646900
0x23E,748,8,0.028100,29.909000,29.909000
0x241,2957,7,0.030800,295.649900,295.649900
0x242,2958,4,0.076300,295.796300,295.796300
0x243,14787,8,0.006700,295.747400,295.747400
0x249,838,4,0.043600,41.895300,41.895300
0x24A,294,1,0.866800,293.868200,293.868200
0x252,2956,8,0.039900,295.543100,295.543100
0x253,670,8,0.271100,167.256800,167.256800
0x25A,296,6,0.342600,295.362800,295.362800
0x25B,1437,8,0.082600,143.690000,143.690000
0x25D,2943,8,0.051700,294.273100,294.273100
0x261,18481,8,0.011800,295.710900,295.710900
0x262,295,8,0.956100,294.976400,294.976400
0x263,14787,8,0.016600,295.757900,295.757900
0x264,2943,6,0.078700,294.262900,294.262900
0x272,2959,8,0.004000,295.824400,295.824400
0x273,337,8,0.421900,167.357000,167.357000
0x27D,2943,8,0.052400,294.273800,294.273800
0x282,2959,8,0.010900,295.831400,295.831400
0x283,2957,6,0.088400,295.709300,295.709300
0x284,336,8,0.071500,167.506700,167.506700
0x285,1343,8,0.121200,167.657400,167.657400
0x286,336,5,0.121400,167.556600,167.556600
0x288,2958,8,0.025100,295.749600,295.749600
0x289,2958,8,0.024900,295.745600,295.745600
0x292,2956,8,0.040100,295.543400,295.543400
0x293,337,8,0.220900,167.656900,167.656900
0x294,336,8,0.471300,167.406300,167.406300
0x295,408,8,0.021200,165.515900,165.515900
0x29D,2943,5,0.052800,294.274000,294.274000
0x2A1,2957,6,0.086800,295.705900,295.705900
0x2A4,294,8,0.779900,293.764300,293.764300
0x2A6,619,8,0.040400,61.840400,61.840400
0x2A7,619,8,0.040600,61.840600,61.840600
0x2A8,2958,8,0.037300,295.761400,295.761400
0x2AA,2958,3,0.013500,295.737600,295.737600
0x2B3,4929,8,0.036800,295.737800,295.737800
0x2B4,2943,6,0.079200,294.263600,294.263600
0x2BD,2943,4,0.053600,294.274200,294.274200
0x2BF,1478,7,0.176800,295.595400,295.595400
0x2C1,14784,8,0.015900,295.695700,295.695700
0x2C2,2967,8,0.053000,295.773400,295.773400
0x2C3,2957,8,0.066700,295.687800,295.687800
0x2C4,2943,8,0.078200,294.262500,294.262500
0x2C7,619,8,0.039400,61.839900,61.839900
0x2D1,2957,2,0.063900,295.682900,295.682900
0x2D2,2956,8,0.040800,295.542600,295.542600
0x2D3,340,8,0.220700,167.240200,167.240200
0x2D7,296,4,0.671900,295.692300,295.692300
0x2E1,18491,8,0.004300,295.703000,295.703000
0x2E2,1479,8,0.161900,295.782400,295.782400
0x2E3,1478,7,0.174400,295.595900,295.595900
0x2E8,2958,8,0.034900,295.758300,295.758300
0x2EC,2958,3,0.010600,295.734000,295.734000
0x2F1,2957,8,0.042100,295.660900,295.660900
0x2F2,2956,2,0.041000,295.543700,295.543700
0x2F3,336,8,0.421400,167.356500,167.356500
0x2F9,2957,8,0.072100,295.692900,295.692900
0x300,296,8,0.394700,295.401800,295.401800
0x301,296,8,0.275900,295.294900,295.294900
0x302,296,8,0.388300,295.408600,295.408600
0x303,296,8,0.474500,295.495800,295.495800
0x310,176,8,1.668400,293.669500,293.669500
0x311,296,2,0.394800,295.401900,295.401900
0x312,592,8,0.041200,295.544000,295.544000
0x313,336,8,0.170800,167.607700,167.607700
0x318,2956,8,0.002300,295.525300,295.525300
0x319,295,8,0.910100,294.930900,294.930900
0x31A,1479,8,0.108600,295.729400,295.729400
0x31E,1176,8,0.551500,293.872300,293.872300
0x320,1478,8,0.003600,295.410800,295.410800
0x321,296,8,0.675900,295.695000,295.695000
0x323,296,5,0.142600,295.163500,295.163500
0x324,168,8,0.321100,167.256500,167.256500
0x32A,59,5,4.541600,294.544200,294.544200
0x330,34,8,0.344000,41.595300,41.595300
0x332,296,6,0.395000,295.401600,295.401600
0x333,337,5,0.371000,167.306000,167.306000
0x334,335,8,0.371300,167.306200,167.306200
0x339,2958,8,0.086200,295.707000,295.707000
0x33A,168,8,0.421700,167.356800,167.356800
0x340,2957,8,0.019900,295.639000,295.639000
0x343,2958,8,0.037600,295.757400,295.757400
0x348,296,8,0.303800,295.326500,295.326500
0x34A,592,8,0.166200,295.687400,295.687400
0x352,443,8,0.541500,295.144000,295.144000
0x353,177,8,0.121800,167.056800,167.056800
0x355,168,7,0.671100,167.606600,167.606600
0x359,2958,8,0.044400,295.764900,295.764900
0x35F,296,1,0.444500,295.447500,295.447500
0x360,2958,8,0.082900,295.803400,295.803400
0x361,295,5,0.975900,294.994900,294.994900
0x362,296,3,0.246000,295.266500,295.266500
0x364,294,4,0.780300,293.764500,293.764500
0x366,62,8,0.241200,61.243300,61.243300
0x372,4434,8,0.003800,295.590700,295.590700
0x373,168,8,0.122200,167.057000,167.057000
0x379,2958,8,0.023100,295.743900,295.743900
0x37A,2958,8,0.037800,295.758100,295.758100
0x37D,294,8,0.451500,293.472200,293.472200
0x381,8214,8,0.007900,295.695900,295.695900
0x382,296,5,0.104100,295.124500,295.124500
0x383,2957,8,0.054600,295.675400,295.675400
0x38A,2958,8,0.051100,295.771900,295.771900
0x38B,144,8,0.747300,143.040000,143.040000
0x38D,144,8,0.332800,143.339900,143.339900
0x390,168,2,0.071600,167.008900,167.008900
0x392,592,8,0.041400,295.544400,295.544400
0x393,2958,8,0.018400,295.739400,295.739400
0x399,295,3,0.768000,294.788700,294.788700
0x39A,2958,8,0.058100,295.778900,295.778900
0x39B,291,8,0.057500,143.615200,143.615200
0x39D,2248,5,0.034700,89.917400,89.917400
0x3A1,5914,8,0.008100,295.677000,295.677000
0x3A2,8964,8,0.016300,295.815400,295.815400
0x3A3,2958,8,0.012500,295.733400,295.733400
0x3A4,294,8,0.780600,293.764700,293.764700
0x3A8,1479,8,0.062300,295.682400,295.682400
0x3AA,589,8,0.267000,294.268000,294.268000
0x3AB,8856,8,29.858200,295.526900,295.526900
0x3AE,3798,8,0.034100,143.686600,143.686600
0x3B2,915,8,0.241400,295.447700,295.447700
0x3B3,339,8,0.321300,167.257000,167.257000
0x3BB,168,3,0.421200,167.356300,167.356300
0x3BC,167,4,0.871500,166.809000,166.809000
0x3BD,296,8,0.575900,295.595000,295.595000
0x3C0,2957,8,0.094400,295.715400,295.715400
0x3C2,5917,8,0.012100,295.832600,295.832600
0x3C3,2957,8,0.042600,295.663400,295.663400
0x3C4,352,8,2.379700,293.864300,293.864300
0x3C8,2958,8,0.007300,295.731700,295.731700
0x3C9,296,8,0.058400,295.079400,295.079400
0x3CC,288,8,0.050600,143.557100,143.557100
0x3D2,296,8,0.395500,295.402200,295.402200
0x3D3,296,3,0.308700,295.329700,295.329700
0x3D8,170,4,0.121600,167.057600,167.057600
0x3DB,591,8,0.416400,295.438000,295.438000
0x3DD,294,8,0.452400,293.472700,293.472700
0x3DF,339,8,0.221200,167.656700,167.656700
0x3E2,1482,7,0.012300,295.832400,295.832400
0x3E3,1481,4,0.042800,295.663500,295.663500
0x3E8,2959,8,0.004800,295.828100,295.828100
0x3E9,291,8,0.097300,143.654800,143.654800
0x3ED,296,1,0.304200,295.326700,295.326700
0x3F2,296,8,0.395700,295.402400,295.402400
0x3F5,2963,8,0.053800,295.672100,295.672100
0x3F6,304,8,0.377000,295.395000,295.395000
0x3F9,2957,8,0.079400,295.699900,295.699900
0x3FD,1005,8,0.371500,167.408000,167.408000
0x400,1437,7,0.032400,143.639900,143.639900
0x401,10636,8,0.004500,295.590900,295.590900
0x405,1182,8,0.054100,295.327900,295.327900
0x407,287,8,0.494000,143.499800,143.499800
0x409,1437,1,0.028600,143.635000,143.635000
0x40A,1479,8,0.111900,295.732400,295.732400
0x414,1182,8,0.054300,295.328400,295.328400
0x419,1437,1,0.088500,143.695200,143.695200
0x41D,2943,1,0.054700,294.272400,294.272400
0x420,1438,8,0.005600,143.712000,143.712000
0x421,2957,7,0.074900,295.693900,295.693900
0x422,2958,6,0.045900,295.766400,295.766400
0x423,2957,7,0.060400,295.681300,295.681300
0x428,2958,7,0.044800,295.767400,295.767400
0x42A,1479,8,0.117000,295.736900,295.736900
0x42E,296,8,0.445800,295.448000,295.448000
0x42F,296,7,0.446300,295.448200,295.448200
0x439,2958,8,0.007100,295.727900,295.727900
0x43B,1183,8,0.166900,295.686900,295.686900
0x43D,2943,6,0.054900,294.272600,294.272600
0x441,5914,8,0.024000,295.693100,295.693100
0x443,591,6,0.377200,295.396100,295.396100
0x448,2958,7,0.041700,295.764100,295.764100
0x452,296,3,0.396300,295.402600,295.402600
0x453,168,4,0.071100,167.006500,167.006500
0x458,2956,7,0.002500,295.525500,295.525500
0x45A,5915,8,0.026700,295.747600,295.747600
0x45B,30,2,3.977800,293.997200,293.997200
0x472,296,8,0.397300,295.402800,295.402800
0x473,359,8,0.320800,167.256300,167.256300
0x481,6,3,33.365800,34.630400,34.630400
0x482,182,3+5+8,153.400800,153.855500,153.855500
0x492,296,7,0.397500,295.403000,295.403000
0x49D,2943,7,0.055100,294.273600,294.273600
0x4E2,2958,8,0.031900,295.752400,295.752400
0x4E3,2958,8,0.030400,295.751400,295.751400
0x4F3,335,4,0.271300,167.209300,167.209300
0x509,30,5,3.876100,293.894800,293.894800
0x518,2,2,160.193900,295.603700,295.603700
0x522,1,2,30.226200,30.226200,30.226200
0x528,296,4,0.305300,295.326600,295.326600
0x52F,296,8,0.303600,295.326200,295.326200
0x534,4,8,29.870000,294.156900,294.156900
0x53E,175,8,0.451700,290.472000,290.472000
0x545,8960,8,0.028900,295.696200,295.696200
0x549,30,6,1.378000,291.396100,291.396100
0x54F,419,8,0.094100,41.895500,41.895500
0x550,1,8,153.993500,153.993500,153.993500
0x552,2958,8,0.038900,295.759400,295.759400
0x553,2957,8,0.048400,295.669400,295.669400
0x55A,1182,8,0.055400,295.328900,295.328900
0x55D,1,8,30.217000,30.217000,30.217000
0x5F3,168,3,0.321400,167.258200,167.258200
0x61D,336,8,0.021400,167.456300,167.456300
0x666,1182,4,0.055500,295.329100,295.329100
0x672,29,8,6.378400,286.395800,286.395800
0x677,7392,8,0.036400,295.696400,295.696400
0x682,2943,8,0.070600,294.274400,294.274400
0x6C8,296,8,0.694000,295.717900,295.717900
0x6E8,296,8,0.141700,295.164300,295.164300
0x708,296,5,0.361000,295.385300,295.385300
0x709,957,8,0.237800,295.408400,295.408400
0x70A,30,5,3.963000,293.982300,293.982300
0x70B,295,8,0.807000,294.828500,294.828500
0x712,1772,8,0.043100,295.544900,295.544900
0x718,1479,7,0.077700,295.696800,295.696800
0x719,5916,8,0.016800,295.786900,295.786900
0x720,30,5,3.918400,293.936700,293.936700
0x724,296,3,0.475800,295.494900,295.494900
0x726,296,3,0.530100,295.550300,295.550300
0x727,296,2,0.641600,295.661300,295.661300
0x72A,59,8,4.397900,294.403300,294.403300
0x737,296,7,0.075900,295.094900,295.094900
0x739,296,5,0.200200,295.221000,295.221000
0x743,295,1,0.972400,294.993200,294.993200
0x744,296,1,0.813800,295.834300,295.834300
0x748,295,5,0.808800,294.832000,294.832000
0x752,295,8,0.733600,294.740600,294.740600
0x75D,1471,8,0.154900,294.172300,294.172300
0x77A,589,8,0.267300,294.268600,294.268600
0x782,104,8,2.641700,294.547000,294.547000
0x788,2958,8,0.019100,295.743400,295.743400
0x789,2958,4,0.001000,295.725300,295.725300
0x78A,2943,8,0.067000,294.268800,294.268800
0x797,2958,4,0.098700,295.822000,295.822000
0x798,2958,8,0.031100,295.755400,295.755400
0x7A8,2958,8,0.017100,295.740100,295.740100
0x7AA,3826,8,0.045100,294.285400,294.285400
0x7B1,80,8,8.469400,158.614600,158.614600
0x7B8,2958,8,0.029100,295.752100,295.752100
0x7BC,29,8,8.876500,288.894600,288.894600
0x7C8,296,8,0.527200,295.552400,295.552400
0x7E8,295,8,0.974800,294.998000,294.998000
0x7F1,148,7,1.307700,295.329300,295.329300
0x7F4,2956,1,0.002600,295.525800,295.525800
0x7FF,2956,8,0.002800,295.526000,295.526000
