event_id,event_time_s,signal_key,can_id,value,native_sample_time_s,sample_age_s,sampling_rule
E00,103.157100,VCLEFT_frontLatchStatus,0x102,CLOSED,103.129200,0.027900,latest past sample; never future fill
E00,103.157100,UI_readyForDrive,0x353,NOT_OBSERVED,,,latest past sample; never future fill
E00,103.157100,BMS_hvState,0x212,DOWN,102.861700,0.295400,latest past sample; never future fill
E00,103.157100,BMS_contactorState,0x212,OPEN,102.861700,0.295400,latest past sample; never future fill
E00,103.157100,BMS_packVoltage,0x132,8.56,102.919200,0.237900,latest past sample; never future fill
E00,103.157100,PCS_dcdcHvBusVolt,0x2B4,197.021484,101.582400,1.574700,latest past sample; never future fill
E00,103.157100,HVP_hvilStatus,0x20A,UNKNOWN,100.673700,2.483400,latest past sample; never future fill
E00,103.157100,HVP_packContNegativeState,0x20A,OPEN,100.673700,2.483400,latest past sample; never future fill
E00,103.157100,HVP_packContPositiveState,0x20A,OPEN,100.673700,2.483400,latest past sample; never future fill
E00,103.157100,PCS_dcdcMainState,0x224,STANDBY,101.582200,1.574900,latest past sample; never future fill
E00,103.157100,PCS_dcdc12VSupportStatus,0x224,IDLE,101.582200,1.574900,latest past sample; never future fill
E00,103.157100,PCS_dcdcLvBusVolt,0x2B4,10.976562,101.582400,1.574700,latest past sample; never future fill
E01,470.123700,VCLEFT_frontLatchStatus,0x102,CLOSED,103.129200,366.994500,latest past sample; never future fill
E01,470.123700,UI_readyForDrive,0x353,NOT_OBSERVED,,,latest past sample; never future fill
E01,470.123700,BMS_hvState,0x212,DOWN,102.861700,367.262000,latest past sample; never future fill
E01,470.123700,BMS_contactorState,0x212,OPEN,102.861700,367.262000,latest past sample; never future fill
E01,470.123700,BMS_packVoltage,0x132,8.56,102.919200,367.204500,latest past sample; never future fill
E01,470.123700,PCS_dcdcHvBusVolt,0x2B4,197.021484,101.582400,368.541300,latest past sample; never future fill
E01,470.123700,HVP_hvilStatus,0x20A,UNKNOWN,100.673700,369.450000,latest past sample; never future fill
E01,470.123700,HVP_packContNegativeState,0x20A,OPEN,100.673700,369.450000,latest past sample; never future fill
E01,470.123700,HVP_packContPositiveState,0x20A,OPEN,100.673700,369.450000,latest past sample; never future fill
E01,470.123700,PCS_dcdcMainState,0x224,STANDBY,101.582200,368.541500,latest past sample; never future fill
E01,470.123700,PCS_dcdc12VSupportStatus,0x224,IDLE,101.582200,368.541500,latest past sample; never future fill
E01,470.123700,PCS_dcdcLvBusVolt,0x2B4,10.976562,101.582400,368.541300,latest past sample; never future fill
E02,472.669700,VCLEFT_frontLatchStatus,0x102,CLOSED,472.612900,0.056800,latest past sample; never future fill
E02,472.669700,UI_readyForDrive,0x353,0,472.475300,0.194400,latest past sample; never future fill
E02,472.669700,BMS_hvState,0x212,DOWN,472.669700,0.000000,latest past sample; never future fill
E02,472.669700,BMS_contactorState,0x212,CLOSING,472.669700,0.000000,latest past sample; never future fill
E02,472.669700,BMS_packVoltage,0x132,60.59,472.665600,0.004100,latest past sample; never future fill
E02,472.669700,PCS_dcdcHvBusVolt,0x2B4,478.271484,472.577000,0.092700,latest past sample; never future fill
E02,472.669700,HVP_hvilStatus,0x20A,UNKNOWN,472.322300,0.347400,latest past sample; never future fill
E02,472.669700,HVP_packContNegativeState,0x20A,OPEN,472.322300,0.347400,latest past sample; never future fill
E02,472.669700,HVP_packContPositiveState,0x20A,OPEN,472.322300,0.347400,latest past sample; never future fill
E02,472.669700,PCS_dcdcMainState,0x224,STANDBY,472.576600,0.093100,latest past sample; never future fill
E02,472.669700,PCS_dcdc12VSupportStatus,0x224,IDLE,472.576600,0.093100,latest past sample; never future fill
E02,472.669700,PCS_dcdcLvBusVolt,0x2B4,9.0625,472.577000,0.092700,latest past sample; never future fill
E03,473.323300,VCLEFT_frontLatchStatus,0x102,CLOSED,473.312900,0.010400,latest past sample; never future fill
E03,473.323300,UI_readyForDrive,0x353,0,472.475300,0.848000,latest past sample; never future fill
E03,473.323300,BMS_hvState,0x212,DOWN,473.269700,0.053600,latest past sample; never future fill
E03,473.323300,BMS_contactorState,0x212,CLOSING,473.269700,0.053600,latest past sample; never future fill
E03,473.323300,BMS_packVoltage,0x132,60.12,473.315600,0.007700,latest past sample; never future fill
E03,473.323300,PCS_dcdcHvBusVolt,0x2B4,234.521484,473.277800,0.045500,latest past sample; never future fill
E03,473.323300,HVP_hvilStatus,0x20A,STATUS_OK,473.323300,0.000000,latest past sample; never future fill
E03,473.323300,HVP_packContNegativeState,0x20A,OPEN,473.323300,0.000000,latest past sample; never future fill
E03,473.323300,HVP_packContPositiveState,0x20A,PRECHARGE,473.323300,0.000000,latest past sample; never future fill
E03,473.323300,PCS_dcdcMainState,0x224,STANDBY,473.277100,0.046200,latest past sample; never future fill
E03,473.323300,PCS_dcdc12VSupportStatus,0x224,IDLE,473.277100,0.046200,latest past sample; never future fill
E03,473.323300,PCS_dcdcLvBusVolt,0x2B4,8.789062,473.277800,0.045500,latest past sample; never future fill
E04,474.271300,VCLEFT_frontLatchStatus,0x102,CLOSED,474.213000,0.058300,latest past sample; never future fill
E04,474.271300,UI_readyForDrive,0x353,0,473.475300,0.796000,latest past sample; never future fill
E04,474.271300,BMS_hvState,0x212,DOWN,474.271300,0.000000,latest past sample; never future fill
E04,474.271300,BMS_contactorState,0x212,CLOSED,474.271300,0.000000,latest past sample; never future fill
E04,474.271300,BMS_packVoltage,0x132,353.51,474.265700,0.005600,latest past sample; never future fill
E04,474.271300,PCS_dcdcHvBusVolt,0x2B4,187.646484,474.177000,0.094300,latest past sample; never future fill
E04,474.271300,HVP_hvilStatus,0x20A,STATUS_OK,473.323300,0.948000,latest past sample; never future fill
E04,474.271300,HVP_packContNegativeState,0x20A,OPEN,473.323300,0.948000,latest past sample; never future fill
E04,474.271300,HVP_packContPositiveState,0x20A,PRECHARGE,473.323300,0.948000,latest past sample; never future fill
E04,474.271300,PCS_dcdcMainState,0x224,STANDBY,474.176500,0.094800,latest past sample; never future fill
E04,474.271300,PCS_dcdc12VSupportStatus,0x224,IDLE,474.176500,0.094800,latest past sample; never future fill
E04,474.271300,PCS_dcdcLvBusVolt,0x2B4,8.359375,474.177000,0.094300,latest past sample; never future fill
E05,474.323300,VCLEFT_frontLatchStatus,0x102,CLOSED,474.313000,0.010300,latest past sample; never future fill
E05,474.323300,UI_readyForDrive,0x353,0,474.293900,0.029400,latest past sample; never future fill
E05,474.323300,BMS_hvState,0x212,DOWN,474.271300,0.052000,latest past sample; never future fill
E05,474.323300,BMS_contactorState,0x212,CLOSED,474.271300,0.052000,latest past sample; never future fill
E05,474.323300,BMS_packVoltage,0x132,353.55,474.315700,0.007600,latest past sample; never future fill
E05,474.323300,PCS_dcdcHvBusVolt,0x2B4,187.646484,474.277000,0.046300,latest past sample; never future fill
E05,474.323300,HVP_hvilStatus,0x20A,STATUS_OK,474.323300,0.000000,latest past sample; never future fill
E05,474.323300,HVP_packContNegativeState,0x20A,ECONOMIZED,474.323300,0.000000,latest past sample; never future fill
E05,474.323300,HVP_packContPositiveState,0x20A,ECONOMIZED,474.323300,0.000000,latest past sample; never future fill
E05,474.323300,PCS_dcdcMainState,0x224,STANDBY,474.276500,0.046800,latest past sample; never future fill
E05,474.323300,PCS_dcdc12VSupportStatus,0x224,ACTIVE,474.276500,0.046800,latest past sample; never future fill
E05,474.323300,PCS_dcdcLvBusVolt,0x2B4,8.75,474.277000,0.046300,latest past sample; never future fill
E06,477.030200,VCLEFT_frontLatchStatus,0x102,CLOSED,477.013200,0.017000,latest past sample; never future fill
E06,477.030200,UI_readyForDrive,0x353,1,477.030200,0.000000,latest past sample; never future fill
E06,477.030200,BMS_hvState,0x212,DOWN,476.972200,0.058000,latest past sample; never future fill
E06,477.030200,BMS_contactorState,0x212,CLOSED,476.972200,0.058000,latest past sample; never future fill
E06,477.030200,BMS_packVoltage,0x132,353.65,477.025700,0.004500,latest past sample; never future fill
E06,477.030200,PCS_dcdcHvBusVolt,0x2B4,178.271484,476.978700,0.051500,latest past sample; never future fill
E06,477.030200,HVP_hvilStatus,0x20A,STATUS_OK,476.323600,0.706600,latest past sample; never future fill
E06,477.030200,HVP_packContNegativeState,0x20A,ECONOMIZED,476.323600,0.706600,latest past sample; never future fill
E06,477.030200,HVP_packContPositiveState,0x20A,ECONOMIZED,476.323600,0.706600,latest past sample; never future fill
E06,477.030200,PCS_dcdcMainState,0x224,STANDBY,476.978500,0.051700,latest past sample; never future fill
E06,477.030200,PCS_dcdc12VSupportStatus,0x224,ACTIVE,476.978500,0.051700,latest past sample; never future fill
E06,477.030200,PCS_dcdcLvBusVolt,0x2B4,10.390625,476.978700,0.051500,latest past sample; never future fill
E07,500.738600,VCLEFT_frontLatchStatus,0x102,OPENED,500.738600,0.000000,latest past sample; never future fill
E07,500.738600,UI_readyForDrive,0x353,1,500.464900,0.273700,latest past sample; never future fill
E07,500.738600,BMS_hvState,0x212,DOWN,500.673500,0.065100,latest past sample; never future fill
E07,500.738600,BMS_contactorState,0x212,CLOSED,500.673500,0.065100,latest past sample; never future fill
E07,500.738600,BMS_packVoltage,0x132,353.44,500.736400,0.002200,latest past sample; never future fill
E07,500.738600,PCS_dcdcHvBusVolt,0x2B4,178.271484,500.677400,0.061200,latest past sample; never future fill
E07,500.738600,HVP_hvilStatus,0x20A,STATUS_OK,500.323600,0.415000,latest past sample; never future fill
E07,500.738600,HVP_packContNegativeState,0x20A,ECONOMIZED,500.323600,0.415000,latest past sample; never future fill
E07,500.738600,HVP_packContPositiveState,0x20A,ECONOMIZED,500.323600,0.415000,latest past sample; never future fill
E07,500.738600,PCS_dcdcMainState,0x224,STANDBY,500.677000,0.061600,latest past sample; never future fill
E07,500.738600,PCS_dcdc12VSupportStatus,0x224,ACTIVE,500.677000,0.061600,latest past sample; never future fill
E07,500.738600,PCS_dcdcLvBusVolt,0x2B4,12.578125,500.677400,0.061200,latest past sample; never future fill
E08,525.770300,VCLEFT_frontLatchStatus,0x102,CLOSED,525.770300,0.000000,latest past sample; never future fill
E08,525.770300,UI_readyForDrive,0x353,1,525.454900,0.315400,latest past sample; never future fill
E08,525.770300,BMS_hvState,0x212,DOWN,525.674300,0.096000,latest past sample; never future fill
E08,525.770300,BMS_contactorState,0x212,CLOSED,525.674300,0.096000,latest past sample; never future fill
E08,525.770300,BMS_packVoltage,0x132,353.47,525.766800,0.003500,latest past sample; never future fill
E08,525.770300,PCS_dcdcHvBusVolt,0x2B4,178.271484,525.673800,0.096500,latest past sample; never future fill
E08,525.770300,HVP_hvilStatus,0x20A,STATUS_OK,525.323900,0.446400,latest past sample; never future fill
E08,525.770300,HVP_packContNegativeState,0x20A,ECONOMIZED,525.323900,0.446400,latest past sample; never future fill
E08,525.770300,HVP_packContPositiveState,0x20A,ECONOMIZED,525.323900,0.446400,latest past sample; never future fill
E08,525.770300,PCS_dcdcMainState,0x224,STANDBY,525.673400,0.096900,latest past sample; never future fill
E08,525.770300,PCS_dcdc12VSupportStatus,0x224,ACTIVE,525.673400,0.096900,latest past sample; never future fill
E08,525.770300,PCS_dcdcLvBusVolt,0x2B4,12.617188,525.673800,0.096500,latest past sample; never future fill
E09,540.415500,VCLEFT_frontLatchStatus,0x102,CLOSED,540.317300,0.098200,latest past sample; never future fill
E09,540.415500,UI_readyForDrive,0x353,1,540.279700,0.135800,latest past sample; never future fill
E09,540.415500,BMS_hvState,0x212,DOWN,540.374700,0.040800,latest past sample; never future fill
E09,540.415500,BMS_contactorState,0x212,CLOSED,540.374700,0.040800,latest past sample; never future fill
E09,540.415500,BMS_packVoltage,0x132,353.48,540.407300,0.008200,latest past sample; never future fill
E09,540.415500,PCS_dcdcHvBusVolt,0x2B4,178.271484,540.372800,0.042700,latest past sample; never future fill
E09,540.415500,HVP_hvilStatus,0x20A,STATUS_OK,540.324000,0.091500,latest past sample; never future fill
E09,540.415500,HVP_packContNegativeState,0x20A,ECONOMIZED,540.324000,0.091500,latest past sample; never future fill
E09,540.415500,HVP_packContPositiveState,0x20A,ECONOMIZED,540.324000,0.091500,latest past sample; never future fill
E09,540.415500,PCS_dcdcMainState,0x224,STANDBY,540.372600,0.042900,latest past sample; never future fill
E09,540.415500,PCS_dcdc12VSupportStatus,0x224,ACTIVE,540.372600,0.042900,latest past sample; never future fill
E09,540.415500,PCS_dcdcLvBusVolt,0x2B4,12.695312,540.372800,0.042700,latest past sample; never future fill
E10,545.267000,VCLEFT_frontLatchStatus,0x102,CLOSED,545.217500,0.049500,latest past sample; never future fill
E10,545.267000,UI_readyForDrive,0x353,1,544.448600,0.818400,latest past sample; never future fill
E10,545.267000,BMS_hvState,0x212,DOWN,545.170600,0.096400,latest past sample; never future fill
E10,545.267000,BMS_contactorState,0x212,CLOSED,545.170600,0.096400,latest past sample; never future fill
E10,545.267000,BMS_packVoltage,0x132,353.4,545.257400,0.009600,latest past sample; never future fill
E10,545.267000,PCS_dcdcHvBusVolt,0x2B4,178.271484,545.173600,0.093400,latest past sample; never future fill
E10,545.267000,HVP_hvilStatus,0x20A,STATUS_OK,544.324000,0.943000,latest past sample; never future fill
E10,545.267000,HVP_packContNegativeState,0x20A,ECONOMIZED,544.324000,0.943000,latest past sample; never future fill
E10,545.267000,HVP_packContPositiveState,0x20A,ECONOMIZED,544.324000,0.943000,latest past sample; never future fill
E10,545.267000,PCS_dcdcMainState,0x224,STANDBY,545.173400,0.093600,latest past sample; never future fill
E10,545.267000,PCS_dcdc12VSupportStatus,0x224,ACTIVE,545.173400,0.093600,latest past sample; never future fill
E10,545.267000,PCS_dcdcLvBusVolt,0x2B4,12.8125,545.173600,0.093400,latest past sample; never future fill
E11,555.426200,VCLEFT_frontLatchStatus,0x102,CLOSED,555.418300,0.007900,latest past sample; never future fill
E11,555.426200,UI_readyForDrive,0x353,1,554.443500,0.982700,latest past sample; never future fill
E11,555.426200,BMS_hvState,0x212,DOWN,555.370800,0.055400,latest past sample; never future fill
E11,555.426200,BMS_contactorState,0x212,CLOSED,555.370800,0.055400,latest past sample; never future fill
E11,555.426200,BMS_packVoltage,0x132,353.41,555.417600,0.008600,latest past sample; never future fill
E11,555.426200,PCS_dcdcHvBusVolt,0x2B4,178.271484,555.373200,0.053000,latest past sample; never future fill
E11,555.426200,HVP_hvilStatus,0x20A,STATUS_OK,555.324000,0.102200,latest past sample; never future fill
E11,555.426200,HVP_packContNegativeState,0x20A,ECONOMIZED,555.324000,0.102200,latest past sample; never future fill
E11,555.426200,HVP_packContPositiveState,0x20A,ECONOMIZED,555.324000,0.102200,latest past sample; never future fill
E11,555.426200,PCS_dcdcMainState,0x224,STANDBY,555.372400,0.053800,latest past sample; never future fill
E11,555.426200,PCS_dcdc12VSupportStatus,0x224,ACTIVE,555.372400,0.053800,latest past sample; never future fill
E11,555.426200,PCS_dcdcLvBusVolt,0x2B4,12.773438,555.373200,0.053000,latest past sample; never future fill
E12,599.999600,VCLEFT_frontLatchStatus,0x102,CLOSED,599.921300,0.078300,latest past sample; never future fill
E12,599.999600,UI_readyForDrive,0x353,1,599.426200,0.573400,latest past sample; never future fill
E12,599.999600,BMS_hvState,0x212,DOWN,599.976200,0.023400,latest past sample; never future fill
E12,599.999600,BMS_contactorState,0x212,CLOSED,599.976200,0.023400,latest past sample; never future fill
E12,599.999600,BMS_packVoltage,0x132,353.36,599.998500,0.001100,latest past sample; never future fill
E12,599.999600,PCS_dcdcHvBusVolt,0x2B4,178.271484,599.970900,0.028700,latest past sample; never future fill
E12,599.999600,HVP_hvilStatus,0x20A,STATUS_OK,599.324500,0.675100,latest past sample; never future fill
E12,599.999600,HVP_packContNegativeState,0x20A,ECONOMIZED,599.324500,0.675100,latest past sample; never future fill
E12,599.999600,HVP_packContPositiveState,0x20A,ECONOMIZED,599.324500,0.675100,latest past sample; never future fill
E12,599.999600,PCS_dcdcMainState,0x224,STANDBY,599.970500,0.029100,latest past sample; never future fill
E12,599.999600,PCS_dcdc12VSupportStatus,0x224,ACTIVE,599.970500,0.029100,latest past sample; never future fill
E12,599.999600,PCS_dcdcLvBusVolt,0x2B4,12.929688,599.970900,0.028700,latest past sample; never future fill
